month,rank,char,opp,score
202601,40,A.K.I.,LILY,5.336
202601,40,A.K.I.,ZANGIEF,5.308
202601,40,A.K.I.,ED,5.294
202601,40,A.K.I.,ELENA,5.287
202601,40,A.K.I.,JAMIE,5.249
202601,40,A.K.I.,MAI,5.227
202601,40,A.K.I.,MARISA,5.207
202601,40,A.K.I.,RASHID,5.135
202601,40,A.K.I.,DEE JAY,5.128
202601,40,A.K.I.,CHUN-LI,5.093
202601,40,A.K.I.,E.HONDA,5.085
202601,40,A.K.I.,LUKE,5.076
202601,40,A.K.I.,RYU,5.011
202601,40,A.K.I.,SAGAT,5.009
202601,40,A.K.I.,KEN,4.98
202601,40,A.K.I.,BLANKA,4.979
202601,40,A.K.I.,TERRY,4.961
202601,40,A.K.I.,MANON,4.936
202601,40,A.K.I.,GOUKI,4.928
202601,40,A.K.I.,JURI,4.923
202601,40,A.K.I.,DHALSIM,4.898
202601,40,A.K.I.,CAMMY,4.893
202601,40,A.K.I.,C.VIPER,4.86
202601,40,A.K.I.,JP,4.838
202601,40,A.K.I.,VEGA,4.766
202601,40,A.K.I.,KIMBERLY,4.705
202601,40,A.K.I.,GUILE,4.624
202602,40,A.K.I.,ZANGIEF,5.325
202602,40,A.K.I.,ED,5.176
202602,40,A.K.I.,CHUN-LI,5.175
202602,40,A.K.I.,JAMIE,5.17
202602,40,A.K.I.,MAI,5.146
202602,40,A.K.I.,MANON,5.143
202602,40,A.K.I.,LUKE,5.111
202602,40,A.K.I.,RYU,5.083
202602,40,A.K.I.,DEE JAY,5.079
202602,40,A.K.I.,RASHID,5.056
202602,40,A.K.I.,LILY,5.049
202602,40,A.K.I.,KEN,5.04
202602,40,A.K.I.,MARISA,5.036
202602,40,A.K.I.,C.VIPER,5.015
202602,40,A.K.I.,ELENA,5.003
202602,40,A.K.I.,GOUKI,4.988
202602,40,A.K.I.,SAGAT,4.984
202602,40,A.K.I.,JURI,4.973
202602,40,A.K.I.,CAMMY,4.952
202602,40,A.K.I.,E.HONDA,4.939
202602,40,A.K.I.,TERRY,4.928
202602,40,A.K.I.,DHALSIM,4.915
202602,40,A.K.I.,BLANKA,4.902
202602,40,A.K.I.,JP,4.865
202602,40,A.K.I.,GUILE,4.707
202602,40,A.K.I.,VEGA,4.651
202602,40,A.K.I.,KIMBERLY,4.613
202603,40,A.K.I.,ED,5.359
202603,40,A.K.I.,ELENA,5.321
202603,40,A.K.I.,LILY,5.256
202603,40,A.K.I.,ZANGIEF,5.203
202603,40,A.K.I.,BLANKA,5.13
202603,40,A.K.I.,MARISA,5.129
202603,40,A.K.I.,RASHID,5.128
202603,40,A.K.I.,JAMIE,5.104
202603,40,A.K.I.,CHUN-LI,5.096
202603,40,A.K.I.,RYU,5.095
202603,40,A.K.I.,KEN,5.09
202603,40,A.K.I.,MAI,5.082
202603,40,A.K.I.,LUKE,5.046
202603,40,A.K.I.,MANON,5.029
202603,40,A.K.I.,JURI,5.018
202603,40,A.K.I.,DHALSIM,5.018
202603,40,A.K.I.,GOUKI,5.003
202603,40,A.K.I.,DEE JAY,4.96
202603,40,A.K.I.,C.VIPER,4.949
202603,40,A.K.I.,CAMMY,4.937
202603,40,A.K.I.,E.HONDA,4.93
202603,40,A.K.I.,JP,4.916
202603,40,A.K.I.,SAGAT,4.916
202603,40,A.K.I.,TERRY,4.893
202603,40,A.K.I.,ALEX,4.893
202603,40,A.K.I.,KIMBERLY,4.74
202603,40,A.K.I.,VEGA,4.709
202603,40,A.K.I.,GUILE,4.52
202604,40,A.K.I.,RASHID,5.215
202604,40,A.K.I.,ED,5.177
202604,40,A.K.I.,ZANGIEF,5.165
202604,40,A.K.I.,JAMIE,5.129
202604,40,A.K.I.,ELENA,5.123
202604,40,A.K.I.,LUKE,5.096
202604,40,A.K.I.,DEE JAY,5.084
202604,40,A.K.I.,ALEX,5.076
202604,40,A.K.I.,KEN,5.069
202604,40,A.K.I.,LILY,5.057
202604,40,A.K.I.,MANON,5.045
202604,40,A.K.I.,MAI,5.035
202604,40,A.K.I.,GOUKI,5.031
202604,40,A.K.I.,MARISA,5.021
202604,40,A.K.I.,JURI,4.992
202604,40,A.K.I.,E.HONDA,4.979
202604,40,A.K.I.,BLANKA,4.96
202604,40,A.K.I.,TERRY,4.96
202604,40,A.K.I.,RYU,4.956
202604,40,A.K.I.,SAGAT,4.949
202604,40,A.K.I.,C.VIPER,4.944
202604,40,A.K.I.,JP,4.896
202604,40,A.K.I.,CHUN-LI,4.852
202604,40,A.K.I.,VEGA,4.822
202604,40,A.K.I.,CAMMY,4.794
202604,40,A.K.I.,DHALSIM,4.733
202604,40,A.K.I.,GUILE,4.702
202604,40,A.K.I.,KIMBERLY,4.604
202605,40,A.K.I.,LILY,5.291
202605,40,A.K.I.,ZANGIEF,5.267
202605,40,A.K.I.,JAMIE,5.251
202605,40,A.K.I.,ED,5.229
202605,40,A.K.I.,CHUN-LI,5.119
202605,40,A.K.I.,LUKE,5.111
202605,40,A.K.I.,MAI,5.105
202605,40,A.K.I.,MARISA,5.071
202605,40,A.K.I.,RYU,5.058
202605,40,A.K.I.,JURI,5.055
202605,40,A.K.I.,ALEX,5.055
202605,40,A.K.I.,KEN,5.047
202605,40,A.K.I.,DEE JAY,5.03
202605,40,A.K.I.,MANON,5.011
202605,40,A.K.I.,RASHID,4.994
202605,40,A.K.I.,GOUKI,4.984
202605,40,A.K.I.,E.HONDA,4.975
202605,40,A.K.I.,TERRY,4.96
202605,40,A.K.I.,ELENA,4.947
202605,40,A.K.I.,CAMMY,4.92
202605,40,A.K.I.,C.VIPER,4.883
202605,40,A.K.I.,SAGAT,4.866
202605,40,A.K.I.,JP,4.788
202605,40,A.K.I.,BLANKA,4.766
202605,40,A.K.I.,VEGA,4.763
202605,40,A.K.I.,DHALSIM,4.714
202605,40,A.K.I.,GUILE,4.684
202605,40,A.K.I.,KIMBERLY,4.613
202605,40,A.K.I.,INGRID,4.513
202601,41,A.K.I.,ZANGIEF,5.348
202601,41,A.K.I.,LUKE,5.16
202601,41,A.K.I.,RASHID,5.146
202601,41,A.K.I.,E.HONDA,5.143
202601,41,A.K.I.,ED,5.129
202601,41,A.K.I.,KEN,5.128
202601,41,A.K.I.,DHALSIM,5.081
202601,41,A.K.I.,CHUN-LI,5.077
202601,41,A.K.I.,C.VIPER,5.07
202601,41,A.K.I.,CAMMY,5.067
202601,41,A.K.I.,ELENA,5.064
202601,41,A.K.I.,RYU,5.022
202601,41,A.K.I.,DEE JAY,5.021
202601,41,A.K.I.,SAGAT,5.013
202601,41,A.K.I.,JURI,5.006
202601,41,A.K.I.,GOUKI,4.988
202601,41,A.K.I.,MAI,4.963
202601,41,A.K.I.,MARISA,4.943
202601,41,A.K.I.,TERRY,4.932
202601,41,A.K.I.,LILY,4.897
202601,41,A.K.I.,JAMIE,4.883
202601,41,A.K.I.,MANON,4.839
202601,41,A.K.I.,BLANKA,4.805
202601,41,A.K.I.,JP,4.794
202601,41,A.K.I.,KIMBERLY,4.672
202601,41,A.K.I.,GUILE,4.656
202601,41,A.K.I.,VEGA,4.534
202602,41,A.K.I.,ED,5.22
202602,41,A.K.I.,ELENA,5.179
202602,41,A.K.I.,CHUN-LI,5.159
202602,41,A.K.I.,RYU,5.115
202602,41,A.K.I.,LILY,5.092
202602,41,A.K.I.,JAMIE,5.086
202602,41,A.K.I.,JURI,5.033
202602,41,A.K.I.,E.HONDA,5.027
202602,41,A.K.I.,RASHID,5.025
202602,41,A.K.I.,MARISA,5.004
202602,41,A.K.I.,MANON,5.003
202602,41,A.K.I.,ZANGIEF,4.99
202602,41,A.K.I.,C.VIPER,4.977
202602,41,A.K.I.,LUKE,4.973
202602,41,A.K.I.,CAMMY,4.963
202602,41,A.K.I.,MAI,4.954
202602,41,A.K.I.,BLANKA,4.903
202602,41,A.K.I.,KEN,4.898
202602,41,A.K.I.,DEE JAY,4.881
202602,41,A.K.I.,GOUKI,4.87
202602,41,A.K.I.,SAGAT,4.83
202602,41,A.K.I.,VEGA,4.798
202602,41,A.K.I.,JP,4.781
202602,41,A.K.I.,DHALSIM,4.692
202602,41,A.K.I.,TERRY,4.666
202602,41,A.K.I.,GUILE,4.656
202602,41,A.K.I.,KIMBERLY,4.588
202603,41,A.K.I.,ELENA,5.409
202603,41,A.K.I.,ED,5.352
202603,41,A.K.I.,JAMIE,5.259
202603,41,A.K.I.,E.HONDA,5.239
202603,41,A.K.I.,ZANGIEF,5.197
202603,41,A.K.I.,DEE JAY,5.184
202603,41,A.K.I.,LILY,5.162
202603,41,A.K.I.,SAGAT,5.137
202603,41,A.K.I.,KEN,5.132
202603,41,A.K.I.,RYU,5.091
202603,41,A.K.I.,JURI,5.069
202603,41,A.K.I.,CHUN-LI,5.06
202603,41,A.K.I.,RASHID,5.057
202603,41,A.K.I.,ALEX,5.035
202603,41,A.K.I.,LUKE,5.009
202603,41,A.K.I.,MARISA,4.98
202603,41,A.K.I.,MANON,4.96
202603,41,A.K.I.,CAMMY,4.954
202603,41,A.K.I.,C.VIPER,4.95
202603,41,A.K.I.,MAI,4.928
202603,41,A.K.I.,DHALSIM,4.901
202603,41,A.K.I.,GOUKI,4.865
202603,41,A.K.I.,VEGA,4.84
202603,41,A.K.I.,TERRY,4.827
202603,41,A.K.I.,JP,4.821
202603,41,A.K.I.,KIMBERLY,4.729
202603,41,A.K.I.,GUILE,4.679
202603,41,A.K.I.,BLANKA,4.631
202604,41,A.K.I.,E.HONDA,5.468
202604,41,A.K.I.,JAMIE,5.315
202604,41,A.K.I.,ZANGIEF,5.288
202604,41,A.K.I.,ED,5.163
202604,41,A.K.I.,RASHID,5.145
202604,41,A.K.I.,DEE JAY,5.142
202604,41,A.K.I.,ELENA,5.136
202604,41,A.K.I.,LUKE,5.118
202604,41,A.K.I.,SAGAT,5.102
202604,41,A.K.I.,CAMMY,5.077
202604,41,A.K.I.,RYU,5.064
202604,41,A.K.I.,JURI,5.051
202604,41,A.K.I.,MANON,5.042
202604,41,A.K.I.,KEN,5.028
202604,41,A.K.I.,ALEX,5.025
202604,41,A.K.I.,MAI,5.024
202604,41,A.K.I.,C.VIPER,5.006
202604,41,A.K.I.,GOUKI,4.986
202604,41,A.K.I.,CHUN-LI,4.965
202604,41,A.K.I.,MARISA,4.941
202604,41,A.K.I.,TERRY,4.93
202604,41,A.K.I.,LILY,4.911
202604,41,A.K.I.,KIMBERLY,4.848
202604,41,A.K.I.,BLANKA,4.794
202604,41,A.K.I.,VEGA,4.777
202604,41,A.K.I.,JP,4.741
202604,41,A.K.I.,DHALSIM,4.674
202604,41,A.K.I.,GUILE,4.61
202605,41,A.K.I.,LILY,5.343
202605,41,A.K.I.,ZANGIEF,5.279
202605,41,A.K.I.,ED,5.185
202605,41,A.K.I.,JURI,5.177
202605,41,A.K.I.,E.HONDA,5.164
202605,41,A.K.I.,DEE JAY,5.089
202605,41,A.K.I.,RYU,5.061
202605,41,A.K.I.,KEN,5.051
202605,41,A.K.I.,RASHID,5.038
202605,41,A.K.I.,JAMIE,5.029
202605,41,A.K.I.,LUKE,5.028
202605,41,A.K.I.,MAI,5.025
202605,41,A.K.I.,MARISA,5.002
202605,41,A.K.I.,BLANKA,4.998
202605,41,A.K.I.,ELENA,4.984
202605,41,A.K.I.,MANON,4.968
202605,41,A.K.I.,TERRY,4.966
202605,41,A.K.I.,DHALSIM,4.965
202605,41,A.K.I.,CAMMY,4.939
202605,41,A.K.I.,SAGAT,4.924
202605,41,A.K.I.,CHUN-LI,4.92
202605,41,A.K.I.,ALEX,4.89
202605,41,A.K.I.,GUILE,4.868
202605,41,A.K.I.,GOUKI,4.848
202605,41,A.K.I.,VEGA,4.823
202605,41,A.K.I.,C.VIPER,4.807
202605,41,A.K.I.,KIMBERLY,4.63
202605,41,A.K.I.,JP,4.621
202605,41,A.K.I.,INGRID,4.208
202601,42,A.K.I.,ZANGIEF,5.236
202601,42,A.K.I.,RASHID,5.223
202601,42,A.K.I.,LILY,5.2
202601,42,A.K.I.,ED,5.123
202601,42,A.K.I.,CAMMY,5.103
202601,42,A.K.I.,CHUN-LI,5.098
202601,42,A.K.I.,MARISA,5.094
202601,42,A.K.I.,MANON,5.076
202601,42,A.K.I.,RYU,5.071
202601,42,A.K.I.,E.HONDA,5.061
202601,42,A.K.I.,DEE JAY,5.048
202601,42,A.K.I.,JURI,5.027
202601,42,A.K.I.,MAI,5.016
202601,42,A.K.I.,LUKE,5.012
202601,42,A.K.I.,ELENA,5.009
202601,42,A.K.I.,JAMIE,5.003
202601,42,A.K.I.,KEN,4.996
202601,42,A.K.I.,SAGAT,4.942
202601,42,A.K.I.,DHALSIM,4.917
202601,42,A.K.I.,C.VIPER,4.899
202601,42,A.K.I.,BLANKA,4.893
202601,42,A.K.I.,GOUKI,4.833
202601,42,A.K.I.,TERRY,4.833
202601,42,A.K.I.,GUILE,4.788
202601,42,A.K.I.,KIMBERLY,4.739
202601,42,A.K.I.,VEGA,4.634
202601,42,A.K.I.,JP,4.63
202602,42,A.K.I.,JURI,5.322
202602,42,A.K.I.,LILY,5.293
202602,42,A.K.I.,ED,5.256
202602,42,A.K.I.,ZANGIEF,5.115
202602,42,A.K.I.,MARISA,5.099
202602,42,A.K.I.,CAMMY,5.078
202602,42,A.K.I.,KEN,5.026
202602,42,A.K.I.,DEE JAY,5.017
202602,42,A.K.I.,BLANKA,5.016
202602,42,A.K.I.,JAMIE,5.007
202602,42,A.K.I.,MAI,4.99
202602,42,A.K.I.,CHUN-LI,4.943
202602,42,A.K.I.,RYU,4.934
202602,42,A.K.I.,KIMBERLY,4.925
202602,42,A.K.I.,SAGAT,4.916
202602,42,A.K.I.,MANON,4.898
202602,42,A.K.I.,GOUKI,4.846
202602,42,A.K.I.,TERRY,4.803
202602,42,A.K.I.,E.HONDA,4.772
202602,42,A.K.I.,DHALSIM,4.754
202602,42,A.K.I.,LUKE,4.74
202602,42,A.K.I.,C.VIPER,4.71
202602,42,A.K.I.,JP,4.694
202602,42,A.K.I.,RASHID,4.683
202602,42,A.K.I.,VEGA,4.645
202602,42,A.K.I.,GUILE,4.642
202602,42,A.K.I.,ELENA,4.589
202603,42,A.K.I.,LILY,5.277
202603,42,A.K.I.,ED,5.232
202603,42,A.K.I.,E.HONDA,5.199
202603,42,A.K.I.,MANON,5.163
202603,42,A.K.I.,DEE JAY,5.063
202603,42,A.K.I.,MAI,5.049
202603,42,A.K.I.,JURI,5.047
202603,42,A.K.I.,CHUN-LI,5.008
202603,42,A.K.I.,KEN,4.992
202603,42,A.K.I.,JAMIE,4.976
202603,42,A.K.I.,SAGAT,4.972
202603,42,A.K.I.,RYU,4.971
202603,42,A.K.I.,LUKE,4.958
202603,42,A.K.I.,MARISA,4.907
202603,42,A.K.I.,ELENA,4.89
202603,42,A.K.I.,CAMMY,4.88
202603,42,A.K.I.,GUILE,4.85
202603,42,A.K.I.,DHALSIM,4.826
202603,42,A.K.I.,ZANGIEF,4.797
202603,42,A.K.I.,GOUKI,4.791
202603,42,A.K.I.,RASHID,4.788
202603,42,A.K.I.,C.VIPER,4.773
202603,42,A.K.I.,BLANKA,4.756
202603,42,A.K.I.,VEGA,4.664
202603,42,A.K.I.,ALEX,4.656
202603,42,A.K.I.,TERRY,4.652
202603,42,A.K.I.,JP,4.627
202603,42,A.K.I.,KIMBERLY,4.587
202604,42,A.K.I.,E.HONDA,5.274
202604,42,A.K.I.,DEE JAY,5.186
202604,42,A.K.I.,RASHID,5.115
202604,42,A.K.I.,MANON,5.113
202604,42,A.K.I.,JURI,5.113
202604,42,A.K.I.,LUKE,5.104
202604,42,A.K.I.,C.VIPER,5.095
202604,42,A.K.I.,MARISA,5.091
202604,42,A.K.I.,LILY,5.053
202604,42,A.K.I.,MAI,5.041
202604,42,A.K.I.,RYU,5.037
202604,42,A.K.I.,ELENA,5.032
202604,42,A.K.I.,KEN,5.024
202604,42,A.K.I.,DHALSIM,5.019
202604,42,A.K.I.,CHUN-LI,5.014
202604,42,A.K.I.,SAGAT,5.009
202604,42,A.K.I.,ALEX,4.995
202604,42,A.K.I.,ZANGIEF,4.988
202604,42,A.K.I.,ED,4.978
202604,42,A.K.I.,JAMIE,4.977
202604,42,A.K.I.,CAMMY,4.96
202604,42,A.K.I.,GOUKI,4.925
202604,42,A.K.I.,BLANKA,4.822
202604,42,A.K.I.,TERRY,4.782
202604,42,A.K.I.,JP,4.78
202604,42,A.K.I.,KIMBERLY,4.74
202604,42,A.K.I.,VEGA,4.644
202604,42,A.K.I.,GUILE,4.561
202605,42,A.K.I.,ZANGIEF,5.344
202605,42,A.K.I.,E.HONDA,5.183
202605,42,A.K.I.,C.VIPER,5.179
202605,42,A.K.I.,DEE JAY,5.108
202605,42,A.K.I.,KEN,5.068
202605,42,A.K.I.,ALEX,5.017
202605,42,A.K.I.,RASHID,4.985
202605,42,A.K.I.,SAGAT,4.978
202605,42,A.K.I.,JAMIE,4.96
202605,42,A.K.I.,MAI,4.945
202605,42,A.K.I.,ELENA,4.944
202605,42,A.K.I.,CHUN-LI,4.943
202605,42,A.K.I.,GUILE,4.932
202605,42,A.K.I.,LILY,4.912
202605,42,A.K.I.,LUKE,4.862
202605,42,A.K.I.,MANON,4.855
202605,42,A.K.I.,GOUKI,4.815
202605,42,A.K.I.,JP,4.795
202605,42,A.K.I.,KIMBERLY,4.728
202605,42,A.K.I.,CAMMY,4.726
202605,42,A.K.I.,RYU,4.719
202605,42,A.K.I.,ED,4.708
202605,42,A.K.I.,BLANKA,4.706
202605,42,A.K.I.,VEGA,4.675
202605,42,A.K.I.,MARISA,4.659
202605,42,A.K.I.,JURI,4.603
202605,42,A.K.I.,DHALSIM,4.603
202605,42,A.K.I.,INGRID,4.537
202605,42,A.K.I.,TERRY,4.484
202603,40,ALEX,DHALSIM,5.382
202603,40,ALEX,CHUN-LI,5.317
202603,40,ALEX,GOUKI,5.279
202603,40,ALEX,JP,5.243
202603,40,ALEX,SAGAT,5.243
202603,40,ALEX,KEN,5.161
202603,40,ALEX,VEGA,5.148
202603,40,ALEX,ED,5.146
202603,40,ALEX,ZANGIEF,5.133
202603,40,ALEX,RYU,5.13
202603,40,ALEX,C.VIPER,5.116
202603,40,ALEX,LILY,5.103
202603,40,ALEX,DEE JAY,5.094
202603,40,ALEX,ELENA,5.092
202603,40,ALEX,A.K.I.,5.088
202603,40,ALEX,CAMMY,5.062
202603,40,ALEX,RASHID,5.049
202603,40,ALEX,MARISA,5.042
202603,40,ALEX,MANON,5.04
202603,40,ALEX,BLANKA,5.013
202603,40,ALEX,TERRY,4.984
202603,40,ALEX,MAI,4.923
202603,40,ALEX,JURI,4.906
202603,40,ALEX,JAMIE,4.894
202603,40,ALEX,LUKE,4.886
202603,40,ALEX,KIMBERLY,4.867
202603,40,ALEX,E.HONDA,4.857
202603,40,ALEX,GUILE,4.749
202604,40,ALEX,DHALSIM,5.225
202604,40,ALEX,LILY,5.212
202604,40,ALEX,GOUKI,5.166
202604,40,ALEX,SAGAT,5.154
202604,40,ALEX,CHUN-LI,5.099
202604,40,ALEX,JP,5.072
202604,40,ALEX,CAMMY,5.071
202604,40,ALEX,VEGA,5.022
202604,40,ALEX,KEN,5.019
202604,40,ALEX,MANON,5.012
202604,40,ALEX,ZANGIEF,4.967
202604,40,ALEX,C.VIPER,4.94
202604,40,ALEX,A.K.I.,4.915
202604,40,ALEX,RASHID,4.891
202604,40,ALEX,MARISA,4.889
202604,40,ALEX,BLANKA,4.872
202604,40,ALEX,DEE JAY,4.87
202604,40,ALEX,ED,4.866
202604,40,ALEX,RYU,4.865
202604,40,ALEX,ELENA,4.833
202604,40,ALEX,TERRY,4.799
202604,40,ALEX,JAMIE,4.787
202604,40,ALEX,E.HONDA,4.745
202604,40,ALEX,LUKE,4.744
202604,40,ALEX,JURI,4.744
202604,40,ALEX,KIMBERLY,4.738
202604,40,ALEX,MAI,4.703
202604,40,ALEX,GUILE,4.545
202605,40,ALEX,DHALSIM,5.293
202605,40,ALEX,SAGAT,5.202
202605,40,ALEX,GOUKI,5.196
202605,40,ALEX,CHUN-LI,5.173
202605,40,ALEX,MANON,5.08
202605,40,ALEX,CAMMY,5.061
202605,40,ALEX,ZANGIEF,5.031
202605,40,ALEX,KEN,5.017
202605,40,ALEX,C.VIPER,4.999
202605,40,ALEX,JAMIE,4.998
202605,40,ALEX,LILY,4.968
202605,40,ALEX,VEGA,4.968
202605,40,ALEX,ED,4.963
202605,40,ALEX,A.K.I.,4.951
202605,40,ALEX,RYU,4.93
202605,40,ALEX,JP,4.916
202605,40,ALEX,ELENA,4.897
202605,40,ALEX,INGRID,4.879
202605,40,ALEX,DEE JAY,4.877
202605,40,ALEX,JURI,4.825
202605,40,ALEX,MARISA,4.783
202605,40,ALEX,TERRY,4.771
202605,40,ALEX,E.HONDA,4.757
202605,40,ALEX,RASHID,4.71
202605,40,ALEX,KIMBERLY,4.682
202605,40,ALEX,BLANKA,4.681
202605,40,ALEX,MAI,4.666
202605,40,ALEX,LUKE,4.602
202605,40,ALEX,GUILE,4.389
202603,41,ALEX,CHUN-LI,5.368
202603,41,ALEX,GOUKI,5.355
202603,41,ALEX,DHALSIM,5.333
202603,41,ALEX,SAGAT,5.249
202603,41,ALEX,KEN,5.218
202603,41,ALEX,RYU,5.18
202603,41,ALEX,C.VIPER,5.169
202603,41,ALEX,JP,5.162
202603,41,ALEX,CAMMY,5.161
202603,41,ALEX,RASHID,5.123
202603,41,ALEX,MARISA,5.116
202603,41,ALEX,LUKE,5.115
202603,41,ALEX,ED,5.111
202603,41,ALEX,MANON,5.092
202603,41,ALEX,LILY,5.08
202603,41,ALEX,ZANGIEF,5.072
202603,41,ALEX,VEGA,5.019
202603,41,ALEX,JAMIE,4.99
202603,41,ALEX,JURI,4.968
202603,41,ALEX,A.K.I.,4.964
202603,41,ALEX,DEE JAY,4.935
202603,41,ALEX,GUILE,4.857
202603,41,ALEX,BLANKA,4.83
202603,41,ALEX,E.HONDA,4.784
202603,41,ALEX,KIMBERLY,4.776
202603,41,ALEX,TERRY,4.773
202603,41,ALEX,MAI,4.752
202603,41,ALEX,ELENA,4.708
202604,41,ALEX,DHALSIM,5.482
202604,41,ALEX,CHUN-LI,5.298
202604,41,ALEX,SAGAT,5.143
202604,41,ALEX,C.VIPER,5.141
202604,41,ALEX,GOUKI,5.13
202604,41,ALEX,JP,5.129
202604,41,ALEX,KEN,5.098
202604,41,ALEX,CAMMY,5.067
202604,41,ALEX,MANON,5.027
202604,41,ALEX,A.K.I.,5.011
202604,41,ALEX,VEGA,4.997
202604,41,ALEX,LILY,4.972
202604,41,ALEX,ELENA,4.954
202604,41,ALEX,RYU,4.951
202604,41,ALEX,JURI,4.926
202604,41,ALEX,ED,4.887
202604,41,ALEX,MARISA,4.881
202604,41,ALEX,DEE JAY,4.88
202604,41,ALEX,JAMIE,4.879
202604,41,ALEX,ZANGIEF,4.868
202604,41,ALEX,TERRY,4.847
202604,41,ALEX,RASHID,4.839
202604,41,ALEX,LUKE,4.789
202604,41,ALEX,E.HONDA,4.786
202604,41,ALEX,KIMBERLY,4.697
202604,41,ALEX,MAI,4.609
202604,41,ALEX,BLANKA,4.606
202604,41,ALEX,GUILE,4.545
202605,41,ALEX,DHALSIM,5.357
202605,41,ALEX,CHUN-LI,5.337
202605,41,ALEX,LILY,5.23
202605,41,ALEX,GOUKI,5.189
202605,41,ALEX,SAGAT,5.15
202605,41,ALEX,CAMMY,5.12
202605,41,ALEX,RYU,5.115
202605,41,ALEX,A.K.I.,5.083
202605,41,ALEX,C.VIPER,5.034
202605,41,ALEX,MANON,5.029
202605,41,ALEX,KEN,4.998
202605,41,ALEX,JAMIE,4.987
202605,41,ALEX,VEGA,4.97
202605,41,ALEX,ELENA,4.904
202605,41,ALEX,ED,4.877
202605,41,ALEX,MARISA,4.862
202605,41,ALEX,JURI,4.854
202605,41,ALEX,INGRID,4.829
202605,41,ALEX,JP,4.813
202605,41,ALEX,E.HONDA,4.773
202605,41,ALEX,DEE JAY,4.747
202605,41,ALEX,TERRY,4.711
202605,41,ALEX,ZANGIEF,4.701
202605,41,ALEX,MAI,4.698
202605,41,ALEX,RASHID,4.663
202605,41,ALEX,KIMBERLY,4.607
202605,41,ALEX,LUKE,4.599
202605,41,ALEX,BLANKA,4.506
202605,41,ALEX,GUILE,4.454
202603,42,ALEX,GOUKI,5.367
202603,42,ALEX,CAMMY,5.348
202603,42,ALEX,DHALSIM,5.337
202603,42,ALEX,CHUN-LI,5.331
202603,42,ALEX,A.K.I.,5.314
202603,42,ALEX,RYU,5.242
202603,42,ALEX,C.VIPER,5.239
202603,42,ALEX,MANON,5.228
202603,42,ALEX,ZANGIEF,5.206
202603,42,ALEX,JP,5.199
202603,42,ALEX,KEN,5.142
202603,42,ALEX,JAMIE,5.14
202603,42,ALEX,JURI,5.12
202603,42,ALEX,ELENA,5.109
202603,42,ALEX,BLANKA,5.106
202603,42,ALEX,SAGAT,5.099
202603,42,ALEX,GUILE,5.09
202603,42,ALEX,ED,5.082
202603,42,ALEX,RASHID,5.035
202603,42,ALEX,LILY,5.026
202603,42,ALEX,LUKE,5.019
202603,42,ALEX,MARISA,4.936
202603,42,ALEX,VEGA,4.892
202603,42,ALEX,MAI,4.873
202603,42,ALEX,DEE JAY,4.812
202603,42,ALEX,KIMBERLY,4.805
202603,42,ALEX,TERRY,4.715
202603,42,ALEX,E.HONDA,4.672
202604,42,ALEX,DHALSIM,5.511
202604,42,ALEX,CHUN-LI,5.256
202604,42,ALEX,GOUKI,5.222
202604,42,ALEX,C.VIPER,5.206
202604,42,ALEX,MANON,5.19
202604,42,ALEX,SAGAT,5.147
202604,42,ALEX,RYU,5.073
202604,42,ALEX,CAMMY,5.067
202604,42,ALEX,ED,5.059
202604,42,ALEX,A.K.I.,5.041
202604,42,ALEX,LILY,5.031
202604,42,ALEX,KEN,5.025
202604,42,ALEX,ELENA,4.99
202604,42,ALEX,JURI,4.943
202604,42,ALEX,JP,4.938
202604,42,ALEX,JAMIE,4.916
202604,42,ALEX,RASHID,4.914
202604,42,ALEX,E.HONDA,4.906
202604,42,ALEX,MARISA,4.9
202604,42,ALEX,VEGA,4.865
202604,42,ALEX,TERRY,4.863
202604,42,ALEX,BLANKA,4.841
202604,42,ALEX,KIMBERLY,4.727
202604,42,ALEX,MAI,4.718
202604,42,ALEX,ZANGIEF,4.704
202604,42,ALEX,DEE JAY,4.685
202604,42,ALEX,LUKE,4.643
202604,42,ALEX,GUILE,4.631
202605,42,ALEX,C.VIPER,5.473
202605,42,ALEX,MANON,5.371
202605,42,ALEX,CHUN-LI,5.349
202605,42,ALEX,DHALSIM,5.318
202605,42,ALEX,CAMMY,5.309
202605,42,ALEX,GOUKI,5.216
202605,42,ALEX,SAGAT,5.211
202605,42,ALEX,LILY,5.204
202605,42,ALEX,ELENA,5.137
202605,42,ALEX,ZANGIEF,5.047
202605,42,ALEX,RYU,5.044
202605,42,ALEX,RASHID,5.025
202605,42,ALEX,JURI,5.024
202605,42,ALEX,JAMIE,4.983
202605,42,ALEX,JP,4.971
202605,42,ALEX,A.K.I.,4.967
202605,42,ALEX,DEE JAY,4.962
202605,42,ALEX,VEGA,4.933
202605,42,ALEX,TERRY,4.893
202605,42,ALEX,KEN,4.878
202605,42,ALEX,ED,4.805
202605,42,ALEX,E.HONDA,4.787
202605,42,ALEX,KIMBERLY,4.748
202605,42,ALEX,MARISA,4.7
202605,42,ALEX,GUILE,4.691
202605,42,ALEX,INGRID,4.649
202605,42,ALEX,MAI,4.605
202605,42,ALEX,LUKE,4.579
202605,42,ALEX,BLANKA,4.531
202601,40,BLANKA,LILY,5.686
202601,40,BLANKA,CAMMY,5.497
202601,40,BLANKA,ED,5.493
202601,40,BLANKA,MARISA,5.37
202601,40,BLANKA,KIMBERLY,5.367
202601,40,BLANKA,ZANGIEF,5.342
202601,40,BLANKA,DHALSIM,5.339
202601,40,BLANKA,ELENA,5.318
202601,40,BLANKA,JAMIE,5.294
202601,40,BLANKA,GOUKI,5.137
202601,40,BLANKA,CHUN-LI,5.094
202601,40,BLANKA,C.VIPER,5.091
202601,40,BLANKA,VEGA,5.076
202601,40,BLANKA,A.K.I.,5.044
202601,40,BLANKA,JURI,4.974
202601,40,BLANKA,MAI,4.974
202601,40,BLANKA,LUKE,4.945
202601,40,BLANKA,JP,4.927
202601,40,BLANKA,RYU,4.91
202601,40,BLANKA,RASHID,4.89
202601,40,BLANKA,KEN,4.873
202601,40,BLANKA,TERRY,4.868
202601,40,BLANKA,MANON,4.865
202601,40,BLANKA,SAGAT,4.816
202601,40,BLANKA,DEE JAY,4.775
202601,40,BLANKA,GUILE,4.403
202601,40,BLANKA,E.HONDA,4.159
202602,40,BLANKA,CAMMY,5.742
202602,40,BLANKA,LILY,5.689
202602,40,BLANKA,JAMIE,5.659
202602,40,BLANKA,ED,5.56
202602,40,BLANKA,KIMBERLY,5.386
202602,40,BLANKA,ZANGIEF,5.379
202602,40,BLANKA,MARISA,5.328
202602,40,BLANKA,DHALSIM,5.315
202602,40,BLANKA,MANON,5.205
202602,40,BLANKA,VEGA,5.186
202602,40,BLANKA,JURI,5.13
202602,40,BLANKA,A.K.I.,5.113
202602,40,BLANKA,GOUKI,5.075
202602,40,BLANKA,CHUN-LI,5.045
202602,40,BLANKA,LUKE,5.023
202602,40,BLANKA,ELENA,5.019
202602,40,BLANKA,TERRY,5.012
202602,40,BLANKA,C.VIPER,5.004
202602,40,BLANKA,JP,4.944
202602,40,BLANKA,GUILE,4.928
202602,40,BLANKA,MAI,4.928
202602,40,BLANKA,KEN,4.872
202602,40,BLANKA,RYU,4.846
202602,40,BLANKA,DEE JAY,4.837
202602,40,BLANKA,RASHID,4.831
202602,40,BLANKA,SAGAT,4.802
202602,40,BLANKA,E.HONDA,4.326
202603,40,BLANKA,DHALSIM,5.681
202603,40,BLANKA,CAMMY,5.56
202603,40,BLANKA,KIMBERLY,5.435
202603,40,BLANKA,LILY,5.408
202603,40,BLANKA,ED,5.347
202603,40,BLANKA,ZANGIEF,5.341
202603,40,BLANKA,ELENA,5.23
202603,40,BLANKA,MARISA,5.221
202603,40,BLANKA,JAMIE,5.177
202603,40,BLANKA,VEGA,5.079
202603,40,BLANKA,JURI,5.032
202603,40,BLANKA,MANON,5.023
202603,40,BLANKA,CHUN-LI,5.019
202603,40,BLANKA,ALEX,5.016
202603,40,BLANKA,GOUKI,4.992
202603,40,BLANKA,RYU,4.958
202603,40,BLANKA,JP,4.934
202603,40,BLANKA,TERRY,4.934
202603,40,BLANKA,C.VIPER,4.934
202603,40,BLANKA,MAI,4.923
202603,40,BLANKA,A.K.I.,4.912
202603,40,BLANKA,LUKE,4.902
202603,40,BLANKA,KEN,4.891
202603,40,BLANKA,SAGAT,4.772
202603,40,BLANKA,DEE JAY,4.702
202603,40,BLANKA,RASHID,4.656
202603,40,BLANKA,GUILE,4.3
202603,40,BLANKA,E.HONDA,4.224
202604,40,BLANKA,CAMMY,5.69
202604,40,BLANKA,ZANGIEF,5.456
202604,40,BLANKA,ED,5.421
202604,40,BLANKA,JAMIE,5.393
202604,40,BLANKA,LILY,5.382
202604,40,BLANKA,MANON,5.33
202604,40,BLANKA,KIMBERLY,5.323
202604,40,BLANKA,ELENA,5.292
202604,40,BLANKA,DHALSIM,5.289
202604,40,BLANKA,MARISA,5.202
202604,40,BLANKA,ALEX,5.139
202604,40,BLANKA,TERRY,5.069
202604,40,BLANKA,GOUKI,5.044
202604,40,BLANKA,A.K.I.,5.04
202604,40,BLANKA,LUKE,4.999
202604,40,BLANKA,MAI,4.98
202604,40,BLANKA,JURI,4.977
202604,40,BLANKA,VEGA,4.971
202604,40,BLANKA,CHUN-LI,4.952
202604,40,BLANKA,JP,4.935
202604,40,BLANKA,RASHID,4.909
202604,40,BLANKA,RYU,4.908
202604,40,BLANKA,KEN,4.862
202604,40,BLANKA,C.VIPER,4.857
202604,40,BLANKA,SAGAT,4.631
202604,40,BLANKA,DEE JAY,4.616
202604,40,BLANKA,GUILE,4.479
202604,40,BLANKA,E.HONDA,4.084
202605,40,BLANKA,CAMMY,5.763
202605,40,BLANKA,KIMBERLY,5.436
202605,40,BLANKA,JAMIE,5.406
202605,40,BLANKA,DHALSIM,5.404
202605,40,BLANKA,LILY,5.375
202605,40,BLANKA,MARISA,5.366
202605,40,BLANKA,ALEX,5.349
202605,40,BLANKA,ED,5.327
202605,40,BLANKA,C.VIPER,5.236
202605,40,BLANKA,ZANGIEF,5.223
202605,40,BLANKA,A.K.I.,5.219
202605,40,BLANKA,ELENA,5.192
202605,40,BLANKA,JURI,5.174
202605,40,BLANKA,CHUN-LI,5.134
202605,40,BLANKA,LUKE,5.119
202605,40,BLANKA,GOUKI,5.097
202605,40,BLANKA,VEGA,5.068
202605,40,BLANKA,MANON,5.032
202605,40,BLANKA,MAI,4.944
202605,40,BLANKA,JP,4.897
202605,40,BLANKA,RYU,4.886
202605,40,BLANKA,KEN,4.883
202605,40,BLANKA,DEE JAY,4.863
202605,40,BLANKA,RASHID,4.855
202605,40,BLANKA,SAGAT,4.801
202605,40,BLANKA,TERRY,4.773
202605,40,BLANKA,INGRID,4.68
202605,40,BLANKA,GUILE,4.468
202605,40,BLANKA,E.HONDA,4.276
202601,41,BLANKA,JAMIE,5.542
202601,41,BLANKA,LILY,5.511
202601,41,BLANKA,KIMBERLY,5.492
202601,41,BLANKA,ED,5.489
202601,41,BLANKA,CAMMY,5.487
202601,41,BLANKA,DHALSIM,5.372
202601,41,BLANKA,MARISA,5.36
202601,41,BLANKA,A.K.I.,5.227
202601,41,BLANKA,CHUN-LI,5.212
202601,41,BLANKA,GOUKI,5.175
202601,41,BLANKA,ZANGIEF,5.173
202601,41,BLANKA,JURI,5.159
202601,41,BLANKA,KEN,5.04
202601,41,BLANKA,ELENA,5.038
202601,41,BLANKA,MANON,5.022
202601,41,BLANKA,VEGA,5.005
202601,41,BLANKA,MAI,4.983
202601,41,BLANKA,RYU,4.958
202601,41,BLANKA,JP,4.943
202601,41,BLANKA,TERRY,4.936
202601,41,BLANKA,LUKE,4.893
202601,41,BLANKA,RASHID,4.883
202601,41,BLANKA,C.VIPER,4.794
202601,41,BLANKA,DEE JAY,4.791
202601,41,BLANKA,SAGAT,4.715
202601,41,BLANKA,GUILE,4.214
202601,41,BLANKA,E.HONDA,4.119
202602,41,BLANKA,CAMMY,5.659
202602,41,BLANKA,LILY,5.597
202602,41,BLANKA,DHALSIM,5.524
202602,41,BLANKA,JAMIE,5.495
202602,41,BLANKA,KIMBERLY,5.49
202602,41,BLANKA,ZANGIEF,5.331
202602,41,BLANKA,ED,5.24
202602,41,BLANKA,MARISA,5.184
202602,41,BLANKA,MAI,5.163
202602,41,BLANKA,VEGA,5.133
202602,41,BLANKA,A.K.I.,5.118
202602,41,BLANKA,JURI,5.114
202602,41,BLANKA,MANON,5.107
202602,41,BLANKA,C.VIPER,5.06
202602,41,BLANKA,DEE JAY,5.011
202602,41,BLANKA,CHUN-LI,4.99
202602,41,BLANKA,TERRY,4.973
202602,41,BLANKA,GOUKI,4.939
202602,41,BLANKA,KEN,4.936
202602,41,BLANKA,LUKE,4.927
202602,41,BLANKA,ELENA,4.919
202602,41,BLANKA,RASHID,4.874
202602,41,BLANKA,GUILE,4.836
202602,41,BLANKA,RYU,4.801
202602,41,BLANKA,JP,4.698
202602,41,BLANKA,SAGAT,4.492
202602,41,BLANKA,E.HONDA,4.411
202603,41,BLANKA,LILY,5.733
202603,41,BLANKA,CAMMY,5.629
202603,41,BLANKA,ED,5.586
202603,41,BLANKA,JAMIE,5.491
202603,41,BLANKA,MARISA,5.416
202603,41,BLANKA,KIMBERLY,5.389
202603,41,BLANKA,A.K.I.,5.375
202603,41,BLANKA,DHALSIM,5.365
202603,41,BLANKA,MANON,5.266
202603,41,BLANKA,MAI,5.261
202603,41,BLANKA,ZANGIEF,5.253
202603,41,BLANKA,CHUN-LI,5.126
202603,41,BLANKA,JURI,5.122
202603,41,BLANKA,VEGA,5.118
202603,41,BLANKA,ALEX,5.116
202603,41,BLANKA,RASHID,5.076
202603,41,BLANKA,C.VIPER,5.048
202603,41,BLANKA,ELENA,5.034
202603,41,BLANKA,LUKE,4.992
202603,41,BLANKA,RYU,4.991
202603,41,BLANKA,DEE JAY,4.982
202603,41,BLANKA,TERRY,4.953
202603,41,BLANKA,GOUKI,4.902
202603,41,BLANKA,JP,4.875
202603,41,BLANKA,KEN,4.873
202603,41,BLANKA,SAGAT,4.772
202603,41,BLANKA,GUILE,4.542
202603,41,BLANKA,E.HONDA,4.469
202604,41,BLANKA,DHALSIM,5.683
202604,41,BLANKA,ED,5.653
202604,41,BLANKA,CAMMY,5.566
202604,41,BLANKA,KIMBERLY,5.426
202604,41,BLANKA,ALEX,5.374
202604,41,BLANKA,JAMIE,5.357
202604,41,BLANKA,JURI,5.292
202604,41,BLANKA,ZANGIEF,5.262
202604,41,BLANKA,LILY,5.257
202604,41,BLANKA,CHUN-LI,5.224
202604,41,BLANKA,MARISA,5.157
202604,41,BLANKA,A.K.I.,5.131
202604,41,BLANKA,MANON,5.079
202604,41,BLANKA,MAI,5.075
202604,41,BLANKA,C.VIPER,5.073
202604,41,BLANKA,GOUKI,5.048
202604,41,BLANKA,ELENA,5.043
202604,41,BLANKA,VEGA,5.04
202604,41,BLANKA,LUKE,4.994
202604,41,BLANKA,DEE JAY,4.979
202604,41,BLANKA,RASHID,4.975
202604,41,BLANKA,RYU,4.937
202604,41,BLANKA,KEN,4.804
202604,41,BLANKA,JP,4.738
202604,41,BLANKA,TERRY,4.714
202604,41,BLANKA,SAGAT,4.709
202604,41,BLANKA,GUILE,4.397
202604,41,BLANKA,E.HONDA,4.128
202605,41,BLANKA,ED,5.545
202605,41,BLANKA,DHALSIM,5.541
202605,41,BLANKA,MARISA,5.537
202605,41,BLANKA,CAMMY,5.477
202605,41,BLANKA,LILY,5.456
202605,41,BLANKA,KIMBERLY,5.448
202605,41,BLANKA,JAMIE,5.415
202605,41,BLANKA,ALEX,5.386
202605,41,BLANKA,JURI,5.244
202605,41,BLANKA,VEGA,5.236
202605,41,BLANKA,DEE JAY,5.219
202605,41,BLANKA,C.VIPER,5.161
202605,41,BLANKA,MANON,5.151
202605,41,BLANKA,GOUKI,5.103
202605,41,BLANKA,ZANGIEF,5.045
202605,41,BLANKA,TERRY,5.037
202605,41,BLANKA,A.K.I.,5.025
202605,41,BLANKA,LUKE,4.972
202605,41,BLANKA,CHUN-LI,4.933
202605,41,BLANKA,KEN,4.886
202605,41,BLANKA,JP,4.825
202605,41,BLANKA,RYU,4.825
202605,41,BLANKA,MAI,4.825
202605,41,BLANKA,ELENA,4.776
202605,41,BLANKA,GUILE,4.757
202605,41,BLANKA,INGRID,4.728
202605,41,BLANKA,RASHID,4.67
202605,41,BLANKA,SAGAT,4.637
202605,41,BLANKA,E.HONDA,4.458
202601,42,BLANKA,DHALSIM,5.71
202601,42,BLANKA,LILY,5.505
202601,42,BLANKA,CAMMY,5.457
202601,42,BLANKA,JAMIE,5.38
202601,42,BLANKA,KIMBERLY,5.298
202601,42,BLANKA,MARISA,5.264
202601,42,BLANKA,VEGA,5.257
202601,42,BLANKA,ED,5.2
202601,42,BLANKA,CHUN-LI,5.197
202601,42,BLANKA,C.VIPER,5.164
202601,42,BLANKA,A.K.I.,5.133
202601,42,BLANKA,MANON,5.079
202601,42,BLANKA,DEE JAY,5.04
202601,42,BLANKA,LUKE,5.032
202601,42,BLANKA,ELENA,4.986
202601,42,BLANKA,MAI,4.984
202601,42,BLANKA,TERRY,4.949
202601,42,BLANKA,JURI,4.933
202601,42,BLANKA,GOUKI,4.902
202601,42,BLANKA,KEN,4.868
202601,42,BLANKA,ZANGIEF,4.853
202601,42,BLANKA,RASHID,4.836
202601,42,BLANKA,RYU,4.823
202601,42,BLANKA,JP,4.8
202601,42,BLANKA,SAGAT,4.705
202601,42,BLANKA,E.HONDA,4.617
202601,42,BLANKA,GUILE,4.557
202602,42,BLANKA,CAMMY,5.588
202602,42,BLANKA,JAMIE,5.547
202602,42,BLANKA,LILY,5.524
202602,42,BLANKA,KIMBERLY,5.487
202602,42,BLANKA,DHALSIM,5.223
202602,42,BLANKA,TERRY,5.167
202602,42,BLANKA,MARISA,5.151
202602,42,BLANKA,ED,5.121
202602,42,BLANKA,GUILE,5.101
202602,42,BLANKA,ZANGIEF,5.081
202602,42,BLANKA,GOUKI,5.07
202602,42,BLANKA,CHUN-LI,5.021
202602,42,BLANKA,JURI,5.019
202602,42,BLANKA,MANON,5.005
202602,42,BLANKA,MAI,4.973
202602,42,BLANKA,VEGA,4.967
202602,42,BLANKA,RASHID,4.932
202602,42,BLANKA,ELENA,4.929
202602,42,BLANKA,A.K.I.,4.896
202602,42,BLANKA,C.VIPER,4.893
202602,42,BLANKA,SAGAT,4.891
202602,42,BLANKA,JP,4.802
202602,42,BLANKA,LUKE,4.775
202602,42,BLANKA,DEE JAY,4.745
202602,42,BLANKA,E.HONDA,4.734
202602,42,BLANKA,KEN,4.717
202602,42,BLANKA,RYU,4.596
202603,42,BLANKA,CAMMY,5.482
202603,42,BLANKA,DHALSIM,5.452
202603,42,BLANKA,LILY,5.372
202603,42,BLANKA,KIMBERLY,5.253
202603,42,BLANKA,MANON,5.245
202603,42,BLANKA,A.K.I.,5.23
202603,42,BLANKA,MARISA,5.205
202603,42,BLANKA,VEGA,5.063
202603,42,BLANKA,JAMIE,5.048
202603,42,BLANKA,ED,5.011
202603,42,BLANKA,GOUKI,4.985
202603,42,BLANKA,CHUN-LI,4.968
202603,42,BLANKA,C.VIPER,4.961
202603,42,BLANKA,LUKE,4.946
202603,42,BLANKA,JURI,4.938
202603,42,BLANKA,ELENA,4.919
202603,42,BLANKA,JP,4.913
202603,42,BLANKA,RASHID,4.897
202603,42,BLANKA,DEE JAY,4.896
202603,42,BLANKA,ALEX,4.891
202603,42,BLANKA,KEN,4.815
202603,42,BLANKA,ZANGIEF,4.726
202603,42,BLANKA,SAGAT,4.701
202603,42,BLANKA,TERRY,4.698
202603,42,BLANKA,RYU,4.696
202603,42,BLANKA,E.HONDA,4.693
202603,42,BLANKA,MAI,4.671
202603,42,BLANKA,GUILE,4.645
202604,42,BLANKA,LILY,5.543
202604,42,BLANKA,CAMMY,5.506
202604,42,BLANKA,DHALSIM,5.435
202604,42,BLANKA,JAMIE,5.369
202604,42,BLANKA,KIMBERLY,5.259
202604,42,BLANKA,MARISA,5.153
202604,42,BLANKA,ALEX,5.152
202604,42,BLANKA,VEGA,5.143
202604,42,BLANKA,A.K.I.,5.137
202604,42,BLANKA,LUKE,5.105
202604,42,BLANKA,C.VIPER,5.053
202604,42,BLANKA,ELENA,5.011
202604,42,BLANKA,MAI,4.959
202604,42,BLANKA,CHUN-LI,4.958
202604,42,BLANKA,RASHID,4.95
202604,42,BLANKA,MANON,4.944
202604,42,BLANKA,ED,4.94
202604,42,BLANKA,GOUKI,4.916
202604,42,BLANKA,JP,4.911
202604,42,BLANKA,TERRY,4.911
202604,42,BLANKA,JURI,4.906
202604,42,BLANKA,DEE JAY,4.882
202604,42,BLANKA,ZANGIEF,4.881
202604,42,BLANKA,KEN,4.78
202604,42,BLANKA,RYU,4.711
202604,42,BLANKA,GUILE,4.685
202604,42,BLANKA,SAGAT,4.683
202604,42,BLANKA,E.HONDA,4.302
202605,42,BLANKA,ALEX,5.596
202605,42,BLANKA,ED,5.49
202605,42,BLANKA,A.K.I.,5.35
202605,42,BLANKA,DHALSIM,5.337
202605,42,BLANKA,CAMMY,5.293
202605,42,BLANKA,JAMIE,5.29
202605,42,BLANKA,C.VIPER,5.218
202605,42,BLANKA,LILY,5.201
202605,42,BLANKA,RASHID,5.176
202605,42,BLANKA,KIMBERLY,5.137
202605,42,BLANKA,LUKE,5.026
202605,42,BLANKA,ELENA,4.996
202605,42,BLANKA,DEE JAY,4.954
202605,42,BLANKA,MARISA,4.932
202605,42,BLANKA,MAI,4.912
202605,42,BLANKA,GOUKI,4.892
202605,42,BLANKA,VEGA,4.864
202605,42,BLANKA,INGRID,4.851
202605,42,BLANKA,MANON,4.756
202605,42,BLANKA,CHUN-LI,4.754
202605,42,BLANKA,JP,4.722
202605,42,BLANKA,RYU,4.718
202605,42,BLANKA,GUILE,4.694
202605,42,BLANKA,ZANGIEF,4.69
202605,42,BLANKA,KEN,4.675
202605,42,BLANKA,JURI,4.639
202605,42,BLANKA,TERRY,4.569
202605,42,BLANKA,SAGAT,4.525
202605,42,BLANKA,E.HONDA,4.385
202601,40,CAMMY,DHALSIM,5.576
202601,40,CAMMY,GOUKI,5.456
202601,40,CAMMY,GUILE,5.384
202601,40,CAMMY,RASHID,5.331
202601,40,CAMMY,RYU,5.198
202601,40,CAMMY,JP,5.163
202601,40,CAMMY,CHUN-LI,5.159
202601,40,CAMMY,VEGA,5.114
202601,40,CAMMY,MAI,5.108
202601,40,CAMMY,A.K.I.,5.102
202601,40,CAMMY,ELENA,5.094
202601,40,CAMMY,ED,5.066
202601,40,CAMMY,KEN,5.027
202601,40,CAMMY,TERRY,5.01
202601,40,CAMMY,SAGAT,5.003
202601,40,CAMMY,LILY,4.994
202601,40,CAMMY,LUKE,4.972
202601,40,CAMMY,JURI,4.92
202601,40,CAMMY,KIMBERLY,4.914
202601,40,CAMMY,MANON,4.841
202601,40,CAMMY,ZANGIEF,4.785
202601,40,CAMMY,C.VIPER,4.772
202601,40,CAMMY,DEE JAY,4.742
202601,40,CAMMY,MARISA,4.717
202601,40,CAMMY,JAMIE,4.691
202601,40,CAMMY,BLANKA,4.463
202601,40,CAMMY,E.HONDA,4.421
202602,40,CAMMY,GOUKI,5.506
202602,40,CAMMY,DHALSIM,5.296
202602,40,CAMMY,RYU,5.286
202602,40,CAMMY,RASHID,5.166
202602,40,CAMMY,CHUN-LI,5.161
202602,40,CAMMY,GUILE,5.151
202602,40,CAMMY,JP,5.145
202602,40,CAMMY,KEN,5.082
202602,40,CAMMY,MAI,5.071
202602,40,CAMMY,VEGA,5.068
202602,40,CAMMY,ELENA,5.05
202602,40,CAMMY,A.K.I.,5.035
202602,40,CAMMY,ED,5.024
202602,40,CAMMY,TERRY,4.991
202602,40,CAMMY,SAGAT,4.987
202602,40,CAMMY,LUKE,4.925
202602,40,CAMMY,JURI,4.91
202602,40,CAMMY,KIMBERLY,4.882
202602,40,CAMMY,MANON,4.828
202602,40,CAMMY,JAMIE,4.795
202602,40,CAMMY,LILY,4.773
202602,40,CAMMY,ZANGIEF,4.74
202602,40,CAMMY,C.VIPER,4.709
202602,40,CAMMY,DEE JAY,4.686
202602,40,CAMMY,MARISA,4.682
202602,40,CAMMY,E.HONDA,4.45
202602,40,CAMMY,BLANKA,4.302
202603,40,CAMMY,GOUKI,5.407
202603,40,CAMMY,GUILE,5.311
202603,40,CAMMY,DHALSIM,5.306
202603,40,CAMMY,CHUN-LI,5.206
202603,40,CAMMY,ELENA,5.205
202603,40,CAMMY,RYU,5.195
202603,40,CAMMY,JP,5.188
202603,40,CAMMY,VEGA,5.121
202603,40,CAMMY,MAI,5.097
202603,40,CAMMY,LUKE,5.069
202603,40,CAMMY,ED,5.067
202603,40,CAMMY,KEN,5.06
202603,40,CAMMY,A.K.I.,5.06
202603,40,CAMMY,RASHID,5.056
202603,40,CAMMY,SAGAT,5.054
202603,40,CAMMY,TERRY,5.028
202603,40,CAMMY,JURI,4.987
202603,40,CAMMY,KIMBERLY,4.956
202603,40,CAMMY,ALEX,4.948
202603,40,CAMMY,LILY,4.841
202603,40,CAMMY,MANON,4.813
202603,40,CAMMY,MARISA,4.784
202603,40,CAMMY,ZANGIEF,4.743
202603,40,CAMMY,DEE JAY,4.74
202603,40,CAMMY,C.VIPER,4.734
202603,40,CAMMY,JAMIE,4.727
202603,40,CAMMY,E.HONDA,4.458
202603,40,CAMMY,BLANKA,4.438
202604,40,CAMMY,GOUKI,5.482
202604,40,CAMMY,RYU,5.315
202604,40,CAMMY,JP,5.277
202604,40,CAMMY,RASHID,5.212
202604,40,CAMMY,GUILE,5.201
202604,40,CAMMY,A.K.I.,5.2
202604,40,CAMMY,ELENA,5.198
202604,40,CAMMY,DHALSIM,5.196
202604,40,CAMMY,CHUN-LI,5.181
202604,40,CAMMY,VEGA,5.119
202604,40,CAMMY,MAI,5.089
202604,40,CAMMY,LUKE,5.085
202604,40,CAMMY,ED,5.085
202604,40,CAMMY,KEN,5.034
202604,40,CAMMY,TERRY,5.018
202604,40,CAMMY,SAGAT,4.985
202604,40,CAMMY,JURI,4.93
202604,40,CAMMY,ALEX,4.927
202604,40,CAMMY,MANON,4.921
202604,40,CAMMY,KIMBERLY,4.862
202604,40,CAMMY,JAMIE,4.791
202604,40,CAMMY,ZANGIEF,4.727
202604,40,CAMMY,C.VIPER,4.721
202604,40,CAMMY,LILY,4.715
202604,40,CAMMY,DEE JAY,4.649
202604,40,CAMMY,MARISA,4.617
202604,40,CAMMY,E.HONDA,4.434
202604,40,CAMMY,BLANKA,4.327
202605,40,CAMMY,GOUKI,5.399
202605,40,CAMMY,DHALSIM,5.311
202605,40,CAMMY,RYU,5.259
202605,40,CAMMY,GUILE,5.2
202605,40,CAMMY,JP,5.183
202605,40,CAMMY,CHUN-LI,5.164
202605,40,CAMMY,VEGA,5.103
202605,40,CAMMY,ELENA,5.096
202605,40,CAMMY,TERRY,5.06
202605,40,CAMMY,RASHID,5.057
202605,40,CAMMY,A.K.I.,5.054
202605,40,CAMMY,JURI,5.022
202605,40,CAMMY,SAGAT,5.019
202605,40,CAMMY,ED,4.996
202605,40,CAMMY,MANON,4.965
202605,40,CAMMY,KEN,4.96
202605,40,CAMMY,LUKE,4.959
202605,40,CAMMY,MAI,4.942
202605,40,CAMMY,ALEX,4.913
202605,40,CAMMY,KIMBERLY,4.89
202605,40,CAMMY,INGRID,4.85
202605,40,CAMMY,MARISA,4.811
202605,40,CAMMY,LILY,4.811
202605,40,CAMMY,JAMIE,4.774
202605,40,CAMMY,C.VIPER,4.731
202605,40,CAMMY,ZANGIEF,4.696
202605,40,CAMMY,E.HONDA,4.629
202605,40,CAMMY,DEE JAY,4.618
202605,40,CAMMY,BLANKA,4.207
202601,41,CAMMY,GOUKI,5.488
202601,41,CAMMY,DHALSIM,5.327
202601,41,CAMMY,RASHID,5.195
202601,41,CAMMY,GUILE,5.164
202601,41,CAMMY,RYU,5.141
202601,41,CAMMY,JP,5.109
202601,41,CAMMY,KEN,5.091
202601,41,CAMMY,KIMBERLY,5.079
202601,41,CAMMY,CHUN-LI,5.07
202601,41,CAMMY,VEGA,5.055
202601,41,CAMMY,ED,5.049
202601,41,CAMMY,ELENA,5.026
202601,41,CAMMY,JURI,5.013
202601,41,CAMMY,MAI,5.013
202601,41,CAMMY,TERRY,4.98
202601,41,CAMMY,SAGAT,4.976
202601,41,CAMMY,LUKE,4.967
202601,41,CAMMY,A.K.I.,4.941
202601,41,CAMMY,JAMIE,4.868
202601,41,CAMMY,ZANGIEF,4.794
202601,41,CAMMY,MARISA,4.744
202601,41,CAMMY,C.VIPER,4.732
202601,41,CAMMY,LILY,4.729
202601,41,CAMMY,MANON,4.727
202601,41,CAMMY,DEE JAY,4.564
202601,41,CAMMY,BLANKA,4.464
202601,41,CAMMY,E.HONDA,4.266
202602,41,CAMMY,GOUKI,5.568
202602,41,CAMMY,GUILE,5.559
202602,41,CAMMY,DHALSIM,5.478
202602,41,CAMMY,RYU,5.215
202602,41,CAMMY,VEGA,5.214
202602,41,CAMMY,LILY,5.208
202602,41,CAMMY,ELENA,5.174
202602,41,CAMMY,KEN,5.134
202602,41,CAMMY,LUKE,5.126
202602,41,CAMMY,A.K.I.,5.115
202602,41,CAMMY,RASHID,5.083
202602,41,CAMMY,TERRY,5.074
202602,41,CAMMY,CHUN-LI,5.043
202602,41,CAMMY,JURI,5.029
202602,41,CAMMY,JAMIE,5.002
202602,41,CAMMY,JP,4.968
202602,41,CAMMY,SAGAT,4.93
202602,41,CAMMY,ED,4.91
202602,41,CAMMY,MAI,4.893
202602,41,CAMMY,C.VIPER,4.849
202602,41,CAMMY,KIMBERLY,4.847
202602,41,CAMMY,MANON,4.845
202602,41,CAMMY,ZANGIEF,4.789
202602,41,CAMMY,E.HONDA,4.58
202602,41,CAMMY,DEE JAY,4.545
202602,41,CAMMY,MARISA,4.536
202602,41,CAMMY,BLANKA,4.34
202603,41,CAMMY,DHALSIM,5.663
202603,41,CAMMY,GOUKI,5.561
202603,41,CAMMY,RYU,5.296
202603,41,CAMMY,GUILE,5.226
202603,41,CAMMY,JP,5.19
202603,41,CAMMY,CHUN-LI,5.175
202603,41,CAMMY,RASHID,5.158
202603,41,CAMMY,ED,5.148
202603,41,CAMMY,KEN,5.137
202603,41,CAMMY,VEGA,5.114
202603,41,CAMMY,MAI,5.064
202603,41,CAMMY,A.K.I.,5.035
202603,41,CAMMY,ELENA,5.025
202603,41,CAMMY,KIMBERLY,4.993
202603,41,CAMMY,TERRY,4.95
202603,41,CAMMY,LUKE,4.924
202603,41,CAMMY,SAGAT,4.884
202603,41,CAMMY,JURI,4.872
202603,41,CAMMY,JAMIE,4.844
202603,41,CAMMY,ALEX,4.822
202603,41,CAMMY,MANON,4.79
202603,41,CAMMY,DEE JAY,4.706
202603,41,CAMMY,MARISA,4.679
202603,41,CAMMY,C.VIPER,4.672
202603,41,CAMMY,ZANGIEF,4.623
202603,41,CAMMY,LILY,4.537
202603,41,CAMMY,BLANKA,4.407
202603,41,CAMMY,E.HONDA,4.353
202604,41,CAMMY,GOUKI,5.486
202604,41,CAMMY,DHALSIM,5.466
202604,41,CAMMY,GUILE,5.272
202604,41,CAMMY,RYU,5.17
202604,41,CAMMY,JP,5.156
202604,41,CAMMY,ELENA,5.144
202604,41,CAMMY,ED,5.142
202604,41,CAMMY,KEN,5.14
202604,41,CAMMY,CHUN-LI,5.075
202604,41,CAMMY,VEGA,5.06
202604,41,CAMMY,MAI,5.036
202604,41,CAMMY,LUKE,5.033
202604,41,CAMMY,SAGAT,5.03
202604,41,CAMMY,TERRY,5.015
202604,41,CAMMY,RASHID,5.007
202604,41,CAMMY,A.K.I.,4.981
202604,41,CAMMY,JURI,4.972
202604,41,CAMMY,ALEX,4.961
202604,41,CAMMY,MARISA,4.896
202604,41,CAMMY,KIMBERLY,4.889
202604,41,CAMMY,LILY,4.884
202604,41,CAMMY,MANON,4.834
202604,41,CAMMY,JAMIE,4.802
202604,41,CAMMY,DEE JAY,4.719
202604,41,CAMMY,C.VIPER,4.709
202604,41,CAMMY,ZANGIEF,4.67
202604,41,CAMMY,E.HONDA,4.642
202604,41,CAMMY,BLANKA,4.505
202605,41,CAMMY,GOUKI,5.512
202605,41,CAMMY,DHALSIM,5.306
202605,41,CAMMY,RASHID,5.208
202605,41,CAMMY,JP,5.19
202605,41,CAMMY,ELENA,5.175
202605,41,CAMMY,KEN,5.153
202605,41,CAMMY,RYU,5.123
202605,41,CAMMY,A.K.I.,5.108
202605,41,CAMMY,GUILE,5.089
202605,41,CAMMY,VEGA,5.06
202605,41,CAMMY,CHUN-LI,5.05
202605,41,CAMMY,LUKE,5.015
202605,41,CAMMY,KIMBERLY,5.009
202605,41,CAMMY,ED,5.009
202605,41,CAMMY,TERRY,5.0
202605,41,CAMMY,JURI,4.999
202605,41,CAMMY,SAGAT,4.981
202605,41,CAMMY,MAI,4.972
202605,41,CAMMY,ALEX,4.931
202605,41,CAMMY,INGRID,4.878
202605,41,CAMMY,MANON,4.869
202605,41,CAMMY,LILY,4.791
202605,41,CAMMY,JAMIE,4.79
202605,41,CAMMY,C.VIPER,4.778
202605,41,CAMMY,ZANGIEF,4.721
202605,41,CAMMY,MARISA,4.717
202605,41,CAMMY,E.HONDA,4.683
202605,41,CAMMY,DEE JAY,4.678
202605,41,CAMMY,BLANKA,4.519
202601,42,CAMMY,DHALSIM,5.419
202601,42,CAMMY,GOUKI,5.41
202601,42,CAMMY,ELENA,5.296
202601,42,CAMMY,GUILE,5.224
202601,42,CAMMY,KEN,5.157
202601,42,CAMMY,RYU,5.15
202601,42,CAMMY,SAGAT,5.132
202601,42,CAMMY,VEGA,5.094
202601,42,CAMMY,LUKE,5.082
202601,42,CAMMY,RASHID,5.081
202601,42,CAMMY,JP,5.076
202601,42,CAMMY,JURI,5.053
202601,42,CAMMY,ED,5.014
202601,42,CAMMY,LILY,5.002
202601,42,CAMMY,MAI,4.988
202601,42,CAMMY,KIMBERLY,4.91
202601,42,CAMMY,CHUN-LI,4.88
202601,42,CAMMY,A.K.I.,4.872
202601,42,CAMMY,TERRY,4.843
202601,42,CAMMY,MANON,4.811
202601,42,CAMMY,C.VIPER,4.782
202601,42,CAMMY,DEE JAY,4.694
202601,42,CAMMY,MARISA,4.678
202601,42,CAMMY,ZANGIEF,4.654
202601,42,CAMMY,JAMIE,4.607
202601,42,CAMMY,BLANKA,4.549
202601,42,CAMMY,E.HONDA,4.353
202602,42,CAMMY,DHALSIM,5.511
202602,42,CAMMY,ELENA,5.452
202602,42,CAMMY,GUILE,5.315
202602,42,CAMMY,GOUKI,5.277
202602,42,CAMMY,SAGAT,5.246
202602,42,CAMMY,TERRY,5.223
202602,42,CAMMY,RYU,5.222
202602,42,CAMMY,KIMBERLY,5.149
202602,42,CAMMY,JURI,5.139
202602,42,CAMMY,JP,5.095
202602,42,CAMMY,ED,5.069
202602,42,CAMMY,MANON,5.062
202602,42,CAMMY,KEN,5.062
202602,42,CAMMY,CHUN-LI,5.042
202602,42,CAMMY,VEGA,5.011
202602,42,CAMMY,MARISA,4.979
202602,42,CAMMY,JAMIE,4.917
202602,42,CAMMY,A.K.I.,4.911
202602,42,CAMMY,ZANGIEF,4.904
202602,42,CAMMY,MAI,4.884
202602,42,CAMMY,RASHID,4.872
202602,42,CAMMY,C.VIPER,4.865
202602,42,CAMMY,LUKE,4.853
202602,42,CAMMY,LILY,4.842
202602,42,CAMMY,E.HONDA,4.581
202602,42,CAMMY,DEE JAY,4.574
202602,42,CAMMY,BLANKA,4.454
202603,42,CAMMY,GOUKI,5.603
202603,42,CAMMY,DHALSIM,5.424
202603,42,CAMMY,ELENA,5.231
202603,42,CAMMY,TERRY,5.212
202603,42,CAMMY,VEGA,5.189
202603,42,CAMMY,RYU,5.188
202603,42,CAMMY,JP,5.131
202603,42,CAMMY,KEN,5.123
202603,42,CAMMY,JURI,5.121
202603,42,CAMMY,A.K.I.,5.116
202603,42,CAMMY,GUILE,5.103
202603,42,CAMMY,RASHID,5.062
202603,42,CAMMY,ED,5.011
202603,42,CAMMY,LUKE,5.0
202603,42,CAMMY,LILY,4.956
202603,42,CAMMY,KIMBERLY,4.939
202603,42,CAMMY,SAGAT,4.936
202603,42,CAMMY,MAI,4.899
202603,42,CAMMY,CHUN-LI,4.854
202603,42,CAMMY,C.VIPER,4.808
202603,42,CAMMY,MANON,4.785
202603,42,CAMMY,MARISA,4.781
202603,42,CAMMY,ZANGIEF,4.767
202603,42,CAMMY,DEE JAY,4.713
202603,42,CAMMY,ALEX,4.7
202603,42,CAMMY,JAMIE,4.691
202603,42,CAMMY,E.HONDA,4.62
202603,42,CAMMY,BLANKA,4.501
202604,42,CAMMY,DHALSIM,5.418
202604,42,CAMMY,RYU,5.355
202604,42,CAMMY,GOUKI,5.347
202604,42,CAMMY,ELENA,5.297
202604,42,CAMMY,KEN,5.184
202604,42,CAMMY,LUKE,5.158
202604,42,CAMMY,GUILE,5.158
202604,42,CAMMY,JP,5.145
202604,42,CAMMY,VEGA,5.109
202604,42,CAMMY,CHUN-LI,5.091
202604,42,CAMMY,A.K.I.,5.084
202604,42,CAMMY,TERRY,5.037
202604,42,CAMMY,RASHID,5.015
202604,42,CAMMY,SAGAT,5.008
202604,42,CAMMY,JURI,5.007
202604,42,CAMMY,KIMBERLY,4.992
202604,42,CAMMY,ALEX,4.955
202604,42,CAMMY,MAI,4.866
202604,42,CAMMY,ED,4.861
202604,42,CAMMY,JAMIE,4.843
202604,42,CAMMY,MARISA,4.833
202604,42,CAMMY,C.VIPER,4.788
202604,42,CAMMY,MANON,4.756
202604,42,CAMMY,LILY,4.753
202604,42,CAMMY,DEE JAY,4.72
202604,42,CAMMY,ZANGIEF,4.672
202604,42,CAMMY,E.HONDA,4.666
202604,42,CAMMY,BLANKA,4.555
202605,42,CAMMY,DHALSIM,5.516
202605,42,CAMMY,GOUKI,5.435
202605,42,CAMMY,GUILE,5.341
202605,42,CAMMY,VEGA,5.322
202605,42,CAMMY,A.K.I.,5.275
202605,42,CAMMY,KIMBERLY,5.178
202605,42,CAMMY,CHUN-LI,5.173
202605,42,CAMMY,KEN,5.153
202605,42,CAMMY,LUKE,5.117
202605,42,CAMMY,TERRY,5.098
202605,42,CAMMY,ELENA,5.093
202605,42,CAMMY,RYU,5.083
202605,42,CAMMY,JURI,5.049
202605,42,CAMMY,RASHID,5.017
202605,42,CAMMY,JP,5.009
202605,42,CAMMY,ED,5.004
202605,42,CAMMY,MARISA,4.951
202605,42,CAMMY,DEE JAY,4.941
202605,42,CAMMY,C.VIPER,4.848
202605,42,CAMMY,INGRID,4.823
202605,42,CAMMY,MAI,4.806
202605,42,CAMMY,ZANGIEF,4.789
202605,42,CAMMY,JAMIE,4.749
202605,42,CAMMY,ALEX,4.737
202605,42,CAMMY,SAGAT,4.73
202605,42,CAMMY,LILY,4.686
202605,42,CAMMY,MANON,4.673
202605,42,CAMMY,BLANKA,4.607
202605,42,CAMMY,E.HONDA,4.601
202601,40,CHUN-LI,ED,5.318
202601,40,CHUN-LI,ELENA,5.278
202601,40,CHUN-LI,RASHID,5.177
202601,40,CHUN-LI,E.HONDA,5.175
202601,40,CHUN-LI,GOUKI,5.167
202601,40,CHUN-LI,KEN,5.092
202601,40,CHUN-LI,JURI,5.087
202601,40,CHUN-LI,DEE JAY,5.083
202601,40,CHUN-LI,LUKE,5.078
202601,40,CHUN-LI,RYU,5.077
202601,40,CHUN-LI,SAGAT,5.045
202601,40,CHUN-LI,ZANGIEF,5.024
202601,40,CHUN-LI,KIMBERLY,5.005
202601,40,CHUN-LI,GUILE,5.0
202601,40,CHUN-LI,MAI,4.998
202601,40,CHUN-LI,MANON,4.984
202601,40,CHUN-LI,TERRY,4.942
202601,40,CHUN-LI,A.K.I.,4.916
202601,40,CHUN-LI,MARISA,4.908
202601,40,CHUN-LI,C.VIPER,4.898
202601,40,CHUN-LI,BLANKA,4.883
202601,40,CHUN-LI,CAMMY,4.826
202601,40,CHUN-LI,VEGA,4.8
202601,40,CHUN-LI,JAMIE,4.787
202601,40,CHUN-LI,JP,4.786
202601,40,CHUN-LI,DHALSIM,4.72
202601,40,CHUN-LI,LILY,4.675
202602,40,CHUN-LI,ED,5.348
202602,40,CHUN-LI,RYU,5.315
202602,40,CHUN-LI,MANON,5.233
202602,40,CHUN-LI,LUKE,5.197
202602,40,CHUN-LI,GOUKI,5.163
202602,40,CHUN-LI,ELENA,5.107
202602,40,CHUN-LI,KEN,5.096
202602,40,CHUN-LI,DEE JAY,5.09
202602,40,CHUN-LI,JURI,5.042
202602,40,CHUN-LI,ZANGIEF,5.038
202602,40,CHUN-LI,RASHID,5.012
202602,40,CHUN-LI,E.HONDA,4.972
202602,40,CHUN-LI,GUILE,4.947
202602,40,CHUN-LI,TERRY,4.938
202602,40,CHUN-LI,MAI,4.932
202602,40,CHUN-LI,KIMBERLY,4.93
202602,40,CHUN-LI,SAGAT,4.907
202602,40,CHUN-LI,BLANKA,4.902
202602,40,CHUN-LI,CAMMY,4.845
202602,40,CHUN-LI,A.K.I.,4.817
202602,40,CHUN-LI,C.VIPER,4.775
202602,40,CHUN-LI,MARISA,4.758
202602,40,CHUN-LI,DHALSIM,4.751
202602,40,CHUN-LI,JAMIE,4.744
202602,40,CHUN-LI,LILY,4.701
202602,40,CHUN-LI,VEGA,4.689
202602,40,CHUN-LI,JP,4.668
202603,40,CHUN-LI,ED,5.305
202603,40,CHUN-LI,GOUKI,5.302
202603,40,CHUN-LI,LUKE,5.207
202603,40,CHUN-LI,RYU,5.203
202603,40,CHUN-LI,GUILE,5.203
202603,40,CHUN-LI,DEE JAY,5.185
202603,40,CHUN-LI,MANON,5.164
202603,40,CHUN-LI,JURI,5.12
202603,40,CHUN-LI,ELENA,5.111
202603,40,CHUN-LI,KIMBERLY,5.098
202603,40,CHUN-LI,TERRY,5.091
202603,40,CHUN-LI,MARISA,5.073
202603,40,CHUN-LI,ZANGIEF,5.059
202603,40,CHUN-LI,KEN,5.01
202603,40,CHUN-LI,BLANKA,5.0
202603,40,CHUN-LI,MAI,4.986
202603,40,CHUN-LI,RASHID,4.985
202603,40,CHUN-LI,A.K.I.,4.935
202603,40,CHUN-LI,E.HONDA,4.894
202603,40,CHUN-LI,JAMIE,4.859
202603,40,CHUN-LI,C.VIPER,4.859
202603,40,CHUN-LI,SAGAT,4.828
202603,40,CHUN-LI,JP,4.814
202603,40,CHUN-LI,CAMMY,4.797
202603,40,CHUN-LI,VEGA,4.783
202603,40,CHUN-LI,LILY,4.779
202603,40,CHUN-LI,DHALSIM,4.727
202603,40,CHUN-LI,ALEX,4.651
202604,40,CHUN-LI,LUKE,5.272
202604,40,CHUN-LI,TERRY,5.246
202604,40,CHUN-LI,JURI,5.236
202604,40,CHUN-LI,RYU,5.209
202604,40,CHUN-LI,ED,5.159
202604,40,CHUN-LI,ELENA,5.157
202604,40,CHUN-LI,MAI,5.146
202604,40,CHUN-LI,A.K.I.,5.138
202604,40,CHUN-LI,MANON,5.127
202604,40,CHUN-LI,KEN,5.098
202604,40,CHUN-LI,DEE JAY,5.078
202604,40,CHUN-LI,GUILE,5.064
202604,40,CHUN-LI,BLANKA,5.035
202604,40,CHUN-LI,KIMBERLY,5.025
202604,40,CHUN-LI,GOUKI,5.006
202604,40,CHUN-LI,SAGAT,5.004
202604,40,CHUN-LI,ZANGIEF,4.986
202604,40,CHUN-LI,E.HONDA,4.981
202604,40,CHUN-LI,RASHID,4.943
202604,40,CHUN-LI,MARISA,4.909
202604,40,CHUN-LI,ALEX,4.901
202604,40,CHUN-LI,C.VIPER,4.892
202604,40,CHUN-LI,JAMIE,4.858
202604,40,CHUN-LI,VEGA,4.837
202604,40,CHUN-LI,CAMMY,4.8
202604,40,CHUN-LI,LILY,4.798
202604,40,CHUN-LI,JP,4.589
202604,40,CHUN-LI,DHALSIM,4.489
202605,40,CHUN-LI,ED,5.371
202605,40,CHUN-LI,JURI,5.246
202605,40,CHUN-LI,MANON,5.192
202605,40,CHUN-LI,LUKE,5.19
202605,40,CHUN-LI,KEN,5.186
202605,40,CHUN-LI,RYU,5.183
202605,40,CHUN-LI,DEE JAY,5.137
202605,40,CHUN-LI,ELENA,5.118
202605,40,CHUN-LI,TERRY,5.093
202605,40,CHUN-LI,GOUKI,5.092
202605,40,CHUN-LI,MAI,5.047
202605,40,CHUN-LI,E.HONDA,5.038
202605,40,CHUN-LI,ZANGIEF,4.951
202605,40,CHUN-LI,SAGAT,4.947
202605,40,CHUN-LI,BLANKA,4.915
202605,40,CHUN-LI,KIMBERLY,4.888
202605,40,CHUN-LI,A.K.I.,4.887
202605,40,CHUN-LI,GUILE,4.863
202605,40,CHUN-LI,CAMMY,4.83
202605,40,CHUN-LI,ALEX,4.82
202605,40,CHUN-LI,RASHID,4.815
202605,40,CHUN-LI,JAMIE,4.799
202605,40,CHUN-LI,MARISA,4.792
202605,40,CHUN-LI,VEGA,4.774
202605,40,CHUN-LI,C.VIPER,4.707
202605,40,CHUN-LI,JP,4.679
202605,40,CHUN-LI,DHALSIM,4.64
202605,40,CHUN-LI,LILY,4.564
202605,40,CHUN-LI,INGRID,4.405
202601,41,CHUN-LI,ED,5.278
202601,41,CHUN-LI,ELENA,5.2
202601,41,CHUN-LI,RYU,5.19
202601,41,CHUN-LI,ZANGIEF,5.158
202601,41,CHUN-LI,RASHID,5.141
202601,41,CHUN-LI,E.HONDA,5.139
202601,41,CHUN-LI,MAI,5.136
202601,41,CHUN-LI,JURI,5.119
202601,41,CHUN-LI,MANON,5.11
202601,41,CHUN-LI,DEE JAY,5.082
202601,41,CHUN-LI,GOUKI,5.08
202601,41,CHUN-LI,GUILE,5.069
202601,41,CHUN-LI,LILY,5.053
202601,41,CHUN-LI,KEN,5.047
202601,41,CHUN-LI,LUKE,5.041
202601,41,CHUN-LI,A.K.I.,4.99
202601,41,CHUN-LI,TERRY,4.973
202601,41,CHUN-LI,SAGAT,4.952
202601,41,CHUN-LI,BLANKA,4.877
202601,41,CHUN-LI,CAMMY,4.857
202601,41,CHUN-LI,KIMBERLY,4.844
202601,41,CHUN-LI,VEGA,4.789
202601,41,CHUN-LI,MARISA,4.788
202601,41,CHUN-LI,JP,4.773
202601,41,CHUN-LI,JAMIE,4.721
202601,41,CHUN-LI,C.VIPER,4.578
202601,41,CHUN-LI,DHALSIM,4.528
202602,41,CHUN-LI,LUKE,5.342
202602,41,CHUN-LI,ED,5.337
202602,41,CHUN-LI,JURI,5.31
202602,41,CHUN-LI,E.HONDA,5.307
202602,41,CHUN-LI,KEN,5.285
202602,41,CHUN-LI,DEE JAY,5.284
202602,41,CHUN-LI,RASHID,5.271
202602,41,CHUN-LI,GOUKI,5.271
202602,41,CHUN-LI,MANON,5.236
202602,41,CHUN-LI,ELENA,5.213
202602,41,CHUN-LI,RYU,5.206
202602,41,CHUN-LI,KIMBERLY,5.092
202602,41,CHUN-LI,C.VIPER,5.086
202602,41,CHUN-LI,MARISA,5.046
202602,41,CHUN-LI,TERRY,5.029
202602,41,CHUN-LI,CAMMY,4.974
202602,41,CHUN-LI,BLANKA,4.963
202602,41,CHUN-LI,MAI,4.95
202602,41,CHUN-LI,GUILE,4.914
202602,41,CHUN-LI,SAGAT,4.911
202602,41,CHUN-LI,VEGA,4.899
202602,41,CHUN-LI,A.K.I.,4.788
202602,41,CHUN-LI,ZANGIEF,4.773
202602,41,CHUN-LI,DHALSIM,4.708
202602,41,CHUN-LI,JAMIE,4.705
202602,41,CHUN-LI,LILY,4.613
202602,41,CHUN-LI,JP,4.572
202603,41,CHUN-LI,ED,5.368
202603,41,CHUN-LI,RYU,5.154
202603,41,CHUN-LI,ELENA,5.141
202603,41,CHUN-LI,LUKE,5.125
202603,41,CHUN-LI,E.HONDA,5.125
202603,41,CHUN-LI,MANON,5.121
202603,41,CHUN-LI,TERRY,5.119
202603,41,CHUN-LI,GOUKI,5.115
202603,41,CHUN-LI,JURI,5.065
202603,41,CHUN-LI,DEE JAY,5.057
202603,41,CHUN-LI,MAI,5.044
202603,41,CHUN-LI,ZANGIEF,5.043
202603,41,CHUN-LI,KEN,5.037
202603,41,CHUN-LI,GUILE,5.012
202603,41,CHUN-LI,MARISA,5.011
202603,41,CHUN-LI,KIMBERLY,5.003
202603,41,CHUN-LI,A.K.I.,4.942
202603,41,CHUN-LI,BLANKA,4.871
202603,41,CHUN-LI,RASHID,4.853
202603,41,CHUN-LI,VEGA,4.831
202603,41,CHUN-LI,SAGAT,4.828
202603,41,CHUN-LI,CAMMY,4.823
202603,41,CHUN-LI,JAMIE,4.767
202603,41,CHUN-LI,JP,4.763
202603,41,CHUN-LI,C.VIPER,4.631
202603,41,CHUN-LI,ALEX,4.627
202603,41,CHUN-LI,DHALSIM,4.395
202603,41,CHUN-LI,LILY,4.36
202604,41,CHUN-LI,ED,5.375
202604,41,CHUN-LI,LUKE,5.373
202604,41,CHUN-LI,RYU,5.302
202604,41,CHUN-LI,JURI,5.284
202604,41,CHUN-LI,GOUKI,5.196
202604,41,CHUN-LI,RASHID,5.19
202604,41,CHUN-LI,TERRY,5.186
202604,41,CHUN-LI,DEE JAY,5.158
202604,41,CHUN-LI,E.HONDA,5.144
202604,41,CHUN-LI,ELENA,5.14
202604,41,CHUN-LI,KEN,5.111
202604,41,CHUN-LI,A.K.I.,5.105
202604,41,CHUN-LI,GUILE,5.01
202604,41,CHUN-LI,KIMBERLY,5.005
202604,41,CHUN-LI,SAGAT,5.004
202604,41,CHUN-LI,ZANGIEF,4.936
202604,41,CHUN-LI,MANON,4.932
202604,41,CHUN-LI,CAMMY,4.925
202604,41,CHUN-LI,C.VIPER,4.876
202604,41,CHUN-LI,MARISA,4.855
202604,41,CHUN-LI,BLANKA,4.8
202604,41,CHUN-LI,JP,4.756
202604,41,CHUN-LI,ALEX,4.745
202604,41,CHUN-LI,VEGA,4.715
202604,41,CHUN-LI,MAI,4.678
202604,41,CHUN-LI,JAMIE,4.624
202604,41,CHUN-LI,LILY,4.59
202604,41,CHUN-LI,DHALSIM,4.546
202605,41,CHUN-LI,JURI,5.346
202605,41,CHUN-LI,RYU,5.34
202605,41,CHUN-LI,MANON,5.316
202605,41,CHUN-LI,TERRY,5.306
202605,41,CHUN-LI,ED,5.261
202605,41,CHUN-LI,LUKE,5.252
202605,41,CHUN-LI,KEN,5.227
202605,41,CHUN-LI,GOUKI,5.226
202605,41,CHUN-LI,ELENA,5.129
202605,41,CHUN-LI,A.K.I.,5.12
202605,41,CHUN-LI,RASHID,5.108
202605,41,CHUN-LI,SAGAT,5.074
202605,41,CHUN-LI,GUILE,5.065
202605,41,CHUN-LI,BLANKA,5.059
202605,41,CHUN-LI,LILY,5.031
202605,41,CHUN-LI,DEE JAY,4.971
202605,41,CHUN-LI,VEGA,4.937
202605,41,CHUN-LI,JAMIE,4.906
202605,41,CHUN-LI,CAMMY,4.873
202605,41,CHUN-LI,MAI,4.863
202605,41,CHUN-LI,E.HONDA,4.86
202605,41,CHUN-LI,MARISA,4.813
202605,41,CHUN-LI,DHALSIM,4.732
202605,41,CHUN-LI,JP,4.686
202605,41,CHUN-LI,KIMBERLY,4.673
202605,41,CHUN-LI,ZANGIEF,4.662
202605,41,CHUN-LI,ALEX,4.648
202605,41,CHUN-LI,C.VIPER,4.597
202605,41,CHUN-LI,INGRID,4.283
202601,42,CHUN-LI,E.HONDA,5.444
202601,42,CHUN-LI,LUKE,5.319
202601,42,CHUN-LI,ED,5.285
202601,42,CHUN-LI,DEE JAY,5.268
202601,42,CHUN-LI,GOUKI,5.262
202601,42,CHUN-LI,RYU,5.246
202601,42,CHUN-LI,ELENA,5.212
202601,42,CHUN-LI,MANON,5.18
202601,42,CHUN-LI,RASHID,5.17
202601,42,CHUN-LI,KEN,5.153
202601,42,CHUN-LI,TERRY,5.141
202601,42,CHUN-LI,JURI,5.135
202601,42,CHUN-LI,KIMBERLY,5.125
202601,42,CHUN-LI,CAMMY,5.123
202601,42,CHUN-LI,GUILE,5.087
202601,42,CHUN-LI,ZANGIEF,4.942
202601,42,CHUN-LI,SAGAT,4.924
202601,42,CHUN-LI,VEGA,4.921
202601,42,CHUN-LI,JAMIE,4.917
202601,42,CHUN-LI,C.VIPER,4.879
202601,42,CHUN-LI,MAI,4.85
202601,42,CHUN-LI,MARISA,4.847
202601,42,CHUN-LI,A.K.I.,4.839
202601,42,CHUN-LI,LILY,4.758
202601,42,CHUN-LI,BLANKA,4.749
202601,42,CHUN-LI,JP,4.707
202601,42,CHUN-LI,DHALSIM,4.502
202602,42,CHUN-LI,GUILE,5.456
202602,42,CHUN-LI,GOUKI,5.363
202602,42,CHUN-LI,ED,5.264
202602,42,CHUN-LI,E.HONDA,5.26
202602,42,CHUN-LI,TERRY,5.255
202602,42,CHUN-LI,ELENA,5.21
202602,42,CHUN-LI,KEN,5.157
202602,42,CHUN-LI,LUKE,5.145
202602,42,CHUN-LI,KIMBERLY,5.132
202602,42,CHUN-LI,MAI,5.117
202602,42,CHUN-LI,A.K.I.,5.1
202602,42,CHUN-LI,JAMIE,5.099
202602,42,CHUN-LI,RASHID,5.078
202602,42,CHUN-LI,JURI,5.062
202602,42,CHUN-LI,BLANKA,5.021
202602,42,CHUN-LI,MANON,4.966
202602,42,CHUN-LI,MARISA,4.914
202602,42,CHUN-LI,CAMMY,4.906
202602,42,CHUN-LI,SAGAT,4.896
202602,42,CHUN-LI,VEGA,4.884
202602,42,CHUN-LI,RYU,4.862
202602,42,CHUN-LI,ZANGIEF,4.835
202602,42,CHUN-LI,DEE JAY,4.817
202602,42,CHUN-LI,LILY,4.758
202602,42,CHUN-LI,JP,4.709
202602,42,CHUN-LI,C.VIPER,4.668
202602,42,CHUN-LI,DHALSIM,4.331
202603,42,CHUN-LI,MANON,5.346
202603,42,CHUN-LI,LUKE,5.326
202603,42,CHUN-LI,KEN,5.288
202603,42,CHUN-LI,ED,5.28
202603,42,CHUN-LI,E.HONDA,5.273
202603,42,CHUN-LI,RYU,5.263
202603,42,CHUN-LI,TERRY,5.21
202603,42,CHUN-LI,JURI,5.185
202603,42,CHUN-LI,CAMMY,5.159
202603,42,CHUN-LI,RASHID,5.158
202603,42,CHUN-LI,GOUKI,5.143
202603,42,CHUN-LI,SAGAT,5.069
202603,42,CHUN-LI,DEE JAY,5.013
202603,42,CHUN-LI,MAI,5.006
202603,42,CHUN-LI,KIMBERLY,5.004
202603,42,CHUN-LI,GUILE,4.994
202603,42,CHUN-LI,BLANKA,4.982
202603,42,CHUN-LI,ZANGIEF,4.974
202603,42,CHUN-LI,A.K.I.,4.969
202603,42,CHUN-LI,MARISA,4.918
202603,42,CHUN-LI,ELENA,4.878
202603,42,CHUN-LI,LILY,4.816
202603,42,CHUN-LI,VEGA,4.808
202603,42,CHUN-LI,JAMIE,4.807
202603,42,CHUN-LI,JP,4.797
202603,42,CHUN-LI,ALEX,4.625
202603,42,CHUN-LI,DHALSIM,4.534
202603,42,CHUN-LI,C.VIPER,4.532
202604,42,CHUN-LI,ED,5.433
202604,42,CHUN-LI,E.HONDA,5.428
202604,42,CHUN-LI,RYU,5.356
202604,42,CHUN-LI,JURI,5.325
202604,42,CHUN-LI,GOUKI,5.269
202604,42,CHUN-LI,MANON,5.264
202604,42,CHUN-LI,LUKE,5.198
202604,42,CHUN-LI,KEN,5.198
202604,42,CHUN-LI,DEE JAY,5.154
202604,42,CHUN-LI,TERRY,5.128
202604,42,CHUN-LI,GUILE,5.125
202604,42,CHUN-LI,BLANKA,5.033
202604,42,CHUN-LI,KIMBERLY,5.028
202604,42,CHUN-LI,MAI,5.012
202604,42,CHUN-LI,ELENA,5.012
202604,42,CHUN-LI,CAMMY,4.989
202604,42,CHUN-LI,A.K.I.,4.987
202604,42,CHUN-LI,ZANGIEF,4.949
202604,42,CHUN-LI,SAGAT,4.931
202604,42,CHUN-LI,RASHID,4.927
202604,42,CHUN-LI,VEGA,4.923
202604,42,CHUN-LI,JAMIE,4.84
202604,42,CHUN-LI,ALEX,4.774
202604,42,CHUN-LI,C.VIPER,4.761
202604,42,CHUN-LI,MARISA,4.757
202604,42,CHUN-LI,LILY,4.671
202604,42,CHUN-LI,JP,4.585
202604,42,CHUN-LI,DHALSIM,4.287
202605,42,CHUN-LI,KEN,5.579
202605,42,CHUN-LI,GUILE,5.413
202605,42,CHUN-LI,GOUKI,5.378
202605,42,CHUN-LI,TERRY,5.326
202605,42,CHUN-LI,ELENA,5.284
202605,42,CHUN-LI,ED,5.268
202605,42,CHUN-LI,MAI,5.25
202605,42,CHUN-LI,BLANKA,5.239
202605,42,CHUN-LI,MARISA,5.213
202605,42,CHUN-LI,E.HONDA,5.206
202605,42,CHUN-LI,DEE JAY,5.202
202605,42,CHUN-LI,KIMBERLY,5.185
202605,42,CHUN-LI,MANON,5.161
202605,42,CHUN-LI,LUKE,5.11
202605,42,CHUN-LI,JAMIE,5.079
202605,42,CHUN-LI,RYU,5.036
202605,42,CHUN-LI,A.K.I.,5.031
202605,42,CHUN-LI,RASHID,5.006
202605,42,CHUN-LI,VEGA,4.984
202605,42,CHUN-LI,JURI,4.897
202605,42,CHUN-LI,SAGAT,4.883
202605,42,CHUN-LI,LILY,4.88
202605,42,CHUN-LI,CAMMY,4.874
202605,42,CHUN-LI,ZANGIEF,4.873
202605,42,CHUN-LI,JP,4.853
202605,42,CHUN-LI,DHALSIM,4.801
202605,42,CHUN-LI,C.VIPER,4.796
202605,42,CHUN-LI,ALEX,4.555
202605,42,CHUN-LI,INGRID,4.283
202601,40,C.VIPER,DHALSIM,5.313
202601,40,C.VIPER,CAMMY,5.26
202601,40,C.VIPER,GOUKI,5.245
202601,40,C.VIPER,MARISA,5.221
202601,40,C.VIPER,RYU,5.19
202601,40,C.VIPER,ZANGIEF,5.171
202601,40,C.VIPER,A.K.I.,5.155
202601,40,C.VIPER,JAMIE,5.149
202601,40,C.VIPER,LILY,5.14
202601,40,C.VIPER,CHUN-LI,5.109
202601,40,C.VIPER,ED,5.065
202601,40,C.VIPER,JP,5.007
202601,40,C.VIPER,SAGAT,5.005
202601,40,C.VIPER,TERRY,4.995
202601,40,C.VIPER,DEE JAY,4.988
202601,40,C.VIPER,GUILE,4.965
202601,40,C.VIPER,KEN,4.965
202601,40,C.VIPER,JURI,4.948
202601,40,C.VIPER,MANON,4.923
202601,40,C.VIPER,ELENA,4.906
202601,40,C.VIPER,E.HONDA,4.891
202601,40,C.VIPER,BLANKA,4.883
202601,40,C.VIPER,RASHID,4.881
202601,40,C.VIPER,VEGA,4.863
202601,40,C.VIPER,KIMBERLY,4.793
202601,40,C.VIPER,LUKE,4.792
202601,40,C.VIPER,MAI,4.651
202602,40,C.VIPER,GOUKI,5.409
202602,40,C.VIPER,CAMMY,5.264
202602,40,C.VIPER,ZANGIEF,5.242
202602,40,C.VIPER,JAMIE,5.239
202602,40,C.VIPER,CHUN-LI,5.223
202602,40,C.VIPER,LILY,5.176
202602,40,C.VIPER,RYU,5.164
202602,40,C.VIPER,KEN,5.156
202602,40,C.VIPER,JURI,5.055
202602,40,C.VIPER,BLANKA,5.039
202602,40,C.VIPER,ED,5.028
202602,40,C.VIPER,DEE JAY,5.013
202602,40,C.VIPER,A.K.I.,5.008
202602,40,C.VIPER,DHALSIM,4.981
202602,40,C.VIPER,SAGAT,4.975
202602,40,C.VIPER,LUKE,4.951
202602,40,C.VIPER,MARISA,4.934
202602,40,C.VIPER,TERRY,4.93
202602,40,C.VIPER,ELENA,4.914
202602,40,C.VIPER,JP,4.864
202602,40,C.VIPER,VEGA,4.853
202602,40,C.VIPER,MANON,4.831
202602,40,C.VIPER,RASHID,4.831
202602,40,C.VIPER,GUILE,4.775
202602,40,C.VIPER,E.HONDA,4.756
202602,40,C.VIPER,MAI,4.746
202602,40,C.VIPER,KIMBERLY,4.66
202603,40,C.VIPER,GOUKI,5.405
202603,40,C.VIPER,CAMMY,5.276
202603,40,C.VIPER,LILY,5.251
202603,40,C.VIPER,ZANGIEF,5.199
202603,40,C.VIPER,JAMIE,5.182
202603,40,C.VIPER,CHUN-LI,5.163
202603,40,C.VIPER,RYU,5.144
202603,40,C.VIPER,MARISA,5.091
202603,40,C.VIPER,BLANKA,5.086
202603,40,C.VIPER,DHALSIM,5.084
202603,40,C.VIPER,ED,5.072
202603,40,C.VIPER,JURI,5.059
202603,40,C.VIPER,A.K.I.,5.044
202603,40,C.VIPER,ELENA,5.044
202603,40,C.VIPER,VEGA,5.013
202603,40,C.VIPER,JP,5.006
202603,40,C.VIPER,MANON,4.99
202603,40,C.VIPER,SAGAT,4.932
202603,40,C.VIPER,LUKE,4.93
202603,40,C.VIPER,KEN,4.922
202603,40,C.VIPER,KIMBERLY,4.913
202603,40,C.VIPER,TERRY,4.876
202603,40,C.VIPER,ALEX,4.861
202603,40,C.VIPER,RASHID,4.853
202603,40,C.VIPER,GUILE,4.828
202603,40,C.VIPER,DEE JAY,4.822
202603,40,C.VIPER,E.HONDA,4.791
202603,40,C.VIPER,MAI,4.773
202604,40,C.VIPER,GOUKI,5.302
202604,40,C.VIPER,CAMMY,5.284
202604,40,C.VIPER,MARISA,5.242
202604,40,C.VIPER,RYU,5.191
202604,40,C.VIPER,ZANGIEF,5.191
202604,40,C.VIPER,JAMIE,5.154
202604,40,C.VIPER,BLANKA,5.121
202604,40,C.VIPER,CHUN-LI,5.099
202604,40,C.VIPER,ALEX,5.088
202604,40,C.VIPER,ED,5.069
202604,40,C.VIPER,A.K.I.,5.062
202604,40,C.VIPER,KEN,5.044
202604,40,C.VIPER,MANON,5.024
202604,40,C.VIPER,JURI,5.016
202604,40,C.VIPER,LILY,5.012
202604,40,C.VIPER,DHALSIM,4.987
202604,40,C.VIPER,VEGA,4.986
202604,40,C.VIPER,KIMBERLY,4.968
202604,40,C.VIPER,LUKE,4.951
202604,40,C.VIPER,JP,4.948
202604,40,C.VIPER,TERRY,4.945
202604,40,C.VIPER,SAGAT,4.866
202604,40,C.VIPER,MAI,4.843
202604,40,C.VIPER,ELENA,4.824
202604,40,C.VIPER,RASHID,4.796
202604,40,C.VIPER,E.HONDA,4.79
202604,40,C.VIPER,DEE JAY,4.787
202604,40,C.VIPER,GUILE,4.651
202605,40,C.VIPER,GOUKI,5.363
202605,40,C.VIPER,CHUN-LI,5.292
202605,40,C.VIPER,CAMMY,5.264
202605,40,C.VIPER,RYU,5.249
202605,40,C.VIPER,ZANGIEF,5.234
202605,40,C.VIPER,JAMIE,5.102
202605,40,C.VIPER,ED,5.101
202605,40,C.VIPER,DHALSIM,5.094
202605,40,C.VIPER,KEN,5.082
202605,40,C.VIPER,MARISA,5.067
202605,40,C.VIPER,A.K.I.,5.061
202605,40,C.VIPER,TERRY,5.061
202605,40,C.VIPER,JURI,5.054
202605,40,C.VIPER,LUKE,5.026
202605,40,C.VIPER,MANON,5.019
202605,40,C.VIPER,ALEX,4.997
202605,40,C.VIPER,SAGAT,4.971
202605,40,C.VIPER,ELENA,4.969
202605,40,C.VIPER,LILY,4.936
202605,40,C.VIPER,RASHID,4.914
202605,40,C.VIPER,JP,4.904
202605,40,C.VIPER,DEE JAY,4.89
202605,40,C.VIPER,VEGA,4.825
202605,40,C.VIPER,KIMBERLY,4.816
202605,40,C.VIPER,MAI,4.795
202605,40,C.VIPER,E.HONDA,4.782
202605,40,C.VIPER,INGRID,4.78
202605,40,C.VIPER,GUILE,4.729
202605,40,C.VIPER,BLANKA,4.686
202601,41,C.VIPER,DHALSIM,5.442
202601,41,C.VIPER,CHUN-LI,5.368
202601,41,C.VIPER,LILY,5.329
202601,41,C.VIPER,JAMIE,5.246
202601,41,C.VIPER,ZANGIEF,5.224
202601,41,C.VIPER,CAMMY,5.221
202601,41,C.VIPER,GOUKI,5.202
202601,41,C.VIPER,RYU,5.165
202601,41,C.VIPER,BLANKA,5.145
202601,41,C.VIPER,E.HONDA,5.098
202601,41,C.VIPER,MARISA,5.074
202601,41,C.VIPER,DEE JAY,5.043
202601,41,C.VIPER,SAGAT,4.993
202601,41,C.VIPER,GUILE,4.963
202601,41,C.VIPER,JURI,4.925
202601,41,C.VIPER,RASHID,4.922
202601,41,C.VIPER,ED,4.917
202601,41,C.VIPER,TERRY,4.913
202601,41,C.VIPER,A.K.I.,4.895
202601,41,C.VIPER,KEN,4.89
202601,41,C.VIPER,VEGA,4.862
202601,41,C.VIPER,JP,4.844
202601,41,C.VIPER,LUKE,4.843
202601,41,C.VIPER,MANON,4.797
202601,41,C.VIPER,KIMBERLY,4.776
202601,41,C.VIPER,ELENA,4.704
202601,41,C.VIPER,MAI,4.622
202602,41,C.VIPER,GOUKI,5.463
202602,41,C.VIPER,RYU,5.285
202602,41,C.VIPER,KEN,5.249
202602,41,C.VIPER,CAMMY,5.137
202602,41,C.VIPER,LILY,5.129
202602,41,C.VIPER,JURI,5.123
202602,41,C.VIPER,ED,5.077
202602,41,C.VIPER,MARISA,5.067
202602,41,C.VIPER,VEGA,5.027
202602,41,C.VIPER,ZANGIEF,5.024
202602,41,C.VIPER,LUKE,5.011
202602,41,C.VIPER,DHALSIM,5.005
202602,41,C.VIPER,A.K.I.,4.965
202602,41,C.VIPER,DEE JAY,4.937
202602,41,C.VIPER,BLANKA,4.929
202602,41,C.VIPER,GUILE,4.915
202602,41,C.VIPER,CHUN-LI,4.906
202602,41,C.VIPER,TERRY,4.886
202602,41,C.VIPER,SAGAT,4.88
202602,41,C.VIPER,ELENA,4.856
202602,41,C.VIPER,MANON,4.855
202602,41,C.VIPER,E.HONDA,4.813
202602,41,C.VIPER,JAMIE,4.794
202602,41,C.VIPER,JP,4.706
202602,41,C.VIPER,MAI,4.663
202602,41,C.VIPER,KIMBERLY,4.581
202602,41,C.VIPER,RASHID,4.51
202603,41,C.VIPER,ZANGIEF,5.418
202603,41,C.VIPER,GOUKI,5.347
202603,41,C.VIPER,CHUN-LI,5.307
202603,41,C.VIPER,DHALSIM,5.288
202603,41,C.VIPER,CAMMY,5.278
202603,41,C.VIPER,JAMIE,5.25
202603,41,C.VIPER,JURI,5.229
202603,41,C.VIPER,MARISA,5.191
202603,41,C.VIPER,RYU,5.172
202603,41,C.VIPER,LUKE,5.133
202603,41,C.VIPER,ELENA,5.128
202603,41,C.VIPER,A.K.I.,5.048
202603,41,C.VIPER,LILY,5.046
202603,41,C.VIPER,DEE JAY,5.026
202603,41,C.VIPER,RASHID,5.023
202603,41,C.VIPER,ED,5.018
202603,41,C.VIPER,SAGAT,5.007
202603,41,C.VIPER,KEN,4.926
202603,41,C.VIPER,GUILE,4.894
202603,41,C.VIPER,TERRY,4.876
202603,41,C.VIPER,VEGA,4.875
202603,41,C.VIPER,BLANKA,4.872
202603,41,C.VIPER,MANON,4.856
202603,41,C.VIPER,MAI,4.816
202603,41,C.VIPER,JP,4.802
202603,41,C.VIPER,E.HONDA,4.791
202603,41,C.VIPER,ALEX,4.741
202603,41,C.VIPER,KIMBERLY,4.731
202604,41,C.VIPER,GOUKI,5.406
202604,41,C.VIPER,CAMMY,5.3
202604,41,C.VIPER,ZANGIEF,5.299
202604,41,C.VIPER,LILY,5.257
202604,41,C.VIPER,RYU,5.251
202604,41,C.VIPER,KEN,5.137
202604,41,C.VIPER,JURI,5.091
202604,41,C.VIPER,TERRY,5.088
202604,41,C.VIPER,CHUN-LI,5.067
202604,41,C.VIPER,JAMIE,5.059
202604,41,C.VIPER,ED,5.018
202604,41,C.VIPER,A.K.I.,4.965
202604,41,C.VIPER,MARISA,4.964
202604,41,C.VIPER,VEGA,4.964
202604,41,C.VIPER,ELENA,4.946
202604,41,C.VIPER,MANON,4.913
202604,41,C.VIPER,GUILE,4.91
202604,41,C.VIPER,JP,4.909
202604,41,C.VIPER,LUKE,4.898
202604,41,C.VIPER,BLANKA,4.891
202604,41,C.VIPER,DEE JAY,4.881
202604,41,C.VIPER,ALEX,4.87
202604,41,C.VIPER,KIMBERLY,4.864
202604,41,C.VIPER,SAGAT,4.822
202604,41,C.VIPER,DHALSIM,4.815
202604,41,C.VIPER,MAI,4.813
202604,41,C.VIPER,RASHID,4.794
202604,41,C.VIPER,E.HONDA,4.53
202605,41,C.VIPER,GOUKI,5.522
202605,41,C.VIPER,CHUN-LI,5.392
202605,41,C.VIPER,RYU,5.37
202605,41,C.VIPER,ZANGIEF,5.313
202605,41,C.VIPER,CAMMY,5.266
202605,41,C.VIPER,JAMIE,5.232
202605,41,C.VIPER,A.K.I.,5.205
202605,41,C.VIPER,JURI,5.2
202605,41,C.VIPER,TERRY,5.089
202605,41,C.VIPER,MARISA,5.088
202605,41,C.VIPER,ED,5.086
202605,41,C.VIPER,LUKE,5.06
202605,41,C.VIPER,LILY,5.031
202605,41,C.VIPER,MANON,5.008
202605,41,C.VIPER,KEN,4.966
202605,41,C.VIPER,ALEX,4.961
202605,41,C.VIPER,ELENA,4.948
202605,41,C.VIPER,GUILE,4.93
202605,41,C.VIPER,SAGAT,4.88
202605,41,C.VIPER,DHALSIM,4.866
202605,41,C.VIPER,JP,4.838
202605,41,C.VIPER,RASHID,4.829
202605,41,C.VIPER,DEE JAY,4.821
202605,41,C.VIPER,E.HONDA,4.814
202605,41,C.VIPER,KIMBERLY,4.789
202605,41,C.VIPER,BLANKA,4.737
202605,41,C.VIPER,VEGA,4.722
202605,41,C.VIPER,INGRID,4.718
202605,41,C.VIPER,MAI,4.609
202601,42,C.VIPER,GOUKI,5.372
202601,42,C.VIPER,RYU,5.319
202601,42,C.VIPER,MARISA,5.257
202601,42,C.VIPER,ZANGIEF,5.243
202601,42,C.VIPER,CAMMY,5.222
202601,42,C.VIPER,JAMIE,5.216
202601,42,C.VIPER,CHUN-LI,5.151
202601,42,C.VIPER,DEE JAY,5.11
202601,42,C.VIPER,ED,5.091
202601,42,C.VIPER,LUKE,5.084
202601,42,C.VIPER,A.K.I.,5.066
202601,42,C.VIPER,LILY,5.055
202601,42,C.VIPER,TERRY,5.034
202601,42,C.VIPER,DHALSIM,5.032
202601,42,C.VIPER,GUILE,5.017
202601,42,C.VIPER,JURI,5.003
202601,42,C.VIPER,KEN,4.962
202601,42,C.VIPER,MANON,4.953
202601,42,C.VIPER,E.HONDA,4.918
202601,42,C.VIPER,SAGAT,4.877
202601,42,C.VIPER,JP,4.851
202601,42,C.VIPER,BLANKA,4.832
202601,42,C.VIPER,ELENA,4.832
202601,42,C.VIPER,VEGA,4.782
202601,42,C.VIPER,RASHID,4.742
202601,42,C.VIPER,MAI,4.601
202601,42,C.VIPER,KIMBERLY,4.571
202602,42,C.VIPER,ZANGIEF,5.626
202602,42,C.VIPER,LILY,5.556
202602,42,C.VIPER,RYU,5.398
202602,42,C.VIPER,LUKE,5.381
202602,42,C.VIPER,GOUKI,5.32
202602,42,C.VIPER,A.K.I.,5.263
202602,42,C.VIPER,JAMIE,5.232
202602,42,C.VIPER,CHUN-LI,5.232
202602,42,C.VIPER,MAI,5.158
202602,42,C.VIPER,CAMMY,5.129
202602,42,C.VIPER,SAGAT,5.115
202602,42,C.VIPER,JURI,5.045
202602,42,C.VIPER,BLANKA,5.042
202602,42,C.VIPER,DHALSIM,5.042
202602,42,C.VIPER,KEN,5.028
202602,42,C.VIPER,RASHID,5.022
202602,42,C.VIPER,ELENA,5.012
202602,42,C.VIPER,MANON,4.978
202602,42,C.VIPER,ED,4.977
202602,42,C.VIPER,MARISA,4.887
202602,42,C.VIPER,DEE JAY,4.886
202602,42,C.VIPER,KIMBERLY,4.883
202602,42,C.VIPER,GUILE,4.841
202602,42,C.VIPER,JP,4.816
202602,42,C.VIPER,E.HONDA,4.767
202602,42,C.VIPER,VEGA,4.75
202602,42,C.VIPER,TERRY,4.687
202603,42,C.VIPER,RYU,5.585
202603,42,C.VIPER,CHUN-LI,5.469
202603,42,C.VIPER,JAMIE,5.458
202603,42,C.VIPER,GOUKI,5.436
202603,42,C.VIPER,A.K.I.,5.298
202603,42,C.VIPER,CAMMY,5.269
202603,42,C.VIPER,LUKE,5.232
202603,42,C.VIPER,JURI,5.206
202603,42,C.VIPER,MARISA,5.142
202603,42,C.VIPER,ZANGIEF,5.14
202603,42,C.VIPER,TERRY,5.121
202603,42,C.VIPER,ELENA,5.121
202603,42,C.VIPER,DEE JAY,5.087
202603,42,C.VIPER,KEN,5.076
202603,42,C.VIPER,BLANKA,5.072
202603,42,C.VIPER,LILY,5.054
202603,42,C.VIPER,DHALSIM,5.046
202603,42,C.VIPER,ED,4.997
202603,42,C.VIPER,RASHID,4.995
202603,42,C.VIPER,MAI,4.992
202603,42,C.VIPER,JP,4.964
202603,42,C.VIPER,E.HONDA,4.958
202603,42,C.VIPER,MANON,4.953
202603,42,C.VIPER,GUILE,4.95
202603,42,C.VIPER,VEGA,4.936
202603,42,C.VIPER,SAGAT,4.932
202603,42,C.VIPER,KIMBERLY,4.851
202603,42,C.VIPER,ALEX,4.83
202604,42,C.VIPER,GOUKI,5.485
202604,42,C.VIPER,RYU,5.293
202604,42,C.VIPER,CHUN-LI,5.261
202604,42,C.VIPER,MARISA,5.253
202604,42,C.VIPER,JAMIE,5.193
202604,42,C.VIPER,ZANGIEF,5.186
202604,42,C.VIPER,KEN,5.159
202604,42,C.VIPER,CAMMY,5.158
202604,42,C.VIPER,LUKE,5.155
202604,42,C.VIPER,JURI,5.116
202604,42,C.VIPER,ED,5.089
202604,42,C.VIPER,DHALSIM,5.086
202604,42,C.VIPER,ELENA,5.047
202604,42,C.VIPER,LILY,5.025
202604,42,C.VIPER,TERRY,5.013
202604,42,C.VIPER,BLANKA,4.953
202604,42,C.VIPER,DEE JAY,4.944
202604,42,C.VIPER,SAGAT,4.942
202604,42,C.VIPER,MANON,4.934
202604,42,C.VIPER,RASHID,4.912
202604,42,C.VIPER,GUILE,4.903
202604,42,C.VIPER,A.K.I.,4.875
202604,42,C.VIPER,KIMBERLY,4.872
202604,42,C.VIPER,VEGA,4.846
202604,42,C.VIPER,ALEX,4.837
202604,42,C.VIPER,E.HONDA,4.828
202604,42,C.VIPER,JP,4.798
202604,42,C.VIPER,MAI,4.788
202605,42,C.VIPER,ZANGIEF,5.315
202605,42,C.VIPER,CAMMY,5.303
202605,42,C.VIPER,DEE JAY,5.278
202605,42,C.VIPER,RYU,5.239
202605,42,C.VIPER,CHUN-LI,5.231
202605,42,C.VIPER,ED,5.198
202605,42,C.VIPER,JAMIE,5.175
202605,42,C.VIPER,LILY,5.17
202605,42,C.VIPER,LUKE,5.157
202605,42,C.VIPER,KEN,5.147
202605,42,C.VIPER,GUILE,5.126
202605,42,C.VIPER,GOUKI,5.102
202605,42,C.VIPER,MARISA,5.015
202605,42,C.VIPER,JURI,4.985
202605,42,C.VIPER,A.K.I.,4.972
202605,42,C.VIPER,DHALSIM,4.955
202605,42,C.VIPER,VEGA,4.928
202605,42,C.VIPER,TERRY,4.882
202605,42,C.VIPER,SAGAT,4.849
202605,42,C.VIPER,INGRID,4.839
202605,42,C.VIPER,E.HONDA,4.832
202605,42,C.VIPER,BLANKA,4.815
202605,42,C.VIPER,MANON,4.811
202605,42,C.VIPER,KIMBERLY,4.811
202605,42,C.VIPER,ELENA,4.803
202605,42,C.VIPER,MAI,4.698
202605,42,C.VIPER,RASHID,4.669
202605,42,C.VIPER,JP,4.64
202605,42,C.VIPER,ALEX,4.475
202601,40,DEE JAY,DHALSIM,5.8
202601,40,DEE JAY,CAMMY,5.269
202601,40,DEE JAY,GOUKI,5.257
202601,40,DEE JAY,BLANKA,5.224
202601,40,DEE JAY,RASHID,5.191
202601,40,DEE JAY,JAMIE,5.145
202601,40,DEE JAY,KEN,5.115
202601,40,DEE JAY,KIMBERLY,5.089
202601,40,DEE JAY,ED,5.089
202601,40,DEE JAY,RYU,5.062
202601,40,DEE JAY,GUILE,5.06
202601,40,DEE JAY,C.VIPER,5.059
202601,40,DEE JAY,TERRY,5.008
202601,40,DEE JAY,SAGAT,5.008
202601,40,DEE JAY,JURI,4.971
202601,40,DEE JAY,ELENA,4.956
202601,40,DEE JAY,VEGA,4.937
202601,40,DEE JAY,CHUN-LI,4.923
202601,40,DEE JAY,E.HONDA,4.919
202601,40,DEE JAY,LUKE,4.913
202601,40,DEE JAY,MAI,4.875
202601,40,DEE JAY,A.K.I.,4.872
202601,40,DEE JAY,JP,4.85
202601,40,DEE JAY,MANON,4.818
202601,40,DEE JAY,LILY,4.721
202601,40,DEE JAY,ZANGIEF,4.637
202601,40,DEE JAY,MARISA,4.468
202602,40,DEE JAY,DHALSIM,5.727
202602,40,DEE JAY,JAMIE,5.449
202602,40,DEE JAY,CAMMY,5.306
202602,40,DEE JAY,GOUKI,5.223
202602,40,DEE JAY,TERRY,5.168
202602,40,DEE JAY,KEN,5.153
202602,40,DEE JAY,BLANKA,5.149
202602,40,DEE JAY,RYU,5.144
202602,40,DEE JAY,RASHID,5.112
202602,40,DEE JAY,ELENA,5.057
202602,40,DEE JAY,ED,5.054
202602,40,DEE JAY,SAGAT,4.988
202602,40,DEE JAY,C.VIPER,4.985
202602,40,DEE JAY,CHUN-LI,4.966
202602,40,DEE JAY,GUILE,4.961
202602,40,DEE JAY,JURI,4.945
202602,40,DEE JAY,VEGA,4.934
202602,40,DEE JAY,JP,4.91
202602,40,DEE JAY,KIMBERLY,4.894
202602,40,DEE JAY,LUKE,4.887
202602,40,DEE JAY,A.K.I.,4.875
202602,40,DEE JAY,ZANGIEF,4.874
202602,40,DEE JAY,MAI,4.847
202602,40,DEE JAY,MANON,4.839
202602,40,DEE JAY,E.HONDA,4.839
202602,40,DEE JAY,LILY,4.713
202602,40,DEE JAY,MARISA,4.567
202603,40,DEE JAY,DHALSIM,5.776
202603,40,DEE JAY,BLANKA,5.291
202603,40,DEE JAY,CAMMY,5.243
202603,40,DEE JAY,JAMIE,5.221
202603,40,DEE JAY,GOUKI,5.206
202603,40,DEE JAY,C.VIPER,5.187
202603,40,DEE JAY,RYU,5.153
202603,40,DEE JAY,ED,5.152
202603,40,DEE JAY,TERRY,5.146
202603,40,DEE JAY,RASHID,5.097
202603,40,DEE JAY,KEN,5.062
202603,40,DEE JAY,A.K.I.,5.026
202603,40,DEE JAY,JURI,4.996
202603,40,DEE JAY,SAGAT,4.983
202603,40,DEE JAY,GUILE,4.96
202603,40,DEE JAY,ALEX,4.926
202603,40,DEE JAY,KIMBERLY,4.92
202603,40,DEE JAY,JP,4.919
202603,40,DEE JAY,E.HONDA,4.914
202603,40,DEE JAY,MAI,4.893
202603,40,DEE JAY,VEGA,4.869
202603,40,DEE JAY,ZANGIEF,4.861
202603,40,DEE JAY,ELENA,4.859
202603,40,DEE JAY,LUKE,4.855
202603,40,DEE JAY,CHUN-LI,4.845
202603,40,DEE JAY,LILY,4.815
202603,40,DEE JAY,MANON,4.786
202603,40,DEE JAY,MARISA,4.664
202604,40,DEE JAY,DHALSIM,5.705
202604,40,DEE JAY,BLANKA,5.404
202604,40,DEE JAY,CAMMY,5.361
202604,40,DEE JAY,JAMIE,5.294
202604,40,DEE JAY,C.VIPER,5.246
202604,40,DEE JAY,GOUKI,5.177
202604,40,DEE JAY,ALEX,5.153
202604,40,DEE JAY,RYU,5.101
202604,40,DEE JAY,KEN,5.051
202604,40,DEE JAY,RASHID,5.03
202604,40,DEE JAY,SAGAT,5.026
202604,40,DEE JAY,ED,5.014
202604,40,DEE JAY,TERRY,4.97
202604,40,DEE JAY,KIMBERLY,4.966
202604,40,DEE JAY,MAI,4.958
202604,40,DEE JAY,A.K.I.,4.92
202604,40,DEE JAY,CHUN-LI,4.919
202604,40,DEE JAY,JURI,4.907
202604,40,DEE JAY,JP,4.904
202604,40,DEE JAY,ZANGIEF,4.904
202604,40,DEE JAY,VEGA,4.887
202604,40,DEE JAY,E.HONDA,4.877
202604,40,DEE JAY,GUILE,4.873
202604,40,DEE JAY,LUKE,4.81
202604,40,DEE JAY,LILY,4.794
202604,40,DEE JAY,MANON,4.788
202604,40,DEE JAY,ELENA,4.782
202604,40,DEE JAY,MARISA,4.574
202605,40,DEE JAY,DHALSIM,5.753
202605,40,DEE JAY,CAMMY,5.391
202605,40,DEE JAY,BLANKA,5.179
202605,40,DEE JAY,ED,5.168
202605,40,DEE JAY,KEN,5.166
202605,40,DEE JAY,JAMIE,5.138
202605,40,DEE JAY,RASHID,5.125
202605,40,DEE JAY,C.VIPER,5.116
202605,40,DEE JAY,RYU,5.108
202605,40,DEE JAY,ALEX,5.106
202605,40,DEE JAY,TERRY,5.105
202605,40,DEE JAY,GOUKI,5.094
202605,40,DEE JAY,VEGA,5.059
202605,40,DEE JAY,A.K.I.,4.991
202605,40,DEE JAY,SAGAT,4.989
202605,40,DEE JAY,MAI,4.986
202605,40,DEE JAY,KIMBERLY,4.971
202605,40,DEE JAY,GUILE,4.959
202605,40,DEE JAY,JURI,4.931
202605,40,DEE JAY,INGRID,4.928
202605,40,DEE JAY,ELENA,4.925
202605,40,DEE JAY,ZANGIEF,4.911
202605,40,DEE JAY,LUKE,4.89
202605,40,DEE JAY,JP,4.853
202605,40,DEE JAY,CHUN-LI,4.849
202605,40,DEE JAY,E.HONDA,4.781
202605,40,DEE JAY,LILY,4.758
202605,40,DEE JAY,MANON,4.707
202605,40,DEE JAY,MARISA,4.617
202601,41,DEE JAY,DHALSIM,5.866
202601,41,DEE JAY,CAMMY,5.414
202601,41,DEE JAY,JAMIE,5.347
202601,41,DEE JAY,GOUKI,5.25
202601,41,DEE JAY,BLANKA,5.177
202601,41,DEE JAY,RASHID,5.111
202601,41,DEE JAY,ED,5.093
202601,41,DEE JAY,RYU,5.079
202601,41,DEE JAY,KEN,5.075
202601,41,DEE JAY,KIMBERLY,5.045
202601,41,DEE JAY,C.VIPER,5.01
202601,41,DEE JAY,MAI,5.009
202601,41,DEE JAY,JP,5.007
202601,41,DEE JAY,A.K.I.,4.989
202601,41,DEE JAY,SAGAT,4.945
202601,41,DEE JAY,LUKE,4.941
202601,41,DEE JAY,TERRY,4.93
202601,41,DEE JAY,JURI,4.925
202601,41,DEE JAY,ELENA,4.913
202601,41,DEE JAY,CHUN-LI,4.912
202601,41,DEE JAY,GUILE,4.889
202601,41,DEE JAY,ZANGIEF,4.879
202601,41,DEE JAY,MANON,4.858
202601,41,DEE JAY,VEGA,4.798
202601,41,DEE JAY,LILY,4.707
202601,41,DEE JAY,E.HONDA,4.695
202601,41,DEE JAY,MARISA,4.409
202602,41,DEE JAY,DHALSIM,5.652
202602,41,DEE JAY,CAMMY,5.454
202602,41,DEE JAY,RYU,5.233
202602,41,DEE JAY,GOUKI,5.221
202602,41,DEE JAY,MANON,5.208
202602,41,DEE JAY,ED,5.185
202602,41,DEE JAY,JAMIE,5.17
202602,41,DEE JAY,A.K.I.,5.137
202602,41,DEE JAY,C.VIPER,5.091
202602,41,DEE JAY,ELENA,5.031
202602,41,DEE JAY,RASHID,5.025
202602,41,DEE JAY,JP,4.999
202602,41,DEE JAY,LUKE,4.977
202602,41,DEE JAY,VEGA,4.977
202602,41,DEE JAY,BLANKA,4.976
202602,41,DEE JAY,KEN,4.926
202602,41,DEE JAY,TERRY,4.921
202602,41,DEE JAY,SAGAT,4.886
202602,41,DEE JAY,MAI,4.868
202602,41,DEE JAY,JURI,4.85
202602,41,DEE JAY,GUILE,4.831
202602,41,DEE JAY,ZANGIEF,4.805
202602,41,DEE JAY,KIMBERLY,4.803
202602,41,DEE JAY,CHUN-LI,4.747
202602,41,DEE JAY,LILY,4.719
202602,41,DEE JAY,MARISA,4.689
202602,41,DEE JAY,E.HONDA,4.637
202603,41,DEE JAY,DHALSIM,5.578
202603,41,DEE JAY,CAMMY,5.288
202603,41,DEE JAY,GOUKI,5.211
202603,41,DEE JAY,JAMIE,5.207
202603,41,DEE JAY,ED,5.106
202603,41,DEE JAY,MANON,5.068
202603,41,DEE JAY,ALEX,5.061
202603,41,DEE JAY,KEN,5.023
202603,41,DEE JAY,BLANKA,4.998
202603,41,DEE JAY,MAI,4.998
202603,41,DEE JAY,VEGA,4.995
202603,41,DEE JAY,TERRY,4.991
202603,41,DEE JAY,C.VIPER,4.989
202603,41,DEE JAY,ZANGIEF,4.968
202603,41,DEE JAY,RYU,4.963
202603,41,DEE JAY,KIMBERLY,4.961
202603,41,DEE JAY,SAGAT,4.938
202603,41,DEE JAY,CHUN-LI,4.937
202603,41,DEE JAY,ELENA,4.901
202603,41,DEE JAY,JP,4.881
202603,41,DEE JAY,RASHID,4.866
202603,41,DEE JAY,A.K.I.,4.827
202603,41,DEE JAY,LUKE,4.797
202603,41,DEE JAY,JURI,4.79
202603,41,DEE JAY,GUILE,4.726
202603,41,DEE JAY,E.HONDA,4.653
202603,41,DEE JAY,LILY,4.587
202603,41,DEE JAY,MARISA,4.494
202604,41,DEE JAY,DHALSIM,5.755
202604,41,DEE JAY,JAMIE,5.321
202604,41,DEE JAY,CAMMY,5.263
202604,41,DEE JAY,JP,5.147
202604,41,DEE JAY,ALEX,5.136
202604,41,DEE JAY,RASHID,5.119
202604,41,DEE JAY,C.VIPER,5.11
202604,41,DEE JAY,GOUKI,5.098
202604,41,DEE JAY,TERRY,5.094
202604,41,DEE JAY,KEN,5.058
202604,41,DEE JAY,VEGA,5.033
202604,41,DEE JAY,RYU,5.028
202604,41,DEE JAY,ELENA,5.005
202604,41,DEE JAY,KIMBERLY,5.002
202604,41,DEE JAY,JURI,4.998
202604,41,DEE JAY,ED,4.997
202604,41,DEE JAY,SAGAT,4.982
202604,41,DEE JAY,LILY,4.977
202604,41,DEE JAY,BLANKA,4.962
202604,41,DEE JAY,E.HONDA,4.92
202604,41,DEE JAY,GUILE,4.898
202604,41,DEE JAY,MAI,4.875
202604,41,DEE JAY,A.K.I.,4.871
202604,41,DEE JAY,ZANGIEF,4.844
202604,41,DEE JAY,MANON,4.79
202604,41,DEE JAY,CHUN-LI,4.777
202604,41,DEE JAY,LUKE,4.717
202604,41,DEE JAY,MARISA,4.609
202605,41,DEE JAY,DHALSIM,5.579
202605,41,DEE JAY,CAMMY,5.41
202605,41,DEE JAY,JAMIE,5.37
202605,41,DEE JAY,ALEX,5.274
202605,41,DEE JAY,KIMBERLY,5.217
202605,41,DEE JAY,C.VIPER,5.206
202605,41,DEE JAY,RYU,5.182
202605,41,DEE JAY,RASHID,5.164
202605,41,DEE JAY,SAGAT,5.134
202605,41,DEE JAY,GUILE,5.118
202605,41,DEE JAY,ED,5.088
202605,41,DEE JAY,VEGA,5.071
202605,41,DEE JAY,GOUKI,5.05
202605,41,DEE JAY,MANON,5.042
202605,41,DEE JAY,ELENA,5.025
202605,41,DEE JAY,KEN,5.013
202605,41,DEE JAY,LUKE,4.967
202605,41,DEE JAY,TERRY,4.962
202605,41,DEE JAY,JP,4.934
202605,41,DEE JAY,CHUN-LI,4.931
202605,41,DEE JAY,MAI,4.851
202605,41,DEE JAY,A.K.I.,4.85
202605,41,DEE JAY,BLANKA,4.843
202605,41,DEE JAY,E.HONDA,4.826
202605,41,DEE JAY,LILY,4.801
202605,41,DEE JAY,JURI,4.751
202605,41,DEE JAY,ZANGIEF,4.738
202605,41,DEE JAY,INGRID,4.738
202605,41,DEE JAY,MARISA,4.611
202601,42,DEE JAY,JAMIE,5.334
202601,42,DEE JAY,DHALSIM,5.295
202601,42,DEE JAY,CAMMY,5.279
202601,42,DEE JAY,KEN,5.201
202601,42,DEE JAY,ED,5.16
202601,42,DEE JAY,GOUKI,5.157
202601,42,DEE JAY,TERRY,5.142
202601,42,DEE JAY,RYU,5.117
202601,42,DEE JAY,RASHID,5.089
202601,42,DEE JAY,GUILE,4.983
202601,42,DEE JAY,SAGAT,4.97
202601,42,DEE JAY,BLANKA,4.968
202601,42,DEE JAY,JP,4.951
202601,42,DEE JAY,JURI,4.938
202601,42,DEE JAY,MAI,4.934
202601,42,DEE JAY,A.K.I.,4.918
202601,42,DEE JAY,VEGA,4.896
202601,42,DEE JAY,C.VIPER,4.876
202601,42,DEE JAY,E.HONDA,4.867
202601,42,DEE JAY,KIMBERLY,4.859
202601,42,DEE JAY,ZANGIEF,4.83
202601,42,DEE JAY,ELENA,4.825
202601,42,DEE JAY,LUKE,4.775
202601,42,DEE JAY,CHUN-LI,4.762
202601,42,DEE JAY,MANON,4.755
202601,42,DEE JAY,LILY,4.748
202601,42,DEE JAY,MARISA,4.747
202602,42,DEE JAY,JAMIE,5.453
202602,42,DEE JAY,CAMMY,5.444
202602,42,DEE JAY,DHALSIM,5.391
202602,42,DEE JAY,TERRY,5.228
202602,42,DEE JAY,BLANKA,5.224
202602,42,DEE JAY,RYU,5.216
202602,42,DEE JAY,GOUKI,5.19
202602,42,DEE JAY,ED,5.104
202602,42,DEE JAY,C.VIPER,5.104
202602,42,DEE JAY,KEN,5.103
202602,42,DEE JAY,CHUN-LI,5.083
202602,42,DEE JAY,ELENA,5.03
202602,42,DEE JAY,KIMBERLY,4.991
202602,42,DEE JAY,LILY,4.979
202602,42,DEE JAY,MAI,4.977
202602,42,DEE JAY,JP,4.958
202602,42,DEE JAY,SAGAT,4.944
202602,42,DEE JAY,MANON,4.89
202602,42,DEE JAY,A.K.I.,4.885
202602,42,DEE JAY,VEGA,4.879
202602,42,DEE JAY,MARISA,4.85
202602,42,DEE JAY,JURI,4.839
202602,42,DEE JAY,GUILE,4.805
202602,42,DEE JAY,ZANGIEF,4.791
202602,42,DEE JAY,RASHID,4.767
202602,42,DEE JAY,LUKE,4.663
202602,42,DEE JAY,E.HONDA,4.636
202603,42,DEE JAY,DHALSIM,5.499
202603,42,DEE JAY,CAMMY,5.287
202603,42,DEE JAY,ALEX,5.226
202603,42,DEE JAY,KEN,5.214
202603,42,DEE JAY,JAMIE,5.171
202603,42,DEE JAY,BLANKA,5.142
202603,42,DEE JAY,TERRY,5.112
202603,42,DEE JAY,JP,5.077
202603,42,DEE JAY,ED,5.072
202603,42,DEE JAY,KIMBERLY,5.057
202603,42,DEE JAY,GOUKI,5.051
202603,42,DEE JAY,RYU,5.033
202603,42,DEE JAY,SAGAT,4.996
202603,42,DEE JAY,A.K.I.,4.979
202603,42,DEE JAY,CHUN-LI,4.971
202603,42,DEE JAY,ZANGIEF,4.915
202603,42,DEE JAY,ELENA,4.914
202603,42,DEE JAY,C.VIPER,4.906
202603,42,DEE JAY,JURI,4.886
202603,42,DEE JAY,GUILE,4.872
202603,42,DEE JAY,RASHID,4.864
202603,42,DEE JAY,MANON,4.844
202603,42,DEE JAY,LILY,4.84
202603,42,DEE JAY,MAI,4.839
202603,42,DEE JAY,LUKE,4.836
202603,42,DEE JAY,VEGA,4.806
202603,42,DEE JAY,E.HONDA,4.684
202603,42,DEE JAY,MARISA,4.603
202604,42,DEE JAY,JAMIE,5.395
202604,42,DEE JAY,DHALSIM,5.388
202604,42,DEE JAY,ALEX,5.316
202604,42,DEE JAY,CAMMY,5.306
202604,42,DEE JAY,ED,5.174
202604,42,DEE JAY,KEN,5.099
202604,42,DEE JAY,BLANKA,5.098
202604,42,DEE JAY,RYU,5.085
202604,42,DEE JAY,JP,5.07
202604,42,DEE JAY,GOUKI,5.068
202604,42,DEE JAY,TERRY,5.043
202604,42,DEE JAY,C.VIPER,4.999
202604,42,DEE JAY,KIMBERLY,4.995
202604,42,DEE JAY,ZANGIEF,4.964
202604,42,DEE JAY,RASHID,4.915
202604,42,DEE JAY,ELENA,4.891
202604,42,DEE JAY,JURI,4.878
202604,42,DEE JAY,VEGA,4.87
202604,42,DEE JAY,SAGAT,4.87
202604,42,DEE JAY,LILY,4.867
202604,42,DEE JAY,CHUN-LI,4.855
202604,42,DEE JAY,MANON,4.823
202604,42,DEE JAY,MAI,4.819
202604,42,DEE JAY,A.K.I.,4.818
202604,42,DEE JAY,LUKE,4.81
202604,42,DEE JAY,GUILE,4.733
202604,42,DEE JAY,E.HONDA,4.727
202604,42,DEE JAY,MARISA,4.643
202605,42,DEE JAY,JAMIE,5.316
202605,42,DEE JAY,RYU,5.236
202605,42,DEE JAY,DHALSIM,5.217
202605,42,DEE JAY,ED,5.198
202605,42,DEE JAY,KEN,5.197
202605,42,DEE JAY,INGRID,5.143
202605,42,DEE JAY,CAMMY,5.128
202605,42,DEE JAY,E.HONDA,5.125
202605,42,DEE JAY,MAI,5.11
202605,42,DEE JAY,LUKE,5.103
202605,42,DEE JAY,TERRY,5.091
202605,42,DEE JAY,GOUKI,5.081
202605,42,DEE JAY,GUILE,5.064
202605,42,DEE JAY,RASHID,5.062
202605,42,DEE JAY,ALEX,5.027
202605,42,DEE JAY,ZANGIEF,5.026
202605,42,DEE JAY,JP,5.024
202605,42,DEE JAY,KIMBERLY,5.019
202605,42,DEE JAY,VEGA,4.973
202605,42,DEE JAY,MANON,4.966
202605,42,DEE JAY,A.K.I.,4.965
202605,42,DEE JAY,JURI,4.957
202605,42,DEE JAY,BLANKA,4.881
202605,42,DEE JAY,MARISA,4.872
202605,42,DEE JAY,SAGAT,4.847
202605,42,DEE JAY,CHUN-LI,4.818
202605,42,DEE JAY,C.VIPER,4.793
202605,42,DEE JAY,LILY,4.758
202605,42,DEE JAY,ELENA,4.727
202601,40,DHALSIM,ZANGIEF,6.34
202601,40,DHALSIM,JP,5.993
202601,40,DHALSIM,MARISA,5.908
202601,40,DHALSIM,MANON,5.611
202601,40,DHALSIM,LILY,5.577
202601,40,DHALSIM,ELENA,5.53
202601,40,DHALSIM,ED,5.529
202601,40,DHALSIM,MAI,5.327
202601,40,DHALSIM,CHUN-LI,5.239
202601,40,DHALSIM,GOUKI,5.172
202601,40,DHALSIM,RYU,5.143
202601,40,DHALSIM,JAMIE,5.139
202601,40,DHALSIM,A.K.I.,5.113
202601,40,DHALSIM,LUKE,5.085
202601,40,DHALSIM,SAGAT,4.958
202601,40,DHALSIM,GUILE,4.92
202601,40,DHALSIM,KEN,4.866
202601,40,DHALSIM,JURI,4.85
202601,40,DHALSIM,TERRY,4.814
202601,40,DHALSIM,C.VIPER,4.799
202601,40,DHALSIM,BLANKA,4.765
202601,40,DHALSIM,KIMBERLY,4.738
202601,40,DHALSIM,RASHID,4.484
202601,40,DHALSIM,VEGA,4.422
202601,40,DHALSIM,CAMMY,4.415
202601,40,DHALSIM,DEE JAY,4.273
202601,40,DHALSIM,E.HONDA,4.159
202602,40,DHALSIM,ZANGIEF,6.315
202602,40,DHALSIM,LILY,6.025
202602,40,DHALSIM,MARISA,5.929
202602,40,DHALSIM,JP,5.802
202602,40,DHALSIM,MANON,5.773
202602,40,DHALSIM,ED,5.612
202602,40,DHALSIM,MAI,5.549
202602,40,DHALSIM,ELENA,5.475
202602,40,DHALSIM,JAMIE,5.3
202602,40,DHALSIM,CHUN-LI,5.273
202602,40,DHALSIM,GOUKI,5.21
202602,40,DHALSIM,RYU,5.124
202602,40,DHALSIM,SAGAT,5.081
202602,40,DHALSIM,A.K.I.,5.074
202602,40,DHALSIM,C.VIPER,5.015
202602,40,DHALSIM,LUKE,4.974
202602,40,DHALSIM,JURI,4.946
202602,40,DHALSIM,KEN,4.882
202602,40,DHALSIM,KIMBERLY,4.854
202602,40,DHALSIM,GUILE,4.841
202602,40,DHALSIM,TERRY,4.793
202602,40,DHALSIM,CAMMY,4.762
202602,40,DHALSIM,BLANKA,4.616
202602,40,DHALSIM,VEGA,4.557
202602,40,DHALSIM,DEE JAY,4.285
202602,40,DHALSIM,RASHID,4.266
202602,40,DHALSIM,E.HONDA,4.226
202603,40,DHALSIM,ZANGIEF,6.473
202603,40,DHALSIM,JP,5.958
202603,40,DHALSIM,ED,5.902
202603,40,DHALSIM,LILY,5.877
202603,40,DHALSIM,MARISA,5.687
202603,40,DHALSIM,MAI,5.684
202603,40,DHALSIM,MANON,5.389
202603,40,DHALSIM,JAMIE,5.283
202603,40,DHALSIM,GOUKI,5.258
202603,40,DHALSIM,ELENA,5.257
202603,40,DHALSIM,CHUN-LI,5.209
202603,40,DHALSIM,LUKE,5.149
202603,40,DHALSIM,JURI,5.077
202603,40,DHALSIM,A.K.I.,5.071
202603,40,DHALSIM,RYU,4.994
202603,40,DHALSIM,C.VIPER,4.944
202603,40,DHALSIM,SAGAT,4.926
202603,40,DHALSIM,KIMBERLY,4.915
202603,40,DHALSIM,TERRY,4.856
202603,40,DHALSIM,KEN,4.847
202603,40,DHALSIM,GUILE,4.753
202603,40,DHALSIM,CAMMY,4.699
202603,40,DHALSIM,ALEX,4.614
202603,40,DHALSIM,VEGA,4.465
202603,40,DHALSIM,BLANKA,4.346
202603,40,DHALSIM,RASHID,4.319
202603,40,DHALSIM,DEE JAY,4.233
202603,40,DHALSIM,E.HONDA,4.203
202604,40,DHALSIM,ZANGIEF,6.306
202604,40,DHALSIM,JP,6.063
202604,40,DHALSIM,LILY,5.985
202604,40,DHALSIM,MARISA,5.832
202604,40,DHALSIM,MANON,5.77
202604,40,DHALSIM,ED,5.554
202604,40,DHALSIM,CHUN-LI,5.473
202604,40,DHALSIM,ELENA,5.34
202604,40,DHALSIM,JAMIE,5.249
202604,40,DHALSIM,LUKE,5.234
202604,40,DHALSIM,A.K.I.,5.202
202604,40,DHALSIM,MAI,5.144
202604,40,DHALSIM,RYU,5.135
202604,40,DHALSIM,GOUKI,5.113
202604,40,DHALSIM,C.VIPER,5.062
202604,40,DHALSIM,SAGAT,5.047
202604,40,DHALSIM,JURI,5.011
202604,40,DHALSIM,TERRY,5.0
202604,40,DHALSIM,KIMBERLY,4.984
202604,40,DHALSIM,KEN,4.936
202604,40,DHALSIM,GUILE,4.872
202604,40,DHALSIM,CAMMY,4.767
202604,40,DHALSIM,ALEX,4.707
202604,40,DHALSIM,VEGA,4.577
202604,40,DHALSIM,BLANKA,4.553
202604,40,DHALSIM,RASHID,4.353
202604,40,DHALSIM,DEE JAY,4.298
202604,40,DHALSIM,E.HONDA,3.78
202605,40,DHALSIM,ZANGIEF,6.362
202605,40,DHALSIM,LILY,6.289
202605,40,DHALSIM,JP,6.083
202605,40,DHALSIM,ED,5.748
202605,40,DHALSIM,MARISA,5.733
202605,40,DHALSIM,MAI,5.595
202605,40,DHALSIM,MANON,5.453
202605,40,DHALSIM,CHUN-LI,5.443
202605,40,DHALSIM,ELENA,5.395
202605,40,DHALSIM,JAMIE,5.305
202605,40,DHALSIM,A.K.I.,5.224
202605,40,DHALSIM,RYU,5.221
202605,40,DHALSIM,LUKE,5.201
202605,40,DHALSIM,GOUKI,5.159
202605,40,DHALSIM,SAGAT,5.101
202605,40,DHALSIM,JURI,5.049
202605,40,DHALSIM,GUILE,5.033
202605,40,DHALSIM,TERRY,4.96
202605,40,DHALSIM,C.VIPER,4.948
202605,40,DHALSIM,KIMBERLY,4.784
202605,40,DHALSIM,KEN,4.784
202605,40,DHALSIM,VEGA,4.738
202605,40,DHALSIM,ALEX,4.68
202605,40,DHALSIM,CAMMY,4.664
202605,40,DHALSIM,BLANKA,4.556
202605,40,DHALSIM,E.HONDA,4.286
202605,40,DHALSIM,DEE JAY,4.249
202605,40,DHALSIM,RASHID,4.23
202605,40,DHALSIM,INGRID,3.968
202601,41,DHALSIM,LILY,6.285
202601,41,DHALSIM,JP,5.969
202601,41,DHALSIM,ZANGIEF,5.938
202601,41,DHALSIM,ED,5.752
202601,41,DHALSIM,MANON,5.746
202601,41,DHALSIM,MARISA,5.712
202601,41,DHALSIM,CHUN-LI,5.488
202601,41,DHALSIM,MAI,5.42
202601,41,DHALSIM,ELENA,5.286
202601,41,DHALSIM,LUKE,5.199
202601,41,DHALSIM,GOUKI,5.188
202601,41,DHALSIM,RYU,5.031
202601,41,DHALSIM,SAGAT,5.012
202601,41,DHALSIM,TERRY,4.988
202601,41,DHALSIM,JAMIE,4.962
202601,41,DHALSIM,A.K.I.,4.959
202601,41,DHALSIM,JURI,4.887
202601,41,DHALSIM,KIMBERLY,4.839
202601,41,DHALSIM,GUILE,4.83
202601,41,DHALSIM,KEN,4.778
202601,41,DHALSIM,CAMMY,4.729
202601,41,DHALSIM,BLANKA,4.637
202601,41,DHALSIM,C.VIPER,4.587
202601,41,DHALSIM,VEGA,4.523
202601,41,DHALSIM,RASHID,4.192
202601,41,DHALSIM,E.HONDA,4.106
202601,41,DHALSIM,DEE JAY,4.086
202602,41,DHALSIM,MANON,5.893
202602,41,DHALSIM,JP,5.855
202602,41,DHALSIM,LILY,5.791
202602,41,DHALSIM,MAI,5.788
202602,41,DHALSIM,ED,5.779
202602,41,DHALSIM,ZANGIEF,5.621
202602,41,DHALSIM,MARISA,5.508
202602,41,DHALSIM,A.K.I.,5.317
202602,41,DHALSIM,ELENA,5.296
202602,41,DHALSIM,CHUN-LI,5.244
202602,41,DHALSIM,JAMIE,5.143
202602,41,DHALSIM,C.VIPER,5.01
202602,41,DHALSIM,RYU,5.009
202602,41,DHALSIM,KEN,5.003
202602,41,DHALSIM,LUKE,5.0
202602,41,DHALSIM,GOUKI,4.944
202602,41,DHALSIM,JURI,4.934
202602,41,DHALSIM,E.HONDA,4.888
202602,41,DHALSIM,GUILE,4.888
202602,41,DHALSIM,TERRY,4.787
202602,41,DHALSIM,SAGAT,4.785
202602,41,DHALSIM,CAMMY,4.543
202602,41,DHALSIM,KIMBERLY,4.479
202602,41,DHALSIM,VEGA,4.44
202602,41,DHALSIM,BLANKA,4.43
202602,41,DHALSIM,DEE JAY,4.412
202602,41,DHALSIM,RASHID,4.117
202603,41,DHALSIM,ZANGIEF,6.369
202603,41,DHALSIM,LILY,5.996
202603,41,DHALSIM,JP,5.871
202603,41,DHALSIM,ELENA,5.672
202603,41,DHALSIM,MARISA,5.624
202603,41,DHALSIM,MAI,5.572
202603,41,DHALSIM,CHUN-LI,5.554
202603,41,DHALSIM,ED,5.503
202603,41,DHALSIM,MANON,5.381
202603,41,DHALSIM,JAMIE,5.234
202603,41,DHALSIM,A.K.I.,5.147
202603,41,DHALSIM,KIMBERLY,5.104
202603,41,DHALSIM,LUKE,5.102
202603,41,DHALSIM,RYU,5.019
202603,41,DHALSIM,GUILE,4.972
202603,41,DHALSIM,JURI,4.913
202603,41,DHALSIM,GOUKI,4.884
202603,41,DHALSIM,TERRY,4.804
202603,41,DHALSIM,C.VIPER,4.77
202603,41,DHALSIM,KEN,4.696
202603,41,DHALSIM,VEGA,4.672
202603,41,DHALSIM,ALEX,4.672
202603,41,DHALSIM,SAGAT,4.645
202603,41,DHALSIM,E.HONDA,4.59
202603,41,DHALSIM,BLANKA,4.578
202603,41,DHALSIM,DEE JAY,4.443
202603,41,DHALSIM,CAMMY,4.414
202603,41,DHALSIM,RASHID,3.977
202604,41,DHALSIM,ZANGIEF,6.274
202604,41,DHALSIM,JP,6.194
202604,41,DHALSIM,LILY,5.868
202604,41,DHALSIM,MARISA,5.848
202604,41,DHALSIM,ED,5.831
202604,41,DHALSIM,MAI,5.687
202604,41,DHALSIM,CHUN-LI,5.521
202604,41,DHALSIM,MANON,5.397
202604,41,DHALSIM,ELENA,5.395
202604,41,DHALSIM,A.K.I.,5.312
202604,41,DHALSIM,C.VIPER,5.261
202604,41,DHALSIM,JAMIE,5.129
202604,41,DHALSIM,LUKE,5.124
202604,41,DHALSIM,RYU,5.122
202604,41,DHALSIM,GUILE,5.032
202604,41,DHALSIM,TERRY,4.936
202604,41,DHALSIM,KIMBERLY,4.897
202604,41,DHALSIM,GOUKI,4.882
202604,41,DHALSIM,KEN,4.763
202604,41,DHALSIM,SAGAT,4.728
202604,41,DHALSIM,VEGA,4.634
202604,41,DHALSIM,CAMMY,4.563
202604,41,DHALSIM,ALEX,4.455
202604,41,DHALSIM,JURI,4.454
202604,41,DHALSIM,BLANKA,4.288
202604,41,DHALSIM,E.HONDA,4.255
202604,41,DHALSIM,DEE JAY,4.149
202604,41,DHALSIM,RASHID,4.057
202605,41,DHALSIM,ZANGIEF,6.225
202605,41,DHALSIM,LILY,6.222
202605,41,DHALSIM,MANON,5.838
202605,41,DHALSIM,MARISA,5.799
202605,41,DHALSIM,JP,5.566
202605,41,DHALSIM,ED,5.56
202605,41,DHALSIM,CHUN-LI,5.364
202605,41,DHALSIM,MAI,5.34
202605,41,DHALSIM,JAMIE,5.226
202605,41,DHALSIM,RYU,5.21
202605,41,DHALSIM,ELENA,5.153
202605,41,DHALSIM,GOUKI,5.084
202605,41,DHALSIM,C.VIPER,5.078
202605,41,DHALSIM,LUKE,5.003
202605,41,DHALSIM,GUILE,4.984
202605,41,DHALSIM,A.K.I.,4.97
202605,41,DHALSIM,VEGA,4.846
202605,41,DHALSIM,SAGAT,4.846
202605,41,DHALSIM,E.HONDA,4.838
202605,41,DHALSIM,TERRY,4.796
202605,41,DHALSIM,CAMMY,4.77
202605,41,DHALSIM,JURI,4.768
202605,41,DHALSIM,KEN,4.707
202605,41,DHALSIM,ALEX,4.666
202605,41,DHALSIM,KIMBERLY,4.615
202605,41,DHALSIM,DEE JAY,4.429
202605,41,DHALSIM,BLANKA,4.402
202605,41,DHALSIM,RASHID,4.165
202605,41,DHALSIM,INGRID,4.039
202601,42,DHALSIM,ZANGIEF,6.22
202601,42,DHALSIM,LILY,5.969
202601,42,DHALSIM,JP,5.679
202601,42,DHALSIM,ED,5.578
202601,42,DHALSIM,MARISA,5.522
202601,42,DHALSIM,CHUN-LI,5.512
202601,42,DHALSIM,MANON,5.463
202601,42,DHALSIM,MAI,5.453
202601,42,DHALSIM,ELENA,5.384
202601,42,DHALSIM,JAMIE,5.325
202601,42,DHALSIM,A.K.I.,5.157
202601,42,DHALSIM,RYU,5.071
202601,42,DHALSIM,GOUKI,5.045
202601,42,DHALSIM,GUILE,4.949
202601,42,DHALSIM,TERRY,4.934
202601,42,DHALSIM,E.HONDA,4.92
202601,42,DHALSIM,KEN,4.914
202601,42,DHALSIM,C.VIPER,4.91
202601,42,DHALSIM,LUKE,4.904
202601,42,DHALSIM,JURI,4.898
202601,42,DHALSIM,VEGA,4.716
202601,42,DHALSIM,DEE JAY,4.714
202601,42,DHALSIM,CAMMY,4.561
202601,42,DHALSIM,SAGAT,4.555
202601,42,DHALSIM,KIMBERLY,4.431
202601,42,DHALSIM,BLANKA,4.351
202601,42,DHALSIM,RASHID,4.217
202602,42,DHALSIM,LILY,5.952
202602,42,DHALSIM,MARISA,5.904
202602,42,DHALSIM,ZANGIEF,5.664
202602,42,DHALSIM,JAMIE,5.595
202602,42,DHALSIM,CHUN-LI,5.594
202602,42,DHALSIM,JP,5.537
202602,42,DHALSIM,ED,5.523
202602,42,DHALSIM,ELENA,5.483
202602,42,DHALSIM,MANON,5.409
202602,42,DHALSIM,MAI,5.251
202602,42,DHALSIM,A.K.I.,5.204
202602,42,DHALSIM,GUILE,5.155
202602,42,DHALSIM,RYU,5.152
202602,42,DHALSIM,KEN,5.119
202602,42,DHALSIM,TERRY,5.074
202602,42,DHALSIM,E.HONDA,5.069
202602,42,DHALSIM,LUKE,5.0
202602,42,DHALSIM,C.VIPER,4.993
202602,42,DHALSIM,GOUKI,4.977
202602,42,DHALSIM,BLANKA,4.81
202602,42,DHALSIM,JURI,4.69
202602,42,DHALSIM,VEGA,4.655
202602,42,DHALSIM,KIMBERLY,4.646
202602,42,DHALSIM,SAGAT,4.617
202602,42,DHALSIM,DEE JAY,4.553
202602,42,DHALSIM,CAMMY,4.433
202602,42,DHALSIM,RASHID,4.113
202603,42,DHALSIM,ZANGIEF,5.853
202603,42,DHALSIM,MARISA,5.662
202603,42,DHALSIM,LILY,5.593
202603,42,DHALSIM,JP,5.551
202603,42,DHALSIM,ED,5.539
202603,42,DHALSIM,MANON,5.53
202603,42,DHALSIM,ELENA,5.499
202603,42,DHALSIM,CHUN-LI,5.425
202603,42,DHALSIM,MAI,5.291
202603,42,DHALSIM,LUKE,5.25
202603,42,DHALSIM,A.K.I.,5.215
202603,42,DHALSIM,JAMIE,5.039
202603,42,DHALSIM,GOUKI,5.031
202603,42,DHALSIM,C.VIPER,5.0
202603,42,DHALSIM,RYU,4.968
202603,42,DHALSIM,KEN,4.944
202603,42,DHALSIM,E.HONDA,4.917
202603,42,DHALSIM,SAGAT,4.86
202603,42,DHALSIM,GUILE,4.843
202603,42,DHALSIM,JURI,4.783
202603,42,DHALSIM,TERRY,4.758
202603,42,DHALSIM,ALEX,4.705
202603,42,DHALSIM,BLANKA,4.594
202603,42,DHALSIM,CAMMY,4.589
202603,42,DHALSIM,VEGA,4.569
202603,42,DHALSIM,DEE JAY,4.533
202603,42,DHALSIM,KIMBERLY,4.38
202603,42,DHALSIM,RASHID,4.081
202604,42,DHALSIM,ZANGIEF,5.986
202604,42,DHALSIM,LILY,5.862
202604,42,DHALSIM,CHUN-LI,5.705
202604,42,DHALSIM,JP,5.671
202604,42,DHALSIM,MARISA,5.57
202604,42,DHALSIM,ED,5.553
202604,42,DHALSIM,ELENA,5.525
202604,42,DHALSIM,MAI,5.354
202604,42,DHALSIM,MANON,5.218
202604,42,DHALSIM,JAMIE,5.209
202604,42,DHALSIM,RYU,5.111
202604,42,DHALSIM,GOUKI,5.073
202604,42,DHALSIM,LUKE,5.07
202604,42,DHALSIM,E.HONDA,5.041
202604,42,DHALSIM,A.K.I.,5.0
202604,42,DHALSIM,C.VIPER,4.88
202604,42,DHALSIM,JURI,4.864
202604,42,DHALSIM,GUILE,4.855
202604,42,DHALSIM,KEN,4.837
202604,42,DHALSIM,TERRY,4.824
202604,42,DHALSIM,SAGAT,4.817
202604,42,DHALSIM,VEGA,4.749
202604,42,DHALSIM,CAMMY,4.599
202604,42,DHALSIM,BLANKA,4.595
202604,42,DHALSIM,DEE JAY,4.54
202604,42,DHALSIM,ALEX,4.529
202604,42,DHALSIM,KIMBERLY,4.503
202604,42,DHALSIM,RASHID,4.024
202605,42,DHALSIM,ZANGIEF,6.093
202605,42,DHALSIM,ELENA,5.957
202605,42,DHALSIM,LILY,5.913
202605,42,DHALSIM,ED,5.562
202605,42,DHALSIM,JP,5.545
202605,42,DHALSIM,MANON,5.486
202605,42,DHALSIM,MARISA,5.478
202605,42,DHALSIM,A.K.I.,5.336
202605,42,DHALSIM,MAI,5.304
202605,42,DHALSIM,CHUN-LI,5.251
202605,42,DHALSIM,JAMIE,5.208
202605,42,DHALSIM,LUKE,5.184
202605,42,DHALSIM,RYU,5.149
202605,42,DHALSIM,KEN,5.137
202605,42,DHALSIM,E.HONDA,5.13
202605,42,DHALSIM,TERRY,5.035
202605,42,DHALSIM,C.VIPER,5.025
202605,42,DHALSIM,GUILE,4.993
202605,42,DHALSIM,GOUKI,4.86
202605,42,DHALSIM,JURI,4.849
202605,42,DHALSIM,SAGAT,4.832
202605,42,DHALSIM,DEE JAY,4.819
202605,42,DHALSIM,ALEX,4.673
202605,42,DHALSIM,BLANKA,4.646
202605,42,DHALSIM,CAMMY,4.499
202605,42,DHALSIM,KIMBERLY,4.478
202605,42,DHALSIM,RASHID,4.383
202605,42,DHALSIM,VEGA,4.383
202605,42,DHALSIM,INGRID,4.028
202601,40,ED,MANON,5.361
202601,40,ED,ZANGIEF,5.328
202601,40,ED,MARISA,5.256
202601,40,ED,LUKE,5.204
202601,40,ED,JAMIE,5.196
202601,40,ED,JP,5.18
202601,40,ED,KEN,5.116
202601,40,ED,RYU,5.115
202601,40,ED,JURI,5.084
202601,40,ED,VEGA,5.077
202601,40,ED,TERRY,5.056
202601,40,ED,GOUKI,5.0
202601,40,ED,SAGAT,4.994
202601,40,ED,MAI,4.978
202601,40,ED,ELENA,4.976
202601,40,ED,CAMMY,4.943
202601,40,ED,C.VIPER,4.938
202601,40,ED,DEE JAY,4.908
202601,40,ED,LILY,4.907
202601,40,ED,E.HONDA,4.848
202601,40,ED,GUILE,4.833
202601,40,ED,A.K.I.,4.711
202601,40,ED,CHUN-LI,4.688
202601,40,ED,RASHID,4.668
202601,40,ED,BLANKA,4.541
202601,40,ED,KIMBERLY,4.476
202601,40,ED,DHALSIM,4.417
202602,40,ED,MANON,5.446
202602,40,ED,ZANGIEF,5.324
202602,40,ED,KEN,5.225
202602,40,ED,JAMIE,5.211
202602,40,ED,LUKE,5.168
202602,40,ED,MARISA,5.15
202602,40,ED,RYU,5.142
202602,40,ED,JURI,5.118
202602,40,ED,ELENA,5.105
202602,40,ED,VEGA,5.088
202602,40,ED,JP,5.059
202602,40,ED,GOUKI,5.044
202602,40,ED,SAGAT,5.035
202602,40,ED,LILY,4.992
202602,40,ED,CAMMY,4.981
202602,40,ED,DEE JAY,4.954
202602,40,ED,C.VIPER,4.953
202602,40,ED,TERRY,4.931
202602,40,ED,E.HONDA,4.918
202602,40,ED,MAI,4.883
202602,40,ED,A.K.I.,4.796
202602,40,ED,RASHID,4.748
202602,40,ED,GUILE,4.669
202602,40,ED,CHUN-LI,4.661
202602,40,ED,KIMBERLY,4.551
202602,40,ED,BLANKA,4.414
202602,40,ED,DHALSIM,4.374
202603,40,ED,ZANGIEF,5.561
202603,40,ED,MANON,5.413
202603,40,ED,MARISA,5.214
202603,40,ED,JURI,5.159
202603,40,ED,KEN,5.157
202603,40,ED,JAMIE,5.106
202603,40,ED,LUKE,5.087
202603,40,ED,RYU,5.079
202603,40,ED,VEGA,5.076
202603,40,ED,JP,5.057
202603,40,ED,SAGAT,5.038
202603,40,ED,CAMMY,4.985
202603,40,ED,GOUKI,4.983
202603,40,ED,TERRY,4.978
202603,40,ED,ELENA,4.966
202603,40,ED,MAI,4.953
202603,40,ED,LILY,4.929
202603,40,ED,C.VIPER,4.911
202603,40,ED,E.HONDA,4.9
202603,40,ED,DEE JAY,4.847
202603,40,ED,ALEX,4.843
202603,40,ED,GUILE,4.778
202603,40,ED,BLANKA,4.744
202603,40,ED,RASHID,4.716
202603,40,ED,CHUN-LI,4.674
202603,40,ED,A.K.I.,4.639
202603,40,ED,KIMBERLY,4.537
202603,40,ED,DHALSIM,4.165
202604,40,ED,ZANGIEF,5.453
202604,40,ED,LUKE,5.242
202604,40,ED,MANON,5.204
202604,40,ED,MARISA,5.168
202604,40,ED,RYU,5.143
202604,40,ED,ALEX,5.119
202604,40,ED,TERRY,5.077
202604,40,ED,JAMIE,5.074
202604,40,ED,KEN,5.056
202604,40,ED,VEGA,5.046
202604,40,ED,DEE JAY,5.003
202604,40,ED,JURI,4.984
202604,40,ED,CAMMY,4.968
202604,40,ED,MAI,4.962
202604,40,ED,GOUKI,4.959
202604,40,ED,GUILE,4.941
202604,40,ED,LILY,4.928
202604,40,ED,JP,4.917
202604,40,ED,C.VIPER,4.904
202604,40,ED,ELENA,4.872
202604,40,ED,CHUN-LI,4.857
202604,40,ED,SAGAT,4.848
202604,40,ED,A.K.I.,4.808
202604,40,ED,E.HONDA,4.804
202604,40,ED,RASHID,4.779
202604,40,ED,BLANKA,4.661
202604,40,ED,DHALSIM,4.413
202604,40,ED,KIMBERLY,4.393
202605,40,ED,MANON,5.511
202605,40,ED,ZANGIEF,5.418
202605,40,ED,LUKE,5.241
202605,40,ED,JURI,5.223
202605,40,ED,KEN,5.216
202605,40,ED,RYU,5.188
202605,40,ED,GOUKI,5.129
202605,40,ED,JP,5.094
202605,40,ED,MAI,5.051
202605,40,ED,MARISA,5.043
202605,40,ED,ALEX,5.034
202605,40,ED,CAMMY,5.029
202605,40,ED,ELENA,5.003
202605,40,ED,VEGA,4.994
202605,40,ED,SAGAT,4.97
202605,40,ED,C.VIPER,4.939
202605,40,ED,JAMIE,4.935
202605,40,ED,TERRY,4.905
202605,40,ED,DEE JAY,4.85
202605,40,ED,E.HONDA,4.846
202605,40,ED,A.K.I.,4.816
202605,40,ED,LILY,4.813
202605,40,ED,GUILE,4.805
202605,40,ED,RASHID,4.723
202605,40,ED,BLANKA,4.654
202605,40,ED,CHUN-LI,4.607
202605,40,ED,KIMBERLY,4.59
202605,40,ED,DHALSIM,4.346
202605,40,ED,INGRID,4.264
202601,41,ED,ZANGIEF,5.336
202601,41,ED,MANON,5.323
202601,41,ED,MARISA,5.196
202601,41,ED,JAMIE,5.171
202601,41,ED,KEN,5.166
202601,41,ED,LUKE,5.114
202601,41,ED,SAGAT,5.114
202601,41,ED,E.HONDA,5.099
202601,41,ED,RYU,5.092
202601,41,ED,GOUKI,5.084
202601,41,ED,C.VIPER,5.084
202601,41,ED,JURI,5.062
202601,41,ED,VEGA,5.02
202601,41,ED,TERRY,5.01
202601,41,ED,JP,4.992
202601,41,ED,CAMMY,4.982
202601,41,ED,DEE JAY,4.929
202601,41,ED,RASHID,4.905
202601,41,ED,MAI,4.876
202601,41,ED,A.K.I.,4.852
202601,41,ED,LILY,4.836
202601,41,ED,ELENA,4.829
202601,41,ED,GUILE,4.733
202601,41,ED,CHUN-LI,4.704
202601,41,ED,BLANKA,4.539
202601,41,ED,KIMBERLY,4.521
202601,41,ED,DHALSIM,4.28
202602,41,ED,MARISA,5.301
202602,41,ED,MANON,5.28
202602,41,ED,ZANGIEF,5.262
202602,41,ED,SAGAT,5.177
202602,41,ED,JP,5.175
202602,41,ED,LILY,5.165
202602,41,ED,LUKE,5.151
202602,41,ED,KEN,5.125
202602,41,ED,GOUKI,5.087
202602,41,ED,VEGA,5.086
202602,41,ED,JURI,5.069
202602,41,ED,E.HONDA,5.06
202602,41,ED,CAMMY,5.048
202602,41,ED,RYU,5.032
202602,41,ED,JAMIE,5.02
202602,41,ED,TERRY,4.991
202602,41,ED,C.VIPER,4.944
202602,41,ED,ELENA,4.879
202602,41,ED,BLANKA,4.877
202602,41,ED,DEE JAY,4.866
202602,41,ED,A.K.I.,4.818
202602,41,ED,RASHID,4.792
202602,41,ED,GUILE,4.742
202602,41,ED,KIMBERLY,4.685
202602,41,ED,MAI,4.625
202602,41,ED,CHUN-LI,4.585
202602,41,ED,DHALSIM,4.287
202603,41,ED,MANON,5.479
202603,41,ED,ZANGIEF,5.459
202603,41,ED,MARISA,5.321
202603,41,ED,LUKE,5.152
202603,41,ED,JURI,5.137
202603,41,ED,JP,5.108
202603,41,ED,LILY,5.082
202603,41,ED,VEGA,5.047
202603,41,ED,RYU,5.034
202603,41,ED,C.VIPER,5.006
202603,41,ED,KEN,4.961
202603,41,ED,JAMIE,4.96
202603,41,ED,TERRY,4.956
202603,41,ED,SAGAT,4.949
202603,41,ED,DEE JAY,4.911
202603,41,ED,GOUKI,4.897
202603,41,ED,ALEX,4.874
202603,41,ED,CAMMY,4.87
202603,41,ED,ELENA,4.848
202603,41,ED,E.HONDA,4.823
202603,41,ED,MAI,4.817
202603,41,ED,GUILE,4.776
202603,41,ED,CHUN-LI,4.657
202603,41,ED,A.K.I.,4.642
202603,41,ED,KIMBERLY,4.64
202603,41,ED,RASHID,4.625
202603,41,ED,BLANKA,4.423
202603,41,ED,DHALSIM,4.385
202604,41,ED,MANON,5.442
202604,41,ED,ZANGIEF,5.387
202604,41,ED,LILY,5.375
202604,41,ED,JURI,5.262
202604,41,ED,MARISA,5.218
202604,41,ED,RYU,5.193
202604,41,ED,JAMIE,5.143
202604,41,ED,E.HONDA,5.138
202604,41,ED,ALEX,5.123
202604,41,ED,KEN,5.122
202604,41,ED,C.VIPER,5.051
202604,41,ED,LUKE,5.032
202604,41,ED,JP,5.018
202604,41,ED,GOUKI,5.017
202604,41,ED,DEE JAY,5.005
202604,41,ED,VEGA,4.989
202604,41,ED,SAGAT,4.964
202604,41,ED,TERRY,4.946
202604,41,ED,GUILE,4.899
202604,41,ED,CAMMY,4.887
202604,41,ED,A.K.I.,4.811
202604,41,ED,ELENA,4.794
202604,41,ED,MAI,4.756
202604,41,ED,KIMBERLY,4.73
202604,41,ED,CHUN-LI,4.605
202604,41,ED,RASHID,4.577
202604,41,ED,BLANKA,4.385
202604,41,ED,DHALSIM,4.137
202605,41,ED,MANON,5.344
202605,41,ED,JURI,5.284
202605,41,ED,JP,5.273
202605,41,ED,ZANGIEF,5.269
202605,41,ED,LUKE,5.247
202605,41,ED,RYU,5.235
202605,41,ED,LILY,5.16
202605,41,ED,VEGA,5.136
202605,41,ED,MARISA,5.128
202605,41,ED,TERRY,5.087
202605,41,ED,ALEX,5.079
202605,41,ED,SAGAT,5.047
202605,41,ED,GUILE,5.019
202605,41,ED,KEN,5.014
202605,41,ED,CAMMY,5.003
202605,41,ED,JAMIE,4.982
202605,41,ED,C.VIPER,4.953
202605,41,ED,GOUKI,4.899
202605,41,ED,MAI,4.863
202605,41,ED,DEE JAY,4.854
202605,41,ED,A.K.I.,4.825
202605,41,ED,RASHID,4.795
202605,41,ED,ELENA,4.786
202605,41,ED,CHUN-LI,4.765
202605,41,ED,E.HONDA,4.743
202605,41,ED,INGRID,4.628
202605,41,ED,KIMBERLY,4.578
202605,41,ED,BLANKA,4.522
202605,41,ED,DHALSIM,4.438
202601,42,ED,MANON,5.375
202601,42,ED,VEGA,5.304
202601,42,ED,ZANGIEF,5.275
202601,42,ED,SAGAT,5.273
202601,42,ED,MARISA,5.248
202601,42,ED,RYU,5.229
202601,42,ED,KEN,5.228
202601,42,ED,JP,5.214
202601,42,ED,LUKE,5.206
202601,42,ED,JURI,5.181
202601,42,ED,ELENA,5.087
202601,42,ED,LILY,5.066
202601,42,ED,JAMIE,5.034
202601,42,ED,GOUKI,5.004
202601,42,ED,E.HONDA,4.97
202601,42,ED,CAMMY,4.964
202601,42,ED,TERRY,4.924
202601,42,ED,C.VIPER,4.921
202601,42,ED,A.K.I.,4.873
202601,42,ED,GUILE,4.858
202601,42,ED,BLANKA,4.856
202601,42,ED,DEE JAY,4.843
202601,42,ED,RASHID,4.823
202601,42,ED,CHUN-LI,4.656
202601,42,ED,MAI,4.592
202601,42,ED,KIMBERLY,4.584
202601,42,ED,DHALSIM,4.392
202602,42,ED,SAGAT,5.384
202602,42,ED,JP,5.327
202602,42,ED,KEN,5.305
202602,42,ED,E.HONDA,5.304
202602,42,ED,MANON,5.274
202602,42,ED,VEGA,5.269
202602,42,ED,MARISA,5.185
202602,42,ED,LUKE,5.176
202602,42,ED,JURI,5.075
202602,42,ED,JAMIE,5.052
202602,42,ED,ZANGIEF,5.005
202602,42,ED,LILY,5.0
202602,42,ED,ELENA,4.995
202602,42,ED,GOUKI,4.966
202602,42,ED,C.VIPER,4.953
202602,42,ED,TERRY,4.951
202602,42,ED,CAMMY,4.948
202602,42,ED,DEE JAY,4.946
202602,42,ED,BLANKA,4.885
202602,42,ED,RYU,4.868
202602,42,ED,MAI,4.845
202602,42,ED,KIMBERLY,4.771
202602,42,ED,RASHID,4.761
202602,42,ED,A.K.I.,4.754
202602,42,ED,CHUN-LI,4.673
202602,42,ED,GUILE,4.666
202602,42,ED,DHALSIM,4.536
202603,42,ED,JURI,5.33
202603,42,ED,VEGA,5.275
202603,42,ED,LUKE,5.266
202603,42,ED,MANON,5.266
202603,42,ED,KEN,5.229
202603,42,ED,ZANGIEF,5.186
202603,42,ED,MARISA,5.151
202603,42,ED,E.HONDA,5.062
202603,42,ED,RYU,5.05
202603,42,ED,JP,5.034
202603,42,ED,GOUKI,5.013
202603,42,ED,BLANKA,5.011
202603,42,ED,SAGAT,5.008
202603,42,ED,C.VIPER,4.995
202603,42,ED,ALEX,4.975
202603,42,ED,JAMIE,4.948
202603,42,ED,DEE JAY,4.941
202603,42,ED,CAMMY,4.927
202603,42,ED,ELENA,4.924
202603,42,ED,LILY,4.892
202603,42,ED,MAI,4.85
202603,42,ED,GUILE,4.794
202603,42,ED,A.K.I.,4.788
202603,42,ED,RASHID,4.759
202603,42,ED,TERRY,4.743
202603,42,ED,CHUN-LI,4.732
202603,42,ED,KIMBERLY,4.681
202603,42,ED,DHALSIM,4.428
202604,42,ED,LILY,5.372
202604,42,ED,MARISA,5.363
202604,42,ED,LUKE,5.351
202604,42,ED,MANON,5.351
202604,42,ED,JURI,5.244
202604,42,ED,ZANGIEF,5.143
202604,42,ED,SAGAT,5.114
202604,42,ED,JP,5.106
202604,42,ED,CAMMY,5.096
202604,42,ED,RYU,5.094
202604,42,ED,TERRY,5.082
202604,42,ED,KEN,5.059
202604,42,ED,VEGA,5.014
202604,42,ED,JAMIE,4.992
202604,42,ED,A.K.I.,4.989
202604,42,ED,BLANKA,4.981
202604,42,ED,ALEX,4.959
202604,42,ED,GUILE,4.94
202604,42,ED,C.VIPER,4.935
202604,42,ED,E.HONDA,4.901
202604,42,ED,MAI,4.868
202604,42,ED,DEE JAY,4.815
202604,42,ED,GOUKI,4.793
202604,42,ED,ELENA,4.785
202604,42,ED,KIMBERLY,4.633
202604,42,ED,RASHID,4.624
202604,42,ED,CHUN-LI,4.591
202604,42,ED,DHALSIM,4.412
202605,42,ED,JURI,5.494
202605,42,ED,MARISA,5.464
202605,42,ED,A.K.I.,5.443
202605,42,ED,LUKE,5.392
202605,42,ED,KEN,5.368
202605,42,ED,E.HONDA,5.352
202605,42,ED,MANON,5.283
202605,42,ED,GUILE,5.243
202605,42,ED,LILY,5.202
202605,42,ED,ELENA,5.145
202605,42,ED,VEGA,5.138
202605,42,ED,JP,5.136
202605,42,ED,GOUKI,5.134
202605,42,ED,ALEX,5.128
202605,42,ED,ZANGIEF,5.045
202605,42,ED,TERRY,5.035
202605,42,ED,SAGAT,5.018
202605,42,ED,RYU,5.009
202605,42,ED,CAMMY,5.004
202605,42,ED,INGRID,4.9
202605,42,ED,DEE JAY,4.869
202605,42,ED,C.VIPER,4.866
202605,42,ED,JAMIE,4.812
202605,42,ED,CHUN-LI,4.743
202605,42,ED,KIMBERLY,4.708
202605,42,ED,MAI,4.597
202605,42,ED,RASHID,4.566
202605,42,ED,DHALSIM,4.538
202605,42,ED,BLANKA,4.484
202601,40,ELENA,GOUKI,5.201
202601,40,ELENA,GUILE,5.194
202601,40,ELENA,C.VIPER,5.111
202601,40,ELENA,TERRY,5.094
202601,40,ELENA,ZANGIEF,5.091
202601,40,ELENA,RASHID,5.081
202601,40,ELENA,ED,5.079
202601,40,ELENA,RYU,5.065
202601,40,ELENA,JAMIE,5.06
202601,40,ELENA,DEE JAY,5.046
202601,40,ELENA,KEN,5.035
202601,40,ELENA,MANON,5.032
202601,40,ELENA,JP,5.025
202601,40,ELENA,SAGAT,5.018
202601,40,ELENA,MAI,4.985
202601,40,ELENA,JURI,4.968
202601,40,ELENA,LUKE,4.917
202601,40,ELENA,VEGA,4.897
202601,40,ELENA,CAMMY,4.892
202601,40,ELENA,MARISA,4.885
202601,40,ELENA,CHUN-LI,4.76
202601,40,ELENA,A.K.I.,4.758
202601,40,ELENA,KIMBERLY,4.72
202601,40,ELENA,BLANKA,4.695
202601,40,ELENA,E.HONDA,4.565
202601,40,ELENA,DHALSIM,4.502
202601,40,ELENA,LILY,4.447
202602,40,ELENA,GOUKI,5.267
202602,40,ELENA,RYU,5.241
202602,40,ELENA,ZANGIEF,5.206
202602,40,ELENA,JURI,5.196
202602,40,ELENA,MAI,5.188
202602,40,ELENA,JAMIE,5.163
202602,40,ELENA,KEN,5.137
202602,40,ELENA,GUILE,5.124
202602,40,ELENA,C.VIPER,5.073
202602,40,ELENA,LUKE,5.053
202602,40,ELENA,RASHID,5.034
202602,40,ELENA,TERRY,5.018
202602,40,ELENA,SAGAT,5.001
202602,40,ELENA,A.K.I.,4.999
202602,40,ELENA,BLANKA,4.992
202602,40,ELENA,JP,4.989
202602,40,ELENA,DEE JAY,4.97
202602,40,ELENA,CAMMY,4.939
202602,40,ELENA,ED,4.903
202602,40,ELENA,CHUN-LI,4.891
202602,40,ELENA,MANON,4.876
202602,40,ELENA,VEGA,4.873
202602,40,ELENA,MARISA,4.825
202602,40,ELENA,E.HONDA,4.783
202602,40,ELENA,KIMBERLY,4.719
202602,40,ELENA,DHALSIM,4.57
202602,40,ELENA,LILY,4.445
202603,40,ELENA,GOUKI,5.258
202603,40,ELENA,GUILE,5.197
202603,40,ELENA,RYU,5.175
202603,40,ELENA,RASHID,5.159
202603,40,ELENA,KEN,5.131
202603,40,ELENA,DEE JAY,5.112
202603,40,ELENA,ZANGIEF,5.11
202603,40,ELENA,LUKE,5.065
202603,40,ELENA,JURI,5.049
202603,40,ELENA,ED,5.045
202603,40,ELENA,SAGAT,5.035
202603,40,ELENA,MAI,5.028
202603,40,ELENA,TERRY,5.006
202603,40,ELENA,JAMIE,4.997
202603,40,ELENA,JP,4.982
202603,40,ELENA,MANON,4.978
202603,40,ELENA,C.VIPER,4.972
202603,40,ELENA,ALEX,4.926
202603,40,ELENA,CHUN-LI,4.91
202603,40,ELENA,VEGA,4.865
202603,40,ELENA,CAMMY,4.827
202603,40,ELENA,BLANKA,4.81
202603,40,ELENA,MARISA,4.796
202603,40,ELENA,KIMBERLY,4.78
202603,40,ELENA,DHALSIM,4.761
202603,40,ELENA,A.K.I.,4.654
202603,40,ELENA,E.HONDA,4.6
202603,40,ELENA,LILY,4.552
202604,40,ELENA,ZANGIEF,5.373
202604,40,ELENA,GUILE,5.31
202604,40,ELENA,DEE JAY,5.233
202604,40,ELENA,C.VIPER,5.159
202604,40,ELENA,ALEX,5.159
202604,40,ELENA,MAI,5.148
202604,40,ELENA,RYU,5.136
202604,40,ELENA,GOUKI,5.126
202604,40,ELENA,KEN,5.109
202604,40,ELENA,ED,5.104
202604,40,ELENA,MANON,5.054
202604,40,ELENA,TERRY,5.048
202604,40,ELENA,JP,5.038
202604,40,ELENA,SAGAT,5.003
202604,40,ELENA,RASHID,4.992
202604,40,ELENA,JAMIE,4.96
202604,40,ELENA,LUKE,4.951
202604,40,ELENA,MARISA,4.933
202604,40,ELENA,JURI,4.891
202604,40,ELENA,A.K.I.,4.881
202604,40,ELENA,CAMMY,4.837
202604,40,ELENA,CHUN-LI,4.814
202604,40,ELENA,VEGA,4.802
202604,40,ELENA,BLANKA,4.736
202604,40,ELENA,KIMBERLY,4.718
202604,40,ELENA,E.HONDA,4.599
202604,40,ELENA,DHALSIM,4.586
202604,40,ELENA,LILY,4.477
202605,40,ELENA,GOUKI,5.282
202605,40,ELENA,GUILE,5.28
202605,40,ELENA,RYU,5.251
202605,40,ELENA,KEN,5.188
202605,40,ELENA,INGRID,5.152
202605,40,ELENA,MAI,5.108
202605,40,ELENA,ZANGIEF,5.079
202605,40,ELENA,ALEX,5.078
202605,40,ELENA,DEE JAY,5.044
202605,40,ELENA,SAGAT,5.034
202605,40,ELENA,MARISA,5.033
202605,40,ELENA,JURI,5.033
202605,40,ELENA,JAMIE,5.025
202605,40,ELENA,MANON,5.024
202605,40,ELENA,A.K.I.,5.016
202605,40,ELENA,ED,5.003
202605,40,ELENA,RASHID,5.0
202605,40,ELENA,TERRY,4.993
202605,40,ELENA,C.VIPER,4.981
202605,40,ELENA,JP,4.948
202605,40,ELENA,LUKE,4.947
202605,40,ELENA,VEGA,4.895
202605,40,ELENA,CAMMY,4.864
202605,40,ELENA,CHUN-LI,4.854
202605,40,ELENA,KIMBERLY,4.815
202605,40,ELENA,BLANKA,4.78
202605,40,ELENA,E.HONDA,4.704
202605,40,ELENA,DHALSIM,4.584
202605,40,ELENA,LILY,4.578
202601,41,ELENA,C.VIPER,5.43
202601,41,ELENA,RASHID,5.319
202601,41,ELENA,GOUKI,5.277
202601,41,ELENA,GUILE,5.268
202601,41,ELENA,JAMIE,5.188
202601,41,ELENA,ED,5.183
202601,41,ELENA,RYU,5.157
202601,41,ELENA,ZANGIEF,5.13
202601,41,ELENA,MAI,5.103
202601,41,ELENA,DEE JAY,5.08
202601,41,ELENA,KEN,5.058
202601,41,ELENA,TERRY,5.052
202601,41,ELENA,VEGA,5.04
202601,41,ELENA,SAGAT,5.003
202601,41,ELENA,JP,4.999
202601,41,ELENA,BLANKA,4.997
202601,41,ELENA,CAMMY,4.986
202601,41,ELENA,MANON,4.965
202601,41,ELENA,MARISA,4.963
202601,41,ELENA,KIMBERLY,4.95
202601,41,ELENA,LUKE,4.929
202601,41,ELENA,A.K.I.,4.911
202601,41,ELENA,JURI,4.904
202601,41,ELENA,CHUN-LI,4.811
202601,41,ELENA,E.HONDA,4.792
202601,41,ELENA,DHALSIM,4.717
202601,41,ELENA,LILY,4.696
202602,41,ELENA,GUILE,5.372
202602,41,ELENA,RYU,5.335
202602,41,ELENA,GOUKI,5.311
202602,41,ELENA,ZANGIEF,5.309
202602,41,ELENA,RASHID,5.262
202602,41,ELENA,JURI,5.249
202602,41,ELENA,C.VIPER,5.163
202602,41,ELENA,TERRY,5.122
202602,41,ELENA,KEN,5.089
202602,41,ELENA,JP,5.088
202602,41,ELENA,ED,5.074
202602,41,ELENA,MANON,5.054
202602,41,ELENA,JAMIE,5.048
202602,41,ELENA,VEGA,5.028
202602,41,ELENA,BLANKA,5.003
202602,41,ELENA,LUKE,5.002
202602,41,ELENA,MARISA,4.974
202602,41,ELENA,DEE JAY,4.973
202602,41,ELENA,SAGAT,4.937
202602,41,ELENA,KIMBERLY,4.912
202602,41,ELENA,E.HONDA,4.891
202602,41,ELENA,CHUN-LI,4.845
202602,41,ELENA,A.K.I.,4.809
202602,41,ELENA,CAMMY,4.784
202602,41,ELENA,MAI,4.764
202602,41,ELENA,DHALSIM,4.677
202602,41,ELENA,LILY,4.398
202603,41,ELENA,RYU,5.297
202603,41,ELENA,KEN,5.271
202603,41,ELENA,GOUKI,5.254
202603,41,ELENA,ALEX,5.236
202603,41,ELENA,MAI,5.195
202603,41,ELENA,ZANGIEF,5.178
202603,41,ELENA,RASHID,5.155
202603,41,ELENA,ED,5.121
202603,41,ELENA,DEE JAY,5.115
202603,41,ELENA,VEGA,5.104
202603,41,ELENA,GUILE,5.1
202603,41,ELENA,LUKE,5.065
202603,41,ELENA,MARISA,5.05
202603,41,ELENA,JAMIE,5.025
202603,41,ELENA,JURI,5.021
202603,41,ELENA,TERRY,4.978
202603,41,ELENA,BLANKA,4.976
202603,41,ELENA,JP,4.959
202603,41,ELENA,MANON,4.949
202603,41,ELENA,CAMMY,4.912
202603,41,ELENA,E.HONDA,4.891
202603,41,ELENA,SAGAT,4.889
202603,41,ELENA,KIMBERLY,4.886
202603,41,ELENA,C.VIPER,4.821
202603,41,ELENA,CHUN-LI,4.801
202603,41,ELENA,A.K.I.,4.65
202603,41,ELENA,LILY,4.462
202603,41,ELENA,DHALSIM,4.276
202604,41,ELENA,GUILE,5.485
202604,41,ELENA,RYU,5.234
202604,41,ELENA,GOUKI,5.23
202604,41,ELENA,ED,5.222
202604,41,ELENA,RASHID,5.161
202604,41,ELENA,KEN,5.156
202604,41,ELENA,ZANGIEF,5.109
202604,41,ELENA,JAMIE,5.101
202604,41,ELENA,C.VIPER,5.048
202604,41,ELENA,DEE JAY,5.046
202604,41,ELENA,TERRY,5.044
202604,41,ELENA,MAI,5.042
202604,41,ELENA,JURI,5.027
202604,41,ELENA,ALEX,4.996
202604,41,ELENA,LUKE,4.983
202604,41,ELENA,JP,4.975
202604,41,ELENA,SAGAT,4.945
202604,41,ELENA,VEGA,4.921
202604,41,ELENA,KIMBERLY,4.881
202604,41,ELENA,BLANKA,4.873
202604,41,ELENA,E.HONDA,4.839
202604,41,ELENA,CAMMY,4.82
202604,41,ELENA,A.K.I.,4.786
202604,41,ELENA,LILY,4.746
202604,41,ELENA,MANON,4.745
202604,41,ELENA,CHUN-LI,4.729
202604,41,ELENA,MARISA,4.697
202604,41,ELENA,DHALSIM,4.644
202605,41,ELENA,GUILE,5.532
202605,41,ELENA,JAMIE,5.314
202605,41,ELENA,ED,5.235
202605,41,ELENA,GOUKI,5.231
202605,41,ELENA,RASHID,5.21
202605,41,ELENA,RYU,5.181
202605,41,ELENA,LUKE,5.148
202605,41,ELENA,BLANKA,5.147
202605,41,ELENA,JP,5.132
202605,41,ELENA,ZANGIEF,5.116
202605,41,ELENA,TERRY,5.109
202605,41,ELENA,ALEX,5.069
202605,41,ELENA,A.K.I.,5.061
202605,41,ELENA,KEN,5.041
202605,41,ELENA,VEGA,5.026
202605,41,ELENA,C.VIPER,5.025
202605,41,ELENA,JURI,4.985
202605,41,ELENA,DEE JAY,4.959
202605,41,ELENA,CHUN-LI,4.938
202605,41,ELENA,SAGAT,4.937
202605,41,ELENA,E.HONDA,4.931
202605,41,ELENA,INGRID,4.895
202605,41,ELENA,DHALSIM,4.855
202605,41,ELENA,MANON,4.847
202605,41,ELENA,CAMMY,4.838
202605,41,ELENA,MARISA,4.836
202605,41,ELENA,MAI,4.813
202605,41,ELENA,LILY,4.634
202605,41,ELENA,KIMBERLY,4.503
202601,42,ELENA,GOUKI,5.24
202601,42,ELENA,JAMIE,5.231
202601,42,ELENA,RYU,5.203
202601,42,ELENA,C.VIPER,5.191
202601,42,ELENA,GUILE,5.186
202601,42,ELENA,DEE JAY,5.172
202601,42,ELENA,RASHID,5.108
202601,42,ELENA,ZANGIEF,5.107
202601,42,ELENA,MANON,5.102
202601,42,ELENA,JURI,5.098
202601,42,ELENA,KEN,5.048
202601,42,ELENA,BLANKA,5.03
202601,42,ELENA,A.K.I.,5.03
202601,42,ELENA,LUKE,5.026
202601,42,ELENA,TERRY,4.981
202601,42,ELENA,MAI,4.96
202601,42,ELENA,MARISA,4.941
202601,42,ELENA,JP,4.934
202601,42,ELENA,ED,4.928
202601,42,ELENA,SAGAT,4.914
202601,42,ELENA,KIMBERLY,4.893
202601,42,ELENA,E.HONDA,4.875
202601,42,ELENA,CHUN-LI,4.794
202601,42,ELENA,VEGA,4.756
202601,42,ELENA,CAMMY,4.7
202601,42,ELENA,LILY,4.68
202601,42,ELENA,DHALSIM,4.659
202602,42,ELENA,GUILE,5.497
202602,42,ELENA,MANON,5.422
202602,42,ELENA,A.K.I.,5.405
202602,42,ELENA,GOUKI,5.354
202602,42,ELENA,RYU,5.3
202602,42,ELENA,ZANGIEF,5.24
202602,42,ELENA,LUKE,5.129
202602,42,ELENA,TERRY,5.124
202602,42,ELENA,BLANKA,5.123
202602,42,ELENA,JAMIE,5.096
202602,42,ELENA,MARISA,5.083
202602,42,ELENA,KEN,5.062
202602,42,ELENA,VEGA,5.056
202602,42,ELENA,ED,5.009
202602,42,ELENA,DEE JAY,5.003
202602,42,ELENA,JP,4.998
202602,42,ELENA,KIMBERLY,4.984
202602,42,ELENA,C.VIPER,4.983
202602,42,ELENA,SAGAT,4.976
202602,42,ELENA,RASHID,4.948
202602,42,ELENA,E.HONDA,4.894
202602,42,ELENA,MAI,4.888
202602,42,ELENA,JURI,4.878
202602,42,ELENA,CHUN-LI,4.857
202602,42,ELENA,LILY,4.739
202602,42,ELENA,CAMMY,4.589
202602,42,ELENA,DHALSIM,4.554
202603,42,ELENA,GUILE,5.496
202603,42,ELENA,MANON,5.325
202603,42,ELENA,LUKE,5.31
202603,42,ELENA,GOUKI,5.288
202603,42,ELENA,RYU,5.279
202603,42,ELENA,JAMIE,5.221
202603,42,ELENA,TERRY,5.195
202603,42,ELENA,KEN,5.158
202603,42,ELENA,MAI,5.131
202603,42,ELENA,CHUN-LI,5.13
202603,42,ELENA,ED,5.119
202603,42,ELENA,A.K.I.,5.114
202603,42,ELENA,BLANKA,5.106
202603,42,ELENA,DEE JAY,5.081
202603,42,ELENA,JURI,5.044
202603,42,ELENA,JP,5.041
202603,42,ELENA,E.HONDA,5.032
202603,42,ELENA,ZANGIEF,5.023
202603,42,ELENA,RASHID,4.987
202603,42,ELENA,KIMBERLY,4.957
202603,42,ELENA,VEGA,4.946
202603,42,ELENA,MARISA,4.932
202603,42,ELENA,C.VIPER,4.904
202603,42,ELENA,ALEX,4.863
202603,42,ELENA,SAGAT,4.802
202603,42,ELENA,CAMMY,4.763
202603,42,ELENA,LILY,4.575
202603,42,ELENA,DHALSIM,4.497
202604,42,ELENA,GUILE,5.425
202604,42,ELENA,ZANGIEF,5.37
202604,42,ELENA,MANON,5.341
202604,42,ELENA,LUKE,5.278
202604,42,ELENA,ED,5.247
202604,42,ELENA,GOUKI,5.189
202604,42,ELENA,RASHID,5.164
202604,42,ELENA,JAMIE,5.118
202604,42,ELENA,MAI,5.111
202604,42,ELENA,DEE JAY,5.108
202604,42,ELENA,SAGAT,5.103
202604,42,ELENA,RYU,5.098
202604,42,ELENA,JURI,5.087
202604,42,ELENA,KEN,5.069
202604,42,ELENA,TERRY,5.064
202604,42,ELENA,MARISA,5.036
202604,42,ELENA,BLANKA,5.012
202604,42,ELENA,CHUN-LI,4.991
202604,42,ELENA,ALEX,4.988
202604,42,ELENA,JP,4.967
202604,42,ELENA,VEGA,4.937
202604,42,ELENA,C.VIPER,4.93
202604,42,ELENA,A.K.I.,4.905
202604,42,ELENA,E.HONDA,4.88
202604,42,ELENA,KIMBERLY,4.809
202604,42,ELENA,CAMMY,4.743
202604,42,ELENA,LILY,4.665
202604,42,ELENA,DHALSIM,4.405
202605,42,ELENA,GOUKI,5.433
202605,42,ELENA,RYU,5.415
202605,42,ELENA,JAMIE,5.363
202605,42,ELENA,INGRID,5.317
202605,42,ELENA,DEE JAY,5.307
202605,42,ELENA,GUILE,5.293
202605,42,ELENA,MANON,5.221
202605,42,ELENA,RASHID,5.195
202605,42,ELENA,C.VIPER,5.186
202605,42,ELENA,LUKE,5.163
202605,42,ELENA,JURI,5.148
202605,42,ELENA,BLANKA,5.139
202605,42,ELENA,KEN,5.125
202605,42,ELENA,MARISA,5.102
202605,42,ELENA,MAI,5.1
202605,42,ELENA,TERRY,5.068
202605,42,ELENA,ZANGIEF,4.984
202605,42,ELENA,CAMMY,4.932
202605,42,ELENA,A.K.I.,4.926
202605,42,ELENA,JP,4.925
202605,42,ELENA,SAGAT,4.912
202605,42,ELENA,VEGA,4.885
202605,42,ELENA,ALEX,4.875
202605,42,ELENA,ED,4.819
202605,42,ELENA,E.HONDA,4.736
202605,42,ELENA,CHUN-LI,4.719
202605,42,ELENA,LILY,4.61
202605,42,ELENA,KIMBERLY,4.6
202605,42,ELENA,DHALSIM,3.989
202601,40,GOUKI,JP,5.299
202601,40,GOUKI,KEN,5.12
202601,40,GOUKI,SAGAT,5.097
202601,40,GOUKI,ZANGIEF,5.089
202601,40,GOUKI,A.K.I.,5.072
202601,40,GOUKI,MANON,5.068
202601,40,GOUKI,LUKE,5.044
202601,40,GOUKI,ED,5.015
202601,40,GOUKI,RYU,4.977
202601,40,GOUKI,KIMBERLY,4.97
202601,40,GOUKI,LILY,4.948
202601,40,GOUKI,E.HONDA,4.942
202601,40,GOUKI,TERRY,4.922
202601,40,GOUKI,RASHID,4.905
202601,40,GOUKI,JAMIE,4.873
202601,40,GOUKI,JURI,4.868
202601,40,GOUKI,DHALSIM,4.862
202601,40,GOUKI,BLANKA,4.845
202601,40,GOUKI,CHUN-LI,4.824
202601,40,GOUKI,MARISA,4.797
202601,40,GOUKI,MAI,4.791
202601,40,GOUKI,ELENA,4.786
202601,40,GOUKI,DEE JAY,4.769
202601,40,GOUKI,GUILE,4.764
202601,40,GOUKI,VEGA,4.759
202601,40,GOUKI,C.VIPER,4.735
202601,40,GOUKI,CAMMY,4.564
202602,40,GOUKI,JP,5.263
202602,40,GOUKI,SAGAT,5.044
202602,40,GOUKI,LUKE,5.034
202602,40,GOUKI,KIMBERLY,5.025
202602,40,GOUKI,A.K.I.,5.016
202602,40,GOUKI,RYU,4.994
202602,40,GOUKI,KEN,4.988
202602,40,GOUKI,MANON,4.979
202602,40,GOUKI,ED,4.969
202602,40,GOUKI,TERRY,4.958
202602,40,GOUKI,BLANKA,4.933
202602,40,GOUKI,ZANGIEF,4.928
202602,40,GOUKI,JURI,4.897
202602,40,GOUKI,JAMIE,4.853
202602,40,GOUKI,CHUN-LI,4.853
202602,40,GOUKI,LILY,4.848
202602,40,GOUKI,GUILE,4.818
202602,40,GOUKI,RASHID,4.814
202602,40,GOUKI,MAI,4.813
202602,40,GOUKI,DEE JAY,4.8
202602,40,GOUKI,DHALSIM,4.795
202602,40,GOUKI,VEGA,4.791
202602,40,GOUKI,ELENA,4.73
202602,40,GOUKI,E.HONDA,4.72
202602,40,GOUKI,MARISA,4.71
202602,40,GOUKI,C.VIPER,4.581
202602,40,GOUKI,CAMMY,4.498
202603,40,GOUKI,JP,5.287
202603,40,GOUKI,SAGAT,5.064
202603,40,GOUKI,LUKE,5.053
202603,40,GOUKI,ZANGIEF,5.045
202603,40,GOUKI,BLANKA,5.024
202603,40,GOUKI,ED,5.017
202603,40,GOUKI,KEN,5.012
202603,40,GOUKI,MANON,5.008
202603,40,GOUKI,LILY,4.999
202603,40,GOUKI,KIMBERLY,4.991
202603,40,GOUKI,RYU,4.948
202603,40,GOUKI,A.K.I.,4.948
202603,40,GOUKI,TERRY,4.941
202603,40,GOUKI,RASHID,4.922
202603,40,GOUKI,MAI,4.915
202603,40,GOUKI,JURI,4.914
202603,40,GOUKI,JAMIE,4.899
202603,40,GOUKI,E.HONDA,4.848
202603,40,GOUKI,DEE JAY,4.808
202603,40,GOUKI,MARISA,4.776
202603,40,GOUKI,GUILE,4.759
202603,40,GOUKI,VEGA,4.749
202603,40,GOUKI,DHALSIM,4.743
202603,40,GOUKI,ELENA,4.715
202603,40,GOUKI,CHUN-LI,4.712
202603,40,GOUKI,ALEX,4.711
202603,40,GOUKI,CAMMY,4.586
202603,40,GOUKI,C.VIPER,4.571
202604,40,GOUKI,JP,5.217
202604,40,GOUKI,MANON,5.104
202604,40,GOUKI,LUKE,5.103
202604,40,GOUKI,ZANGIEF,5.091
202604,40,GOUKI,ED,5.038
202604,40,GOUKI,E.HONDA,5.034
202604,40,GOUKI,KEN,5.021
202604,40,GOUKI,SAGAT,5.019
202604,40,GOUKI,A.K.I.,5.001
202604,40,GOUKI,JURI,4.983
202604,40,GOUKI,RYU,4.978
202604,40,GOUKI,MAI,4.967
202604,40,GOUKI,BLANKA,4.966
202604,40,GOUKI,JAMIE,4.957
202604,40,GOUKI,MARISA,4.938
202604,40,GOUKI,CHUN-LI,4.933
202604,40,GOUKI,TERRY,4.929
202604,40,GOUKI,RASHID,4.924
202604,40,GOUKI,KIMBERLY,4.907
202604,40,GOUKI,LILY,4.89
202604,40,GOUKI,ELENA,4.87
202604,40,GOUKI,ALEX,4.859
202604,40,GOUKI,DHALSIM,4.849
202604,40,GOUKI,DEE JAY,4.836
202604,40,GOUKI,GUILE,4.786
202604,40,GOUKI,VEGA,4.748
202604,40,GOUKI,C.VIPER,4.712
202604,40,GOUKI,CAMMY,4.513
202605,40,GOUKI,JP,5.288
202605,40,GOUKI,ZANGIEF,5.113
202605,40,GOUKI,SAGAT,5.107
202605,40,GOUKI,LUKE,5.104
202605,40,GOUKI,KEN,5.052
202605,40,GOUKI,A.K.I.,5.034
202605,40,GOUKI,KIMBERLY,5.025
202605,40,GOUKI,LILY,4.99
202605,40,GOUKI,JURI,4.975
202605,40,GOUKI,RYU,4.973
202605,40,GOUKI,MANON,4.955
202605,40,GOUKI,TERRY,4.943
202605,40,GOUKI,RASHID,4.942
202605,40,GOUKI,MAI,4.924
202605,40,GOUKI,DEE JAY,4.913
202605,40,GOUKI,JAMIE,4.906
202605,40,GOUKI,GUILE,4.901
202605,40,GOUKI,ED,4.893
202605,40,GOUKI,CHUN-LI,4.885
202605,40,GOUKI,BLANKA,4.875
202605,40,GOUKI,E.HONDA,4.788
202605,40,GOUKI,ALEX,4.783
202605,40,GOUKI,MARISA,4.782
202605,40,GOUKI,DHALSIM,4.773
202605,40,GOUKI,VEGA,4.701
202605,40,GOUKI,ELENA,4.674
202605,40,GOUKI,C.VIPER,4.62
202605,40,GOUKI,CAMMY,4.59
202605,40,GOUKI,INGRID,4.339
202601,41,GOUKI,JP,5.345
202601,41,GOUKI,SAGAT,5.095
202601,41,GOUKI,LUKE,5.072
202601,41,GOUKI,A.K.I.,5.07
202601,41,GOUKI,ZANGIEF,5.038
202601,41,GOUKI,KIMBERLY,5.032
202601,41,GOUKI,TERRY,5.027
202601,41,GOUKI,KEN,5.023
202601,41,GOUKI,GUILE,5.015
202601,41,GOUKI,RYU,4.963
202601,41,GOUKI,MANON,4.949
202601,41,GOUKI,ED,4.923
202601,41,GOUKI,RASHID,4.919
202601,41,GOUKI,CHUN-LI,4.891
202601,41,GOUKI,MAI,4.886
202601,41,GOUKI,E.HONDA,4.883
202601,41,GOUKI,JURI,4.88
202601,41,GOUKI,LILY,4.856
202601,41,GOUKI,MARISA,4.836
202601,41,GOUKI,BLANKA,4.822
202601,41,GOUKI,DHALSIM,4.774
202601,41,GOUKI,VEGA,4.754
202601,41,GOUKI,C.VIPER,4.736
202601,41,GOUKI,JAMIE,4.723
202601,41,GOUKI,ELENA,4.715
202601,41,GOUKI,DEE JAY,4.706
202601,41,GOUKI,CAMMY,4.489
202602,41,GOUKI,JP,5.423
202602,41,GOUKI,A.K.I.,5.14
202602,41,GOUKI,MANON,5.111
202602,41,GOUKI,KEN,5.095
202602,41,GOUKI,BLANKA,5.035
202602,41,GOUKI,LUKE,5.03
202602,41,GOUKI,DHALSIM,5.03
202602,41,GOUKI,ZANGIEF,5.021
202602,41,GOUKI,SAGAT,5.014
202602,41,GOUKI,E.HONDA,4.998
202602,41,GOUKI,RYU,4.964
202602,41,GOUKI,RASHID,4.962
202602,41,GOUKI,GUILE,4.924
202602,41,GOUKI,JURI,4.921
202602,41,GOUKI,KIMBERLY,4.904
202602,41,GOUKI,TERRY,4.873
202602,41,GOUKI,ED,4.849
202602,41,GOUKI,VEGA,4.83
202602,41,GOUKI,LILY,4.8
202602,41,GOUKI,MARISA,4.784
202602,41,GOUKI,DEE JAY,4.767
202602,41,GOUKI,CHUN-LI,4.707
202602,41,GOUKI,ELENA,4.671
202602,41,GOUKI,JAMIE,4.669
202602,41,GOUKI,C.VIPER,4.614
202602,41,GOUKI,MAI,4.609
202602,41,GOUKI,CAMMY,4.463
202603,41,GOUKI,JP,5.313
202603,41,GOUKI,SAGAT,5.157
202603,41,GOUKI,A.K.I.,5.15
202603,41,GOUKI,ED,5.137
202603,41,GOUKI,E.HONDA,5.107
202603,41,GOUKI,MANON,5.098
202603,41,GOUKI,KIMBERLY,5.055
202603,41,GOUKI,BLANKA,5.055
202603,41,GOUKI,LUKE,5.049
202603,41,GOUKI,RASHID,5.043
202603,41,GOUKI,DHALSIM,5.026
202603,41,GOUKI,RYU,5.004
202603,41,GOUKI,ZANGIEF,4.959
202603,41,GOUKI,MAI,4.958
202603,41,GOUKI,KEN,4.91
202603,41,GOUKI,JURI,4.897
202603,41,GOUKI,CHUN-LI,4.889
202603,41,GOUKI,GUILE,4.864
202603,41,GOUKI,VEGA,4.847
202603,41,GOUKI,TERRY,4.845
202603,41,GOUKI,LILY,4.827
202603,41,GOUKI,DEE JAY,4.814
202603,41,GOUKI,MARISA,4.796
202603,41,GOUKI,JAMIE,4.768
202603,41,GOUKI,ELENA,4.739
202603,41,GOUKI,ALEX,4.671
202603,41,GOUKI,C.VIPER,4.64
202603,41,GOUKI,CAMMY,4.425
202604,41,GOUKI,JP,5.305
202604,41,GOUKI,DHALSIM,5.158
202604,41,GOUKI,SAGAT,5.099
202604,41,GOUKI,E.HONDA,5.095
202604,41,GOUKI,KEN,5.087
202604,41,GOUKI,JURI,5.077
202604,41,GOUKI,TERRY,5.067
202604,41,GOUKI,LUKE,5.031
202604,41,GOUKI,A.K.I.,5.024
202604,41,GOUKI,RYU,5.016
202604,41,GOUKI,ED,4.984
202604,41,GOUKI,RASHID,4.97
202604,41,GOUKI,LILY,4.966
202604,41,GOUKI,BLANKA,4.962
202604,41,GOUKI,MANON,4.933
202604,41,GOUKI,ZANGIEF,4.912
202604,41,GOUKI,MARISA,4.903
202604,41,GOUKI,KIMBERLY,4.898
202604,41,GOUKI,MAI,4.894
202604,41,GOUKI,GUILE,4.886
202604,41,GOUKI,DEE JAY,4.868
202604,41,GOUKI,ALEX,4.85
202604,41,GOUKI,ELENA,4.799
202604,41,GOUKI,CHUN-LI,4.785
202604,41,GOUKI,JAMIE,4.756
202604,41,GOUKI,VEGA,4.705
202604,41,GOUKI,C.VIPER,4.625
202604,41,GOUKI,CAMMY,4.509
202605,41,GOUKI,JP,5.41
202605,41,GOUKI,KIMBERLY,5.18
202605,41,GOUKI,A.K.I.,5.155
202605,41,GOUKI,LUKE,5.123
202605,41,GOUKI,RYU,5.099
202605,41,GOUKI,KEN,5.091
202605,41,GOUKI,SAGAT,5.05
202605,41,GOUKI,E.HONDA,5.029
202605,41,GOUKI,JURI,5.022
202605,41,GOUKI,ED,5.021
202605,41,GOUKI,GUILE,5.013
202605,41,GOUKI,MANON,5.005
202605,41,GOUKI,DHALSIM,4.953
202605,41,GOUKI,DEE JAY,4.922
202605,41,GOUKI,ZANGIEF,4.897
202605,41,GOUKI,BLANKA,4.895
202605,41,GOUKI,ALEX,4.821
202605,41,GOUKI,ELENA,4.804
202605,41,GOUKI,MAI,4.786
202605,41,GOUKI,MARISA,4.782
202605,41,GOUKI,RASHID,4.779
202605,41,GOUKI,CHUN-LI,4.759
202605,41,GOUKI,VEGA,4.744
202605,41,GOUKI,JAMIE,4.707
202605,41,GOUKI,LILY,4.698
202605,41,GOUKI,TERRY,4.695
202605,41,GOUKI,C.VIPER,4.566
202605,41,GOUKI,CAMMY,4.479
202605,41,GOUKI,INGRID,4.273
202601,42,GOUKI,JP,5.397
202601,42,GOUKI,LUKE,5.225
202601,42,GOUKI,A.K.I.,5.173
202601,42,GOUKI,KEN,5.124
202601,42,GOUKI,BLANKA,5.118
202601,42,GOUKI,JURI,5.107
202601,42,GOUKI,SAGAT,5.092
202601,42,GOUKI,KIMBERLY,5.082
202601,42,GOUKI,ZANGIEF,5.036
202601,42,GOUKI,MANON,5.034
202601,42,GOUKI,LILY,5.003
202601,42,GOUKI,ED,4.996
202601,42,GOUKI,DHALSIM,4.991
202601,42,GOUKI,E.HONDA,4.986
202601,42,GOUKI,VEGA,4.93
202601,42,GOUKI,RYU,4.878
202601,42,GOUKI,RASHID,4.849
202601,42,GOUKI,MAI,4.848
202601,42,GOUKI,MARISA,4.844
202601,42,GOUKI,TERRY,4.836
202601,42,GOUKI,DEE JAY,4.822
202601,42,GOUKI,ELENA,4.763
202601,42,GOUKI,GUILE,4.752
202601,42,GOUKI,JAMIE,4.696
202601,42,GOUKI,CHUN-LI,4.696
202601,42,GOUKI,C.VIPER,4.686
202601,42,GOUKI,CAMMY,4.575
202602,42,GOUKI,KIMBERLY,5.413
202602,42,GOUKI,JP,5.34
202602,42,GOUKI,ZANGIEF,5.237
202602,42,GOUKI,GUILE,5.144
202602,42,GOUKI,JURI,5.131
202602,42,GOUKI,ED,5.126
202602,42,GOUKI,A.K.I.,5.088
202602,42,GOUKI,RYU,5.069
202602,42,GOUKI,MAI,5.064
202602,42,GOUKI,LUKE,5.033
202602,42,GOUKI,SAGAT,5.027
202602,42,GOUKI,DHALSIM,5.016
202602,42,GOUKI,RASHID,5.0
202602,42,GOUKI,LILY,4.987
202602,42,GOUKI,BLANKA,4.984
202602,42,GOUKI,MANON,4.974
202602,42,GOUKI,VEGA,4.893
202602,42,GOUKI,JAMIE,4.889
202602,42,GOUKI,MARISA,4.87
202602,42,GOUKI,KEN,4.832
202602,42,GOUKI,DEE JAY,4.804
202602,42,GOUKI,CAMMY,4.722
202602,42,GOUKI,C.VIPER,4.697
202602,42,GOUKI,ELENA,4.685
202602,42,GOUKI,CHUN-LI,4.684
202602,42,GOUKI,E.HONDA,4.656
202602,42,GOUKI,TERRY,4.636
202603,42,GOUKI,JP,5.326
202603,42,GOUKI,A.K.I.,5.189
202603,42,GOUKI,SAGAT,5.144
202603,42,GOUKI,KIMBERLY,5.124
202603,42,GOUKI,MANON,5.119
202603,42,GOUKI,LUKE,5.038
202603,42,GOUKI,RYU,5.028
202603,42,GOUKI,KEN,5.028
202603,42,GOUKI,JURI,5.009
202603,42,GOUKI,ED,4.996
202603,42,GOUKI,DHALSIM,4.993
202603,42,GOUKI,ZANGIEF,4.99
202603,42,GOUKI,DEE JAY,4.983
202603,42,GOUKI,BLANKA,4.974
202603,42,GOUKI,MARISA,4.941
202603,42,GOUKI,LILY,4.834
202603,42,GOUKI,CHUN-LI,4.827
202603,42,GOUKI,RASHID,4.759
202603,42,GOUKI,E.HONDA,4.753
202603,42,GOUKI,GUILE,4.752
202603,42,GOUKI,MAI,4.73
202603,42,GOUKI,TERRY,4.725
202603,42,GOUKI,JAMIE,4.701
202603,42,GOUKI,VEGA,4.683
202603,42,GOUKI,ALEX,4.661
202603,42,GOUKI,ELENA,4.656
202603,42,GOUKI,C.VIPER,4.588
202603,42,GOUKI,CAMMY,4.397
202604,42,GOUKI,JP,5.338
202604,42,GOUKI,ED,5.194
202604,42,GOUKI,KIMBERLY,5.161
202604,42,GOUKI,RYU,5.149
202604,42,GOUKI,KEN,5.118
202604,42,GOUKI,SAGAT,5.106
202604,42,GOUKI,LUKE,5.104
202604,42,GOUKI,A.K.I.,5.101
202604,42,GOUKI,GUILE,5.097
202604,42,GOUKI,BLANKA,5.063
202604,42,GOUKI,MANON,5.038
202604,42,GOUKI,JURI,5.032
202604,42,GOUKI,ZANGIEF,4.974
202604,42,GOUKI,DHALSIM,4.973
202604,42,GOUKI,DEE JAY,4.919
202604,42,GOUKI,TERRY,4.893
202604,42,GOUKI,LILY,4.889
202604,42,GOUKI,MARISA,4.846
202604,42,GOUKI,VEGA,4.816
202604,42,GOUKI,JAMIE,4.81
202604,42,GOUKI,RASHID,4.809
202604,42,GOUKI,ELENA,4.808
202604,42,GOUKI,MAI,4.79
202604,42,GOUKI,ALEX,4.774
202604,42,GOUKI,E.HONDA,4.72
202604,42,GOUKI,CHUN-LI,4.679
202604,42,GOUKI,CAMMY,4.608
202604,42,GOUKI,C.VIPER,4.547
202605,42,GOUKI,JP,5.397
202605,42,GOUKI,BLANKA,5.227
202605,42,GOUKI,DHALSIM,5.195
202605,42,GOUKI,KIMBERLY,5.193
202605,42,GOUKI,KEN,5.178
202605,42,GOUKI,ZANGIEF,5.164
202605,42,GOUKI,SAGAT,5.159
202605,42,GOUKI,GUILE,5.134
202605,42,GOUKI,A.K.I.,5.1
202605,42,GOUKI,JURI,5.08
202605,42,GOUKI,RYU,5.06
202605,42,GOUKI,MANON,5.033
202605,42,GOUKI,VEGA,5.018
202605,42,GOUKI,TERRY,5.006
202605,42,GOUKI,E.HONDA,4.981
202605,42,GOUKI,MARISA,4.978
202605,42,GOUKI,ED,4.954
202605,42,GOUKI,MAI,4.93
202605,42,GOUKI,LUKE,4.913
202605,42,GOUKI,DEE JAY,4.907
202605,42,GOUKI,RASHID,4.884
202605,42,GOUKI,JAMIE,4.859
202605,42,GOUKI,ALEX,4.854
202605,42,GOUKI,LILY,4.828
202605,42,GOUKI,C.VIPER,4.809
202605,42,GOUKI,CHUN-LI,4.616
202605,42,GOUKI,ELENA,4.586
202605,42,GOUKI,INGRID,4.527
202605,42,GOUKI,CAMMY,4.5
202601,40,GUILE,BLANKA,5.507
202601,40,GUILE,KEN,5.38
202601,40,GUILE,A.K.I.,5.339
202601,40,GUILE,TERRY,5.324
202601,40,GUILE,JAMIE,5.323
202601,40,GUILE,GOUKI,5.266
202601,40,GUILE,KIMBERLY,5.226
202601,40,GUILE,ED,5.204
202601,40,GUILE,SAGAT,5.199
202601,40,GUILE,MANON,5.192
202601,40,GUILE,JURI,5.131
202601,40,GUILE,DHALSIM,5.106
202601,40,GUILE,C.VIPER,5.055
202601,40,GUILE,RYU,5.049
202601,40,GUILE,LUKE,5.048
202601,40,GUILE,MAI,5.034
202601,40,GUILE,DEE JAY,5.0
202601,40,GUILE,CHUN-LI,4.989
202601,40,GUILE,LILY,4.961
202601,40,GUILE,RASHID,4.92
202601,40,GUILE,ZANGIEF,4.838
202601,40,GUILE,ELENA,4.811
202601,40,GUILE,E.HONDA,4.762
202601,40,GUILE,VEGA,4.63
202601,40,GUILE,CAMMY,4.577
202601,40,GUILE,MARISA,4.374
202601,40,GUILE,JP,4.344
202602,40,GUILE,JAMIE,5.427
202602,40,GUILE,LILY,5.381
202602,40,GUILE,ED,5.341
202602,40,GUILE,A.K.I.,5.261
202602,40,GUILE,C.VIPER,5.248
202602,40,GUILE,TERRY,5.242
202602,40,GUILE,GOUKI,5.231
202602,40,GUILE,JURI,5.211
202602,40,GUILE,KEN,5.21
202602,40,GUILE,BLANKA,5.187
202602,40,GUILE,DHALSIM,5.162
202602,40,GUILE,KIMBERLY,5.119
202602,40,GUILE,SAGAT,5.103
202602,40,GUILE,LUKE,5.095
202602,40,GUILE,RYU,5.076
202602,40,GUILE,DEE JAY,5.075
202602,40,GUILE,MANON,5.068
202602,40,GUILE,MAI,5.0
202602,40,GUILE,CHUN-LI,4.97
202602,40,GUILE,RASHID,4.957
202602,40,GUILE,ELENA,4.919
202602,40,GUILE,E.HONDA,4.914
202602,40,GUILE,CAMMY,4.867
202602,40,GUILE,ZANGIEF,4.716
202602,40,GUILE,VEGA,4.699
202602,40,GUILE,MARISA,4.299
202602,40,GUILE,JP,4.256
202603,40,GUILE,BLANKA,5.825
202603,40,GUILE,A.K.I.,5.523
202603,40,GUILE,JAMIE,5.378
202603,40,GUILE,DHALSIM,5.32
202603,40,GUILE,KEN,5.303
202603,40,GUILE,GOUKI,5.278
202603,40,GUILE,ALEX,5.266
202603,40,GUILE,TERRY,5.262
202603,40,GUILE,JURI,5.24
202603,40,GUILE,ED,5.228
202603,40,GUILE,SAGAT,5.203
202603,40,GUILE,C.VIPER,5.162
202603,40,GUILE,KIMBERLY,5.057
202603,40,GUILE,DEE JAY,5.054
202603,40,GUILE,RYU,5.047
202603,40,GUILE,LUKE,5.002
202603,40,GUILE,MANON,4.978
202603,40,GUILE,MAI,4.948
202603,40,GUILE,E.HONDA,4.916
202603,40,GUILE,LILY,4.897
202603,40,GUILE,RASHID,4.873
202603,40,GUILE,ELENA,4.836
202603,40,GUILE,CHUN-LI,4.814
202603,40,GUILE,ZANGIEF,4.799
202603,40,GUILE,CAMMY,4.726
202603,40,GUILE,VEGA,4.585
202603,40,GUILE,MARISA,4.513
202603,40,GUILE,JP,4.313
202604,40,GUILE,BLANKA,5.474
202604,40,GUILE,ALEX,5.425
202604,40,GUILE,A.K.I.,5.412
202604,40,GUILE,C.VIPER,5.379
202604,40,GUILE,KEN,5.374
202604,40,GUILE,JAMIE,5.352
202604,40,GUILE,GOUKI,5.219
202604,40,GUILE,RYU,5.19
202604,40,GUILE,TERRY,5.164
202604,40,GUILE,KIMBERLY,5.142
202604,40,GUILE,DEE JAY,5.118
202604,40,GUILE,JURI,5.111
202604,40,GUILE,DHALSIM,5.099
202604,40,GUILE,ED,5.098
202604,40,GUILE,SAGAT,5.034
202604,40,GUILE,CHUN-LI,5.012
202604,40,GUILE,LUKE,4.988
202604,40,GUILE,MAI,4.974
202604,40,GUILE,RASHID,4.919
202604,40,GUILE,MANON,4.885
202604,40,GUILE,E.HONDA,4.836
202604,40,GUILE,CAMMY,4.835
202604,40,GUILE,ZANGIEF,4.81
202604,40,GUILE,ELENA,4.627
202604,40,GUILE,VEGA,4.584
202604,40,GUILE,MARISA,4.564
202604,40,GUILE,LILY,4.522
202604,40,GUILE,JP,4.274
202605,40,GUILE,ALEX,5.623
202605,40,GUILE,BLANKA,5.516
202605,40,GUILE,KEN,5.416
202605,40,GUILE,JAMIE,5.414
202605,40,GUILE,A.K.I.,5.283
202605,40,GUILE,C.VIPER,5.255
202605,40,GUILE,TERRY,5.251
202605,40,GUILE,MANON,5.172
202605,40,GUILE,LUKE,5.158
202605,40,GUILE,ED,5.155
202605,40,GUILE,GOUKI,5.11
202605,40,GUILE,RYU,5.098
202605,40,GUILE,CHUN-LI,5.083
202605,40,GUILE,MAI,5.071
202605,40,GUILE,JURI,5.061
202605,40,GUILE,DEE JAY,5.007
202605,40,GUILE,RASHID,4.996
202605,40,GUILE,SAGAT,4.982
202605,40,GUILE,E.HONDA,4.954
202605,40,GUILE,LILY,4.931
202605,40,GUILE,DHALSIM,4.875
202605,40,GUILE,KIMBERLY,4.844
202605,40,GUILE,CAMMY,4.772
202605,40,GUILE,ZANGIEF,4.761
202605,40,GUILE,ELENA,4.663
202605,40,GUILE,VEGA,4.582
202605,40,GUILE,MARISA,4.529
202605,40,GUILE,INGRID,4.41
202605,40,GUILE,JP,4.209
202601,41,GUILE,BLANKA,5.762
202601,41,GUILE,JAMIE,5.573
202601,41,GUILE,A.K.I.,5.329
202601,41,GUILE,ED,5.247
202601,41,GUILE,LILY,5.21
202601,41,GUILE,KEN,5.204
202601,41,GUILE,LUKE,5.165
202601,41,GUILE,MANON,5.158
202601,41,GUILE,C.VIPER,5.123
202601,41,GUILE,SAGAT,5.092
202601,41,GUILE,DEE JAY,5.078
202601,41,GUILE,TERRY,5.073
202601,41,GUILE,GOUKI,5.059
202601,41,GUILE,KIMBERLY,5.023
202601,41,GUILE,MAI,5.022
202601,41,GUILE,RYU,5.0
202601,41,GUILE,DHALSIM,4.995
202601,41,GUILE,E.HONDA,4.92
202601,41,GUILE,JURI,4.9
202601,41,GUILE,CHUN-LI,4.893
202601,41,GUILE,CAMMY,4.796
202601,41,GUILE,ELENA,4.724
202601,41,GUILE,ZANGIEF,4.632
202601,41,GUILE,MARISA,4.627
202601,41,GUILE,RASHID,4.608
202601,41,GUILE,VEGA,4.607
202601,41,GUILE,JP,4.306
202602,41,GUILE,JAMIE,5.468
202602,41,GUILE,LILY,5.411
202602,41,GUILE,A.K.I.,5.397
202602,41,GUILE,JURI,5.374
202602,41,GUILE,KEN,5.284
202602,41,GUILE,TERRY,5.266
202602,41,GUILE,BLANKA,5.198
202602,41,GUILE,ED,5.169
202602,41,GUILE,RYU,5.167
202602,41,GUILE,DEE JAY,5.132
202602,41,GUILE,MAI,5.098
202602,41,GUILE,DHALSIM,5.068
202602,41,GUILE,MANON,5.0
202602,41,GUILE,CHUN-LI,5.0
202602,41,GUILE,GOUKI,4.995
202602,41,GUILE,C.VIPER,4.952
202602,41,GUILE,LUKE,4.94
202602,41,GUILE,E.HONDA,4.919
202602,41,GUILE,SAGAT,4.877
202602,41,GUILE,KIMBERLY,4.75
202602,41,GUILE,RASHID,4.736
202602,41,GUILE,VEGA,4.689
202602,41,GUILE,ELENA,4.638
202602,41,GUILE,CAMMY,4.547
202602,41,GUILE,ZANGIEF,4.508
202602,41,GUILE,JP,4.384
202602,41,GUILE,MARISA,4.355
202603,41,GUILE,A.K.I.,5.325
202603,41,GUILE,JAMIE,5.309
202603,41,GUILE,BLANKA,5.299
202603,41,GUILE,JURI,5.227
202603,41,GUILE,KEN,5.225
202603,41,GUILE,ED,5.215
202603,41,GUILE,GOUKI,5.206
202603,41,GUILE,DEE JAY,5.205
202603,41,GUILE,ALEX,5.178
202603,41,GUILE,TERRY,5.166
202603,41,GUILE,C.VIPER,5.112
202603,41,GUILE,E.HONDA,5.025
202603,41,GUILE,DHALSIM,5.022
202603,41,GUILE,CHUN-LI,4.983
202603,41,GUILE,MAI,4.968
202603,41,GUILE,LUKE,4.967
202603,41,GUILE,RYU,4.959
202603,41,GUILE,SAGAT,4.942
202603,41,GUILE,MANON,4.92
202603,41,GUILE,KIMBERLY,4.912
202603,41,GUILE,RASHID,4.842
202603,41,GUILE,CAMMY,4.825
202603,41,GUILE,LILY,4.821
202603,41,GUILE,ELENA,4.817
202603,41,GUILE,ZANGIEF,4.7
202603,41,GUILE,VEGA,4.699
202603,41,GUILE,JP,4.476
202603,41,GUILE,MARISA,4.268
202604,41,GUILE,BLANKA,5.534
202604,41,GUILE,JAMIE,5.509
202604,41,GUILE,ALEX,5.483
202604,41,GUILE,A.K.I.,5.399
202604,41,GUILE,LILY,5.315
202604,41,GUILE,TERRY,5.197
202604,41,GUILE,JURI,5.189
202604,41,GUILE,C.VIPER,5.156
202604,41,GUILE,KIMBERLY,5.128
202604,41,GUILE,GOUKI,5.103
202604,41,GUILE,ED,5.098
202604,41,GUILE,KEN,5.087
202604,41,GUILE,DEE JAY,5.061
202604,41,GUILE,MAI,5.0
202604,41,GUILE,LUKE,4.96
202604,41,GUILE,SAGAT,4.957
202604,41,GUILE,RASHID,4.858
202604,41,GUILE,RYU,4.856
202604,41,GUILE,CHUN-LI,4.833
202604,41,GUILE,DHALSIM,4.825
202604,41,GUILE,CAMMY,4.744
202604,41,GUILE,MANON,4.742
202604,41,GUILE,VEGA,4.638
202604,41,GUILE,ZANGIEF,4.612
202604,41,GUILE,E.HONDA,4.609
202604,41,GUILE,ELENA,4.584
202604,41,GUILE,MARISA,4.253
202604,41,GUILE,JP,4.243
202605,41,GUILE,ALEX,5.567
202605,41,GUILE,JAMIE,5.379
202605,41,GUILE,KEN,5.352
202605,41,GUILE,RASHID,5.298
202605,41,GUILE,LILY,5.277
202605,41,GUILE,TERRY,5.191
202605,41,GUILE,MANON,5.129
202605,41,GUILE,MAI,5.129
202605,41,GUILE,SAGAT,5.12
202605,41,GUILE,BLANKA,5.106
202605,41,GUILE,RYU,5.102
202605,41,GUILE,DHALSIM,5.096
202605,41,GUILE,C.VIPER,5.089
202605,41,GUILE,A.K.I.,5.074
202605,41,GUILE,ED,5.057
202605,41,GUILE,DEE JAY,5.022
202605,41,GUILE,CAMMY,5.005
202605,41,GUILE,GOUKI,5.004
202605,41,GUILE,LUKE,4.964
202605,41,GUILE,CHUN-LI,4.927
202605,41,GUILE,JURI,4.866
202605,41,GUILE,ZANGIEF,4.722
202605,41,GUILE,E.HONDA,4.671
202605,41,GUILE,MARISA,4.652
202605,41,GUILE,KIMBERLY,4.649
202605,41,GUILE,ELENA,4.441
202605,41,GUILE,JP,4.407
202605,41,GUILE,VEGA,4.354
202605,41,GUILE,INGRID,4.178
202601,42,GUILE,JAMIE,5.441
202601,42,GUILE,BLANKA,5.423
202601,42,GUILE,KEN,5.292
202601,42,GUILE,A.K.I.,5.268
202601,42,GUILE,LILY,5.236
202601,42,GUILE,TERRY,5.232
202601,42,GUILE,GOUKI,5.224
202601,42,GUILE,KIMBERLY,5.223
202601,42,GUILE,ED,5.199
202601,42,GUILE,RASHID,5.031
202601,42,GUILE,DEE JAY,5.029
202601,42,GUILE,DHALSIM,5.02
202601,42,GUILE,E.HONDA,5.014
202601,42,GUILE,SAGAT,4.979
202601,42,GUILE,MANON,4.97
202601,42,GUILE,JURI,4.97
202601,42,GUILE,C.VIPER,4.945
202601,42,GUILE,CHUN-LI,4.903
202601,42,GUILE,ELENA,4.889
202601,42,GUILE,RYU,4.885
202601,42,GUILE,MAI,4.853
202601,42,GUILE,LUKE,4.835
202601,42,GUILE,CAMMY,4.785
202601,42,GUILE,JP,4.735
202601,42,GUILE,VEGA,4.696
202601,42,GUILE,MARISA,4.385
202601,42,GUILE,ZANGIEF,4.267
202602,42,GUILE,LILY,5.428
202602,42,GUILE,ED,5.396
202602,42,GUILE,JAMIE,5.359
202602,42,GUILE,JURI,5.299
202602,42,GUILE,A.K.I.,5.258
202602,42,GUILE,TERRY,5.182
202602,42,GUILE,DEE JAY,5.161
202602,42,GUILE,RYU,5.156
202602,42,GUILE,MAI,5.103
202602,42,GUILE,E.HONDA,5.078
202602,42,GUILE,C.VIPER,5.063
202602,42,GUILE,SAGAT,5.056
202602,42,GUILE,LUKE,5.03
202602,42,GUILE,BLANKA,5.0
202602,42,GUILE,KEN,4.915
202602,42,GUILE,DHALSIM,4.824
202602,42,GUILE,GOUKI,4.812
202602,42,GUILE,MANON,4.797
202602,42,GUILE,VEGA,4.77
202602,42,GUILE,CAMMY,4.684
202602,42,GUILE,KIMBERLY,4.67
202602,42,GUILE,JP,4.666
202602,42,GUILE,RASHID,4.579
202602,42,GUILE,CHUN-LI,4.536
202602,42,GUILE,ELENA,4.487
202602,42,GUILE,MARISA,4.163
202602,42,GUILE,ZANGIEF,4.146
202603,42,GUILE,JAMIE,5.554
202603,42,GUILE,KEN,5.331
202603,42,GUILE,BLANKA,5.278
202603,42,GUILE,JURI,5.261
202603,42,GUILE,DHALSIM,5.187
202603,42,GUILE,ED,5.186
202603,42,GUILE,GOUKI,5.167
202603,42,GUILE,LILY,5.154
202603,42,GUILE,DEE JAY,5.151
202603,42,GUILE,TERRY,5.142
202603,42,GUILE,A.K.I.,5.122
202603,42,GUILE,MANON,5.096
202603,42,GUILE,E.HONDA,5.035
202603,42,GUILE,CHUN-LI,5.029
202603,42,GUILE,SAGAT,5.025
202603,42,GUILE,C.VIPER,4.983
202603,42,GUILE,CAMMY,4.971
202603,42,GUILE,ALEX,4.924
202603,42,GUILE,MAI,4.894
202603,42,GUILE,KIMBERLY,4.839
202603,42,GUILE,RYU,4.838
202603,42,GUILE,VEGA,4.803
202603,42,GUILE,LUKE,4.739
202603,42,GUILE,JP,4.607
202603,42,GUILE,RASHID,4.556
202603,42,GUILE,MARISA,4.52
202603,42,GUILE,ELENA,4.509
202603,42,GUILE,ZANGIEF,4.486
202604,42,GUILE,ALEX,5.419
202604,42,GUILE,A.K.I.,5.408
202604,42,GUILE,JAMIE,5.399
202604,42,GUILE,DEE JAY,5.294
202604,42,GUILE,BLANKA,5.268
202604,42,GUILE,KEN,5.266
202604,42,GUILE,E.HONDA,5.259
202604,42,GUILE,JURI,5.252
202604,42,GUILE,MAI,5.192
202604,42,GUILE,TERRY,5.19
202604,42,GUILE,KIMBERLY,5.18
202604,42,GUILE,DHALSIM,5.163
202604,42,GUILE,RYU,5.073
202604,42,GUILE,LILY,5.072
202604,42,GUILE,C.VIPER,5.031
202604,42,GUILE,LUKE,5.007
202604,42,GUILE,ED,4.977
202604,42,GUILE,GOUKI,4.94
202604,42,GUILE,MANON,4.934
202604,42,GUILE,CHUN-LI,4.924
202604,42,GUILE,CAMMY,4.89
202604,42,GUILE,SAGAT,4.852
202604,42,GUILE,RASHID,4.769
202604,42,GUILE,VEGA,4.697
202604,42,GUILE,ELENA,4.634
202604,42,GUILE,ZANGIEF,4.616
202604,42,GUILE,JP,4.614
202604,42,GUILE,MARISA,4.483
202605,42,GUILE,JAMIE,5.522
202605,42,GUILE,E.HONDA,5.444
202605,42,GUILE,BLANKA,5.371
202605,42,GUILE,ALEX,5.343
202605,42,GUILE,JURI,5.263
202605,42,GUILE,KEN,5.25
202605,42,GUILE,A.K.I.,5.234
202605,42,GUILE,TERRY,5.219
202605,42,GUILE,LUKE,5.212
202605,42,GUILE,MANON,5.208
202605,42,GUILE,DHALSIM,5.094
202605,42,GUILE,MAI,5.025
202605,42,GUILE,LILY,5.02
202605,42,GUILE,RASHID,5.006
202605,42,GUILE,RYU,4.952
202605,42,GUILE,C.VIPER,4.9
202605,42,GUILE,GOUKI,4.86
202605,42,GUILE,SAGAT,4.82
202605,42,GUILE,DEE JAY,4.809
202605,42,GUILE,KIMBERLY,4.765
202605,42,GUILE,CAMMY,4.74
202605,42,GUILE,ED,4.74
202605,42,GUILE,INGRID,4.663
202605,42,GUILE,CHUN-LI,4.661
202605,42,GUILE,VEGA,4.635
202605,42,GUILE,ELENA,4.625
202605,42,GUILE,JP,4.504
202605,42,GUILE,ZANGIEF,4.394
202605,42,GUILE,MARISA,4.358
202601,40,E.HONDA,DHALSIM,5.786
202601,40,E.HONDA,BLANKA,5.758
202601,40,E.HONDA,CAMMY,5.611
202601,40,E.HONDA,VEGA,5.421
202601,40,E.HONDA,ELENA,5.409
202601,40,E.HONDA,JAMIE,5.389
202601,40,E.HONDA,LILY,5.303
202601,40,E.HONDA,RASHID,5.281
202601,40,E.HONDA,ED,5.202
202601,40,E.HONDA,SAGAT,5.193
202601,40,E.HONDA,GUILE,5.148
202601,40,E.HONDA,KIMBERLY,5.134
202601,40,E.HONDA,C.VIPER,5.121
202601,40,E.HONDA,JURI,5.093
202601,40,E.HONDA,DEE JAY,5.09
202601,40,E.HONDA,GOUKI,5.081
202601,40,E.HONDA,RYU,5.004
202601,40,E.HONDA,A.K.I.,5.004
202601,40,E.HONDA,TERRY,4.965
202601,40,E.HONDA,LUKE,4.961
202601,40,E.HONDA,JP,4.951
202601,40,E.HONDA,MAI,4.848
202601,40,E.HONDA,CHUN-LI,4.816
202601,40,E.HONDA,MANON,4.727
202601,40,E.HONDA,ZANGIEF,4.703
202601,40,E.HONDA,KEN,4.691
202601,40,E.HONDA,MARISA,4.68
202602,40,E.HONDA,BLANKA,5.779
202602,40,E.HONDA,DHALSIM,5.774
202602,40,E.HONDA,VEGA,5.58
202602,40,E.HONDA,CAMMY,5.525
202602,40,E.HONDA,SAGAT,5.367
202602,40,E.HONDA,JAMIE,5.298
202602,40,E.HONDA,GOUKI,5.296
202602,40,E.HONDA,C.VIPER,5.253
202602,40,E.HONDA,JURI,5.247
202602,40,E.HONDA,ELENA,5.225
202602,40,E.HONDA,GUILE,5.144
202602,40,E.HONDA,DEE JAY,5.141
202602,40,E.HONDA,JP,5.109
202602,40,E.HONDA,RASHID,5.108
202602,40,E.HONDA,ED,5.072
202602,40,E.HONDA,TERRY,5.066
202602,40,E.HONDA,A.K.I.,5.058
202602,40,E.HONDA,LILY,5.016
202602,40,E.HONDA,KIMBERLY,5.008
202602,40,E.HONDA,CHUN-LI,4.969
202602,40,E.HONDA,RYU,4.967
202602,40,E.HONDA,MAI,4.966
202602,40,E.HONDA,KEN,4.916
202602,40,E.HONDA,MANON,4.907
202602,40,E.HONDA,LUKE,4.904
202602,40,E.HONDA,MARISA,4.901
202602,40,E.HONDA,ZANGIEF,4.883
202603,40,E.HONDA,DHALSIM,5.789
202603,40,E.HONDA,BLANKA,5.747
202603,40,E.HONDA,VEGA,5.572
202603,40,E.HONDA,CAMMY,5.562
202603,40,E.HONDA,JAMIE,5.52
202603,40,E.HONDA,ELENA,5.475
202603,40,E.HONDA,TERRY,5.347
202603,40,E.HONDA,SAGAT,5.342
202603,40,E.HONDA,LILY,5.219
202603,40,E.HONDA,C.VIPER,5.21
202603,40,E.HONDA,JURI,5.201
202603,40,E.HONDA,GOUKI,5.169
202603,40,E.HONDA,ALEX,5.15
202603,40,E.HONDA,GUILE,5.137
202603,40,E.HONDA,ED,5.124
202603,40,E.HONDA,JP,5.122
202603,40,E.HONDA,RASHID,5.104
202603,40,E.HONDA,KIMBERLY,5.096
202603,40,E.HONDA,A.K.I.,5.082
202603,40,E.HONDA,CHUN-LI,5.063
202603,40,E.HONDA,MARISA,5.04
202603,40,E.HONDA,DEE JAY,5.027
202603,40,E.HONDA,LUKE,5.011
202603,40,E.HONDA,ZANGIEF,4.982
202603,40,E.HONDA,MAI,4.955
202603,40,E.HONDA,MANON,4.939
202603,40,E.HONDA,RYU,4.888
202603,40,E.HONDA,KEN,4.604
202604,40,E.HONDA,DHALSIM,6.149
202604,40,E.HONDA,BLANKA,5.971
202604,40,E.HONDA,CAMMY,5.509
202604,40,E.HONDA,VEGA,5.475
202604,40,E.HONDA,ELENA,5.351
202604,40,E.HONDA,JAMIE,5.338
202604,40,E.HONDA,JURI,5.331
202604,40,E.HONDA,SAGAT,5.284
202604,40,E.HONDA,LILY,5.271
202604,40,E.HONDA,ALEX,5.253
202604,40,E.HONDA,C.VIPER,5.245
202604,40,E.HONDA,TERRY,5.21
202604,40,E.HONDA,KIMBERLY,5.196
202604,40,E.HONDA,RASHID,5.165
202604,40,E.HONDA,GUILE,5.163
202604,40,E.HONDA,ED,5.134
202604,40,E.HONDA,JP,5.118
202604,40,E.HONDA,DEE JAY,5.1
202604,40,E.HONDA,A.K.I.,5.066
202604,40,E.HONDA,MANON,5.062
202604,40,E.HONDA,LUKE,5.049
202604,40,E.HONDA,RYU,4.989
202604,40,E.HONDA,GOUKI,4.97
202604,40,E.HONDA,CHUN-LI,4.935
202604,40,E.HONDA,MAI,4.933
202604,40,E.HONDA,ZANGIEF,4.884
202604,40,E.HONDA,MARISA,4.879
202604,40,E.HONDA,KEN,4.636
202605,40,E.HONDA,DHALSIM,5.693
202605,40,E.HONDA,BLANKA,5.666
202605,40,E.HONDA,VEGA,5.482
202605,40,E.HONDA,CAMMY,5.366
202605,40,E.HONDA,LILY,5.303
202605,40,E.HONDA,JAMIE,5.302
202605,40,E.HONDA,JURI,5.301
202605,40,E.HONDA,SAGAT,5.291
202605,40,E.HONDA,ALEX,5.28
202605,40,E.HONDA,ELENA,5.268
202605,40,E.HONDA,RASHID,5.266
202605,40,E.HONDA,DEE JAY,5.245
202605,40,E.HONDA,JP,5.238
202605,40,E.HONDA,C.VIPER,5.215
202605,40,E.HONDA,GOUKI,5.164
202605,40,E.HONDA,ED,5.14
202605,40,E.HONDA,GUILE,5.133
202605,40,E.HONDA,KIMBERLY,5.116
202605,40,E.HONDA,TERRY,5.116
202605,40,E.HONDA,ZANGIEF,5.02
202605,40,E.HONDA,A.K.I.,5.02
202605,40,E.HONDA,MARISA,5.018
202605,40,E.HONDA,CHUN-LI,4.975
202605,40,E.HONDA,MAI,4.946
202605,40,E.HONDA,RYU,4.908
202605,40,E.HONDA,LUKE,4.88
202605,40,E.HONDA,MANON,4.87
202605,40,E.HONDA,KEN,4.741
202605,40,E.HONDA,INGRID,4.663
202601,41,E.HONDA,BLANKA,5.765
202601,41,E.HONDA,DHALSIM,5.713
202601,41,E.HONDA,CAMMY,5.7
202601,41,E.HONDA,VEGA,5.632
202601,41,E.HONDA,DEE JAY,5.318
202601,41,E.HONDA,ELENA,5.305
202601,41,E.HONDA,JAMIE,5.257
202601,41,E.HONDA,SAGAT,5.19
202601,41,E.HONDA,GOUKI,5.183
202601,41,E.HONDA,LILY,5.167
202601,41,E.HONDA,JURI,5.058
202601,41,E.HONDA,LUKE,5.02
202601,41,E.HONDA,RYU,5.02
202601,41,E.HONDA,GUILE,5.005
202601,41,E.HONDA,ZANGIEF,5.0
202601,41,E.HONDA,JP,4.986
202601,41,E.HONDA,TERRY,4.943
202601,41,E.HONDA,RASHID,4.893
202601,41,E.HONDA,A.K.I.,4.89
202601,41,E.HONDA,C.VIPER,4.889
202601,41,E.HONDA,CHUN-LI,4.88
202601,41,E.HONDA,MANON,4.877
202601,41,E.HONDA,MARISA,4.866
202601,41,E.HONDA,ED,4.863
202601,41,E.HONDA,MAI,4.802
202601,41,E.HONDA,KEN,4.759
202601,41,E.HONDA,KIMBERLY,4.65
202602,41,E.HONDA,VEGA,5.659
202602,41,E.HONDA,BLANKA,5.582
202602,41,E.HONDA,DEE JAY,5.412
202602,41,E.HONDA,MANON,5.38
202602,41,E.HONDA,CAMMY,5.38
202602,41,E.HONDA,LILY,5.369
202602,41,E.HONDA,JAMIE,5.227
202602,41,E.HONDA,C.VIPER,5.219
202602,41,E.HONDA,SAGAT,5.217
202602,41,E.HONDA,DHALSIM,5.16
202602,41,E.HONDA,JURI,5.129
202602,41,E.HONDA,ELENA,5.118
202602,41,E.HONDA,RYU,5.089
202602,41,E.HONDA,JP,5.034
202602,41,E.HONDA,RASHID,5.018
202602,41,E.HONDA,GUILE,5.006
202602,41,E.HONDA,GOUKI,4.982
202602,41,E.HONDA,A.K.I.,4.966
202602,41,E.HONDA,MAI,4.95
202602,41,E.HONDA,TERRY,4.94
202602,41,E.HONDA,MARISA,4.928
202602,41,E.HONDA,LUKE,4.911
202602,41,E.HONDA,ED,4.896
202602,41,E.HONDA,KEN,4.864
202602,41,E.HONDA,CHUN-LI,4.85
202602,41,E.HONDA,ZANGIEF,4.725
202602,41,E.HONDA,KIMBERLY,4.66
202603,41,E.HONDA,VEGA,5.72
202603,41,E.HONDA,CAMMY,5.668
202603,41,E.HONDA,BLANKA,5.479
202603,41,E.HONDA,DHALSIM,5.455
202603,41,E.HONDA,SAGAT,5.378
202603,41,E.HONDA,JAMIE,5.35
202603,41,E.HONDA,C.VIPER,5.247
202603,41,E.HONDA,DEE JAY,5.233
202603,41,E.HONDA,ED,5.229
202603,41,E.HONDA,ALEX,5.224
202603,41,E.HONDA,JURI,5.146
202603,41,E.HONDA,ELENA,5.104
202603,41,E.HONDA,RASHID,5.059
202603,41,E.HONDA,MANON,5.058
202603,41,E.HONDA,LUKE,5.05
202603,41,E.HONDA,GUILE,5.033
202603,41,E.HONDA,KIMBERLY,4.968
202603,41,E.HONDA,RYU,4.942
202603,41,E.HONDA,TERRY,4.918
202603,41,E.HONDA,LILY,4.911
202603,41,E.HONDA,CHUN-LI,4.886
202603,41,E.HONDA,JP,4.872
202603,41,E.HONDA,GOUKI,4.858
202603,41,E.HONDA,MAI,4.788
202603,41,E.HONDA,MARISA,4.779
202603,41,E.HONDA,A.K.I.,4.723
202603,41,E.HONDA,KEN,4.669
202603,41,E.HONDA,ZANGIEF,4.649
202604,41,E.HONDA,BLANKA,5.837
202604,41,E.HONDA,DHALSIM,5.799
202604,41,E.HONDA,VEGA,5.672
202604,41,E.HONDA,C.VIPER,5.449
202604,41,E.HONDA,JURI,5.363
202604,41,E.HONDA,CAMMY,5.327
202604,41,E.HONDA,GUILE,5.309
202604,41,E.HONDA,KIMBERLY,5.24
202604,41,E.HONDA,ALEX,5.226
202604,41,E.HONDA,SAGAT,5.219
202604,41,E.HONDA,ELENA,5.177
202604,41,E.HONDA,JAMIE,5.119
202604,41,E.HONDA,RASHID,5.047
202604,41,E.HONDA,DEE JAY,5.045
202604,41,E.HONDA,MARISA,5.011
202604,41,E.HONDA,ED,5.003
202604,41,E.HONDA,JP,5.002
202604,41,E.HONDA,TERRY,4.964
202604,41,E.HONDA,MANON,4.903
202604,41,E.HONDA,CHUN-LI,4.889
202604,41,E.HONDA,GOUKI,4.838
202604,41,E.HONDA,RYU,4.821
202604,41,E.HONDA,KEN,4.817
202604,41,E.HONDA,LUKE,4.813
202604,41,E.HONDA,ZANGIEF,4.772
202604,41,E.HONDA,MAI,4.681
202604,41,E.HONDA,A.K.I.,4.545
202604,41,E.HONDA,LILY,4.535
202605,41,E.HONDA,VEGA,5.556
202605,41,E.HONDA,BLANKA,5.524
202605,41,E.HONDA,ALEX,5.365
202605,41,E.HONDA,CAMMY,5.326
202605,41,E.HONDA,LILY,5.267
202605,41,E.HONDA,C.VIPER,5.238
202605,41,E.HONDA,GUILE,5.226
202605,41,E.HONDA,DEE JAY,5.209
202605,41,E.HONDA,DHALSIM,5.192
202605,41,E.HONDA,ED,5.175
202605,41,E.HONDA,JAMIE,5.162
202605,41,E.HONDA,MARISA,5.152
202605,41,E.HONDA,ELENA,5.152
202605,41,E.HONDA,CHUN-LI,5.124
202605,41,E.HONDA,INGRID,5.113
202605,41,E.HONDA,JURI,5.108
202605,41,E.HONDA,JP,5.07
202605,41,E.HONDA,GOUKI,5.025
202605,41,E.HONDA,SAGAT,5.005
202605,41,E.HONDA,MANON,4.996
202605,41,E.HONDA,LUKE,4.991
202605,41,E.HONDA,A.K.I.,4.886
202605,41,E.HONDA,TERRY,4.884
202605,41,E.HONDA,RASHID,4.881
202605,41,E.HONDA,ZANGIEF,4.875
202605,41,E.HONDA,MAI,4.858
202605,41,E.HONDA,KIMBERLY,4.833
202605,41,E.HONDA,RYU,4.714
202605,41,E.HONDA,KEN,4.608
202601,42,E.HONDA,CAMMY,5.684
202601,42,E.HONDA,VEGA,5.489
202601,42,E.HONDA,BLANKA,5.303
202601,42,E.HONDA,DEE JAY,5.215
202601,42,E.HONDA,MANON,5.168
202601,42,E.HONDA,JAMIE,5.147
202601,42,E.HONDA,SAGAT,5.133
202601,42,E.HONDA,C.VIPER,5.095
202601,42,E.HONDA,ELENA,5.071
202601,42,E.HONDA,DHALSIM,5.061
202601,42,E.HONDA,ED,5.023
202601,42,E.HONDA,LILY,5.017
202601,42,E.HONDA,GUILE,4.994
202601,42,E.HONDA,GOUKI,4.978
202601,42,E.HONDA,A.K.I.,4.929
202601,42,E.HONDA,KIMBERLY,4.921
202601,42,E.HONDA,MAI,4.894
202601,42,E.HONDA,TERRY,4.886
202601,42,E.HONDA,JURI,4.868
202601,42,E.HONDA,RYU,4.865
202601,42,E.HONDA,RASHID,4.836
202601,42,E.HONDA,LUKE,4.832
202601,42,E.HONDA,KEN,4.831
202601,42,E.HONDA,JP,4.815
202601,42,E.HONDA,MARISA,4.8
202601,42,E.HONDA,CHUN-LI,4.588
202601,42,E.HONDA,ZANGIEF,4.537
202602,42,E.HONDA,CAMMY,5.403
202602,42,E.HONDA,DEE JAY,5.402
202602,42,E.HONDA,A.K.I.,5.341
202602,42,E.HONDA,JAMIE,5.31
202602,42,E.HONDA,JURI,5.275
202602,42,E.HONDA,BLANKA,5.267
202602,42,E.HONDA,GOUKI,5.264
202602,42,E.HONDA,SAGAT,5.146
202602,42,E.HONDA,ELENA,5.137
202602,42,E.HONDA,C.VIPER,5.109
202602,42,E.HONDA,GUILE,5.104
202602,42,E.HONDA,RASHID,5.052
202602,42,E.HONDA,VEGA,5.05
202602,42,E.HONDA,DHALSIM,5.024
202602,42,E.HONDA,LUKE,5.005
202602,42,E.HONDA,TERRY,5.0
202602,42,E.HONDA,KIMBERLY,4.926
202602,42,E.HONDA,MANON,4.899
202602,42,E.HONDA,MAI,4.887
202602,42,E.HONDA,JP,4.885
202602,42,E.HONDA,MARISA,4.884
202602,42,E.HONDA,CHUN-LI,4.8
202602,42,E.HONDA,KEN,4.772
202602,42,E.HONDA,RYU,4.77
202602,42,E.HONDA,ZANGIEF,4.679
202602,42,E.HONDA,ED,4.589
202602,42,E.HONDA,LILY,4.545
202603,42,E.HONDA,VEGA,5.443
202603,42,E.HONDA,CAMMY,5.363
202603,42,E.HONDA,DEE JAY,5.347
202603,42,E.HONDA,ALEX,5.313
202603,42,E.HONDA,JURI,5.275
202603,42,E.HONDA,GOUKI,5.273
202603,42,E.HONDA,BLANKA,5.209
202603,42,E.HONDA,SAGAT,5.103
202603,42,E.HONDA,MANON,5.099
202603,42,E.HONDA,JAMIE,5.089
202603,42,E.HONDA,C.VIPER,5.069
202603,42,E.HONDA,DHALSIM,5.039
202603,42,E.HONDA,GUILE,4.98
202603,42,E.HONDA,MAI,4.967
202603,42,E.HONDA,LUKE,4.958
202603,42,E.HONDA,ELENA,4.955
202603,42,E.HONDA,MARISA,4.954
202603,42,E.HONDA,RASHID,4.954
202603,42,E.HONDA,KIMBERLY,4.952
202603,42,E.HONDA,TERRY,4.92
202603,42,E.HONDA,RYU,4.873
202603,42,E.HONDA,ED,4.868
202603,42,E.HONDA,JP,4.857
202603,42,E.HONDA,A.K.I.,4.785
202603,42,E.HONDA,KEN,4.756
202603,42,E.HONDA,ZANGIEF,4.726
202603,42,E.HONDA,CHUN-LI,4.709
202603,42,E.HONDA,LILY,4.608
202604,42,E.HONDA,BLANKA,5.686
202604,42,E.HONDA,VEGA,5.492
202604,42,E.HONDA,CAMMY,5.333
202604,42,E.HONDA,DEE JAY,5.319
202604,42,E.HONDA,GOUKI,5.229
202604,42,E.HONDA,C.VIPER,5.201
202604,42,E.HONDA,MARISA,5.108
202604,42,E.HONDA,ALEX,5.105
202604,42,E.HONDA,SAGAT,5.085
202604,42,E.HONDA,ELENA,5.081
202604,42,E.HONDA,KIMBERLY,5.015
202604,42,E.HONDA,ED,5.007
202604,42,E.HONDA,MANON,5.004
202604,42,E.HONDA,LUKE,5.002
202604,42,E.HONDA,JAMIE,4.994
202604,42,E.HONDA,DHALSIM,4.991
202604,42,E.HONDA,JURI,4.962
202604,42,E.HONDA,RASHID,4.954
202604,42,E.HONDA,TERRY,4.95
202604,42,E.HONDA,JP,4.933
202604,42,E.HONDA,GUILE,4.851
202604,42,E.HONDA,RYU,4.836
202604,42,E.HONDA,KEN,4.831
202604,42,E.HONDA,LILY,4.824
202604,42,E.HONDA,A.K.I.,4.716
202604,42,E.HONDA,MAI,4.691
202604,42,E.HONDA,ZANGIEF,4.611
202604,42,E.HONDA,CHUN-LI,4.543
202605,42,E.HONDA,BLANKA,5.58
202605,42,E.HONDA,VEGA,5.461
202605,42,E.HONDA,CAMMY,5.344
202605,42,E.HONDA,C.VIPER,5.274
202605,42,E.HONDA,SAGAT,5.26
202605,42,E.HONDA,ALEX,5.179
202605,42,E.HONDA,ELENA,5.167
202605,42,E.HONDA,JAMIE,5.067
202605,42,E.HONDA,INGRID,5.065
202605,42,E.HONDA,RASHID,5.06
202605,42,E.HONDA,LUKE,5.018
202605,42,E.HONDA,JURI,5.015
202605,42,E.HONDA,GOUKI,5.014
202605,42,E.HONDA,MARISA,4.965
202605,42,E.HONDA,A.K.I.,4.95
202605,42,E.HONDA,LILY,4.897
202605,42,E.HONDA,DEE JAY,4.861
202605,42,E.HONDA,RYU,4.856
202605,42,E.HONDA,DHALSIM,4.851
202605,42,E.HONDA,TERRY,4.816
202605,42,E.HONDA,ZANGIEF,4.814
202605,42,E.HONDA,KIMBERLY,4.794
202605,42,E.HONDA,KEN,4.775
202605,42,E.HONDA,MANON,4.761
202605,42,E.HONDA,GUILE,4.699
202605,42,E.HONDA,ED,4.695
202605,42,E.HONDA,JP,4.685
202605,42,E.HONDA,CHUN-LI,4.638
202605,42,E.HONDA,MAI,4.58
202605,40,INGRID,DHALSIM,6.076
202605,40,INGRID,JP,5.939
202605,40,INGRID,LILY,5.818
202605,40,INGRID,ED,5.775
202605,40,INGRID,GOUKI,5.696
202605,40,INGRID,CHUN-LI,5.648
202605,40,INGRID,GUILE,5.62
202605,40,INGRID,JURI,5.605
202605,40,INGRID,RYU,5.567
202605,40,INGRID,RASHID,5.543
202605,40,INGRID,A.K.I.,5.482
202605,40,INGRID,LUKE,5.408
202605,40,INGRID,SAGAT,5.408
202605,40,INGRID,KEN,5.384
202605,40,INGRID,MARISA,5.381
202605,40,INGRID,BLANKA,5.368
202605,40,INGRID,E.HONDA,5.296
202605,40,INGRID,TERRY,5.284
202605,40,INGRID,ZANGIEF,5.276
202605,40,INGRID,MAI,5.251
202605,40,INGRID,C.VIPER,5.189
202605,40,INGRID,JAMIE,5.188
202605,40,INGRID,CAMMY,5.138
202605,40,INGRID,ALEX,5.135
202605,40,INGRID,MANON,5.125
202605,40,INGRID,VEGA,5.081
202605,40,INGRID,DEE JAY,5.055
202605,40,INGRID,KIMBERLY,4.901
202605,40,INGRID,ELENA,4.813
202605,41,INGRID,DHALSIM,6.188
202605,41,INGRID,LILY,6.09
202605,41,INGRID,GUILE,5.907
202605,41,INGRID,CHUN-LI,5.812
202605,41,INGRID,GOUKI,5.811
202605,41,INGRID,JURI,5.783
202605,41,INGRID,A.K.I.,5.744
202605,41,INGRID,JP,5.74
202605,41,INGRID,MARISA,5.552
202605,41,INGRID,ZANGIEF,5.53
202605,41,INGRID,SAGAT,5.409
202605,41,INGRID,RYU,5.406
202605,41,INGRID,ED,5.384
202605,41,INGRID,LUKE,5.383
202605,41,INGRID,TERRY,5.363
202605,41,INGRID,BLANKA,5.286
202605,41,INGRID,C.VIPER,5.227
202605,41,INGRID,RASHID,5.193
202605,41,INGRID,JAMIE,5.18
202605,41,INGRID,ALEX,5.176
202605,41,INGRID,MANON,5.157
202605,41,INGRID,DEE JAY,5.129
202605,41,INGRID,ELENA,5.126
202605,41,INGRID,CAMMY,5.089
202605,41,INGRID,KIMBERLY,5.025
202605,41,INGRID,KEN,5.018
202605,41,INGRID,MAI,4.996
202605,41,INGRID,E.HONDA,4.994
202605,41,INGRID,VEGA,4.99
202605,42,INGRID,LILY,5.866
202605,42,INGRID,DHALSIM,5.839
202605,42,INGRID,JP,5.711
202605,42,INGRID,CHUN-LI,5.701
202605,42,INGRID,JURI,5.528
202605,42,INGRID,A.K.I.,5.528
202605,42,INGRID,GUILE,5.507
202605,42,INGRID,GOUKI,5.506
202605,42,INGRID,RYU,5.494
202605,42,INGRID,MARISA,5.491
202605,42,INGRID,TERRY,5.46
202605,42,INGRID,LUKE,5.426
202605,42,INGRID,KEN,5.403
202605,42,INGRID,ALEX,5.367
202605,42,INGRID,RASHID,5.32
202605,42,INGRID,ZANGIEF,5.287
202605,42,INGRID,CAMMY,5.232
202605,42,INGRID,ED,5.183
202605,42,INGRID,BLANKA,5.164
202605,42,INGRID,VEGA,5.116
202605,42,INGRID,KIMBERLY,5.105
202605,42,INGRID,SAGAT,5.056
202605,42,INGRID,JAMIE,5.054
202605,42,INGRID,C.VIPER,4.98
202605,42,INGRID,DEE JAY,4.95
202605,42,INGRID,E.HONDA,4.845
202605,42,INGRID,MANON,4.668
202605,42,INGRID,ELENA,4.55
202605,42,INGRID,MAI,4.537
202601,40,JAMIE,CAMMY,5.313
202601,40,JAMIE,CHUN-LI,5.173
202601,40,JAMIE,GOUKI,5.162
202601,40,JAMIE,KEN,5.158
202601,40,JAMIE,RYU,5.046
202601,40,JAMIE,MAI,5.024
202601,40,JAMIE,MARISA,5.016
202601,40,JAMIE,MANON,5.013
202601,40,JAMIE,TERRY,4.977
202601,40,JAMIE,ZANGIEF,4.972
202601,40,JAMIE,KIMBERLY,4.967
202601,40,JAMIE,VEGA,4.966
202601,40,JAMIE,JURI,4.94
202601,40,JAMIE,ELENA,4.937
202601,40,JAMIE,RASHID,4.927
202601,40,JAMIE,LUKE,4.872
202601,40,JAMIE,DEE JAY,4.866
202601,40,JAMIE,DHALSIM,4.856
202601,40,JAMIE,C.VIPER,4.851
202601,40,JAMIE,JP,4.791
202601,40,JAMIE,ED,4.789
202601,40,JAMIE,LILY,4.772
202601,40,JAMIE,A.K.I.,4.756
202601,40,JAMIE,SAGAT,4.728
202601,40,JAMIE,BLANKA,4.702
202601,40,JAMIE,GUILE,4.658
202601,40,JAMIE,E.HONDA,4.574
202602,40,JAMIE,CHUN-LI,5.261
202602,40,JAMIE,CAMMY,5.197
202602,40,JAMIE,GOUKI,5.149
202602,40,JAMIE,KEN,5.142
202602,40,JAMIE,RYU,5.069
202602,40,JAMIE,KIMBERLY,5.02
202602,40,JAMIE,JURI,5.003
202602,40,JAMIE,MAI,5.0
202602,40,JAMIE,ZANGIEF,4.963
202602,40,JAMIE,MANON,4.953
202602,40,JAMIE,RASHID,4.945
202602,40,JAMIE,MARISA,4.928
202602,40,JAMIE,VEGA,4.905
202602,40,JAMIE,LUKE,4.855
202602,40,JAMIE,TERRY,4.855
202602,40,JAMIE,ELENA,4.851
202602,40,JAMIE,A.K.I.,4.819
202602,40,JAMIE,ED,4.819
202602,40,JAMIE,C.VIPER,4.795
202602,40,JAMIE,JP,4.761
202602,40,JAMIE,LILY,4.708
202602,40,JAMIE,E.HONDA,4.702
202602,40,JAMIE,SAGAT,4.667
202602,40,JAMIE,DHALSIM,4.665
202602,40,JAMIE,GUILE,4.611
202602,40,JAMIE,DEE JAY,4.566
202602,40,JAMIE,BLANKA,4.349
202603,40,JAMIE,CAMMY,5.3
202603,40,JAMIE,CHUN-LI,5.163
202603,40,JAMIE,RASHID,5.133
202603,40,JAMIE,MAI,5.117
202603,40,JAMIE,ZANGIEF,5.088
202603,40,JAMIE,GOUKI,5.088
202603,40,JAMIE,ALEX,5.081
202603,40,JAMIE,KEN,5.072
202603,40,JAMIE,RYU,5.07
202603,40,JAMIE,MARISA,5.014
202603,40,JAMIE,JURI,4.976
202603,40,JAMIE,TERRY,4.97
202603,40,JAMIE,ELENA,4.958
202603,40,JAMIE,VEGA,4.949
202603,40,JAMIE,MANON,4.948
202603,40,JAMIE,ED,4.933
202603,40,JAMIE,LUKE,4.926
202603,40,JAMIE,KIMBERLY,4.913
202603,40,JAMIE,A.K.I.,4.881
202603,40,JAMIE,LILY,4.849
202603,40,JAMIE,BLANKA,4.807
202603,40,JAMIE,C.VIPER,4.804
202603,40,JAMIE,DEE JAY,4.767
202603,40,JAMIE,SAGAT,4.758
202603,40,JAMIE,JP,4.705
202603,40,JAMIE,DHALSIM,4.693
202603,40,JAMIE,GUILE,4.635
202603,40,JAMIE,E.HONDA,4.466
202604,40,JAMIE,CAMMY,5.232
202604,40,JAMIE,ALEX,5.217
202604,40,JAMIE,CHUN-LI,5.194
202604,40,JAMIE,MAI,5.117
202604,40,JAMIE,RYU,5.04
202604,40,JAMIE,KEN,5.036
202604,40,JAMIE,ELENA,5.036
202604,40,JAMIE,GOUKI,5.026
202604,40,JAMIE,MANON,5.019
202604,40,JAMIE,ED,4.968
202604,40,JAMIE,LUKE,4.961
202604,40,JAMIE,MARISA,4.948
202604,40,JAMIE,JURI,4.934
202604,40,JAMIE,VEGA,4.93
202604,40,JAMIE,ZANGIEF,4.925
202604,40,JAMIE,RASHID,4.919
202604,40,JAMIE,TERRY,4.896
202604,40,JAMIE,SAGAT,4.848
202604,40,JAMIE,A.K.I.,4.829
202604,40,JAMIE,C.VIPER,4.827
202604,40,JAMIE,KIMBERLY,4.806
202604,40,JAMIE,JP,4.745
202604,40,JAMIE,DEE JAY,4.714
202604,40,JAMIE,DHALSIM,4.705
202604,40,JAMIE,LILY,4.682
202604,40,JAMIE,E.HONDA,4.66
202604,40,JAMIE,BLANKA,4.604
202604,40,JAMIE,GUILE,4.579
202605,40,JAMIE,CAMMY,5.224
202605,40,JAMIE,CHUN-LI,5.162
202605,40,JAMIE,GOUKI,5.127
202605,40,JAMIE,MAI,5.107
202605,40,JAMIE,KEN,5.085
202605,40,JAMIE,RYU,5.068
202605,40,JAMIE,KIMBERLY,5.063
202605,40,JAMIE,ED,5.022
202605,40,JAMIE,TERRY,5.007
202605,40,JAMIE,ALEX,5.0
202605,40,JAMIE,VEGA,4.985
202605,40,JAMIE,JURI,4.974
202605,40,JAMIE,RASHID,4.972
202605,40,JAMIE,LUKE,4.97
202605,40,JAMIE,MARISA,4.962
202605,40,JAMIE,ELENA,4.945
202605,40,JAMIE,LILY,4.93
202605,40,JAMIE,MANON,4.89
202605,40,JAMIE,JP,4.883
202605,40,JAMIE,ZANGIEF,4.866
202605,40,JAMIE,C.VIPER,4.851
202605,40,JAMIE,DEE JAY,4.838
202605,40,JAMIE,INGRID,4.795
202605,40,JAMIE,A.K.I.,4.763
202605,40,JAMIE,SAGAT,4.758
202605,40,JAMIE,E.HONDA,4.726
202605,40,JAMIE,DHALSIM,4.706
202605,40,JAMIE,BLANKA,4.644
202605,40,JAMIE,GUILE,4.598
202601,41,JAMIE,GOUKI,5.269
202601,41,JAMIE,CHUN-LI,5.26
202601,41,JAMIE,A.K.I.,5.131
202601,41,JAMIE,KEN,5.12
202601,41,JAMIE,ZANGIEF,5.106
202601,41,JAMIE,CAMMY,5.102
202601,41,JAMIE,RYU,5.086
202601,41,JAMIE,DHALSIM,5.031
202601,41,JAMIE,VEGA,5.028
202601,41,JAMIE,JURI,5.017
202601,41,JAMIE,MAI,5.014
202601,41,JAMIE,TERRY,4.987
202601,41,JAMIE,RASHID,4.974
202601,41,JAMIE,KIMBERLY,4.933
202601,41,JAMIE,LUKE,4.921
202601,41,JAMIE,MANON,4.858
202601,41,JAMIE,ELENA,4.834
202601,41,JAMIE,JP,4.817
202601,41,JAMIE,ED,4.807
202601,41,JAMIE,SAGAT,4.801
202601,41,JAMIE,MARISA,4.795
202601,41,JAMIE,E.HONDA,4.764
202601,41,JAMIE,C.VIPER,4.748
202601,41,JAMIE,LILY,4.662
202601,41,JAMIE,DEE JAY,4.652
202601,41,JAMIE,BLANKA,4.423
202601,41,JAMIE,GUILE,4.382
202602,41,JAMIE,GOUKI,5.359
202602,41,JAMIE,KEN,5.32
202602,41,JAMIE,LILY,5.24
202602,41,JAMIE,RASHID,5.238
202602,41,JAMIE,C.VIPER,5.216
202602,41,JAMIE,CHUN-LI,5.202
202602,41,JAMIE,RYU,5.185
202602,41,JAMIE,KIMBERLY,5.048
202602,41,JAMIE,MARISA,5.033
202602,41,JAMIE,JP,5.031
202602,41,JAMIE,ELENA,5.014
202602,41,JAMIE,LUKE,4.984
202602,41,JAMIE,CAMMY,4.981
202602,41,JAMIE,ED,4.976
202602,41,JAMIE,TERRY,4.976
202602,41,JAMIE,MAI,4.969
202602,41,JAMIE,A.K.I.,4.946
202602,41,JAMIE,VEGA,4.929
202602,41,JAMIE,JURI,4.919
202602,41,JAMIE,ZANGIEF,4.912
202602,41,JAMIE,DHALSIM,4.864
202602,41,JAMIE,SAGAT,4.85
202602,41,JAMIE,DEE JAY,4.836
202602,41,JAMIE,E.HONDA,4.771
202602,41,JAMIE,MANON,4.745
202602,41,JAMIE,BLANKA,4.506
202602,41,JAMIE,GUILE,4.471
202603,41,JAMIE,GOUKI,5.269
202603,41,JAMIE,CHUN-LI,5.252
202603,41,JAMIE,ZANGIEF,5.208
202603,41,JAMIE,TERRY,5.208
202603,41,JAMIE,KEN,5.183
202603,41,JAMIE,CAMMY,5.149
202603,41,JAMIE,RYU,5.113
202603,41,JAMIE,RASHID,5.073
202603,41,JAMIE,JURI,5.071
202603,41,JAMIE,MAI,5.07
202603,41,JAMIE,ED,5.036
202603,41,JAMIE,ALEX,4.99
202603,41,JAMIE,MANON,4.983
202603,41,JAMIE,ELENA,4.971
202603,41,JAMIE,MARISA,4.936
202603,41,JAMIE,VEGA,4.929
202603,41,JAMIE,JP,4.905
202603,41,JAMIE,LILY,4.886
202603,41,JAMIE,LUKE,4.876
202603,41,JAMIE,DHALSIM,4.866
202603,41,JAMIE,KIMBERLY,4.824
202603,41,JAMIE,A.K.I.,4.744
202603,41,JAMIE,SAGAT,4.743
202603,41,JAMIE,DEE JAY,4.737
202603,41,JAMIE,E.HONDA,4.684
202603,41,JAMIE,C.VIPER,4.677
202603,41,JAMIE,GUILE,4.631
202603,41,JAMIE,BLANKA,4.424
202604,41,JAMIE,CHUN-LI,5.388
202604,41,JAMIE,GOUKI,5.252
202604,41,JAMIE,CAMMY,5.193
202604,41,JAMIE,ALEX,5.139
202604,41,JAMIE,RASHID,5.109
202604,41,JAMIE,MAI,5.054
202604,41,JAMIE,KIMBERLY,5.052
202604,41,JAMIE,LUKE,5.03
202604,41,JAMIE,C.VIPER,5.018
202604,41,JAMIE,KEN,4.997
202604,41,JAMIE,DHALSIM,4.997
202604,41,JAMIE,ZANGIEF,4.976
202604,41,JAMIE,TERRY,4.947
202604,41,JAMIE,ELENA,4.94
202604,41,JAMIE,RYU,4.93
202604,41,JAMIE,E.HONDA,4.919
202604,41,JAMIE,JP,4.915
202604,41,JAMIE,JURI,4.874
202604,41,JAMIE,VEGA,4.864
202604,41,JAMIE,ED,4.859
202604,41,JAMIE,MARISA,4.834
202604,41,JAMIE,SAGAT,4.809
202604,41,JAMIE,MANON,4.808
202604,41,JAMIE,LILY,4.733
202604,41,JAMIE,A.K.I.,4.689
202604,41,JAMIE,DEE JAY,4.668
202604,41,JAMIE,BLANKA,4.642
202604,41,JAMIE,GUILE,4.519
202605,41,JAMIE,GOUKI,5.331
202605,41,JAMIE,KEN,5.246
202605,41,JAMIE,CHUN-LI,5.246
202605,41,JAMIE,RYU,5.169
202605,41,JAMIE,CAMMY,5.16
202605,41,JAMIE,MANON,5.113
202605,41,JAMIE,JURI,5.113
202605,41,JAMIE,A.K.I.,5.047
202605,41,JAMIE,ED,5.035
202605,41,JAMIE,ALEX,5.027
202605,41,JAMIE,LUKE,5.01
202605,41,JAMIE,RASHID,5.01
202605,41,JAMIE,MAI,4.98
202605,41,JAMIE,VEGA,4.969
202605,41,JAMIE,ZANGIEF,4.954
202605,41,JAMIE,DHALSIM,4.939
202605,41,JAMIE,JP,4.935
202605,41,JAMIE,TERRY,4.935
202605,41,JAMIE,E.HONDA,4.928
202605,41,JAMIE,MARISA,4.899
202605,41,JAMIE,C.VIPER,4.828
202605,41,JAMIE,KIMBERLY,4.82
202605,41,JAMIE,ELENA,4.8
202605,41,JAMIE,SAGAT,4.782
202605,41,JAMIE,INGRID,4.75
202605,41,JAMIE,GUILE,4.651
202605,41,JAMIE,BLANKA,4.639
202605,41,JAMIE,LILY,4.617
202605,41,JAMIE,DEE JAY,4.583
202601,42,JAMIE,CAMMY,5.371
202601,42,JAMIE,GOUKI,5.318
202601,42,JAMIE,KEN,5.192
202601,42,JAMIE,CHUN-LI,5.085
202601,42,JAMIE,RYU,5.069
202601,42,JAMIE,A.K.I.,5.023
202601,42,JAMIE,RASHID,5.013
202601,42,JAMIE,MANON,5.008
202601,42,JAMIE,JP,4.975
202601,42,JAMIE,VEGA,4.969
202601,42,JAMIE,TERRY,4.956
202601,42,JAMIE,ED,4.955
202601,42,JAMIE,JURI,4.949
202601,42,JAMIE,LILY,4.945
202601,42,JAMIE,ZANGIEF,4.931
202601,42,JAMIE,LUKE,4.921
202601,42,JAMIE,KIMBERLY,4.847
202601,42,JAMIE,E.HONDA,4.845
202601,42,JAMIE,MAI,4.832
202601,42,JAMIE,MARISA,4.807
202601,42,JAMIE,ELENA,4.779
202601,42,JAMIE,C.VIPER,4.767
202601,42,JAMIE,SAGAT,4.758
202601,42,JAMIE,DHALSIM,4.744
202601,42,JAMIE,DEE JAY,4.63
202601,42,JAMIE,BLANKA,4.588
202601,42,JAMIE,GUILE,4.539
202602,42,JAMIE,KIMBERLY,5.372
202602,42,JAMIE,RYU,5.177
202602,42,JAMIE,KEN,5.151
202602,42,JAMIE,MARISA,5.148
202602,42,JAMIE,GOUKI,5.126
202602,42,JAMIE,CAMMY,5.071
202602,42,JAMIE,LUKE,5.068
202602,42,JAMIE,ED,5.058
202602,42,JAMIE,JURI,5.044
202602,42,JAMIE,LILY,5.021
202602,42,JAMIE,VEGA,4.936
202602,42,JAMIE,A.K.I.,4.934
202602,42,JAMIE,CHUN-LI,4.933
202602,42,JAMIE,RASHID,4.929
202602,42,JAMIE,ZANGIEF,4.894
202602,42,JAMIE,JP,4.885
202602,42,JAMIE,ELENA,4.869
202602,42,JAMIE,C.VIPER,4.867
202602,42,JAMIE,TERRY,4.849
202602,42,JAMIE,MAI,4.796
202602,42,JAMIE,MANON,4.766
202602,42,JAMIE,SAGAT,4.714
202602,42,JAMIE,E.HONDA,4.608
202602,42,JAMIE,DEE JAY,4.535
202602,42,JAMIE,GUILE,4.535
202602,42,JAMIE,DHALSIM,4.451
202602,42,JAMIE,BLANKA,4.432
202603,42,JAMIE,CAMMY,5.353
202603,42,JAMIE,KEN,5.328
202603,42,JAMIE,GOUKI,5.322
202603,42,JAMIE,RASHID,5.222
202603,42,JAMIE,RYU,5.187
202603,42,JAMIE,CHUN-LI,5.181
202603,42,JAMIE,JP,5.122
202603,42,JAMIE,ED,5.038
202603,42,JAMIE,A.K.I.,5.017
202603,42,JAMIE,LILY,5.014
202603,42,JAMIE,LUKE,5.011
202603,42,JAMIE,TERRY,4.994
202603,42,JAMIE,DHALSIM,4.99
202603,42,JAMIE,MAI,4.987
202603,42,JAMIE,KIMBERLY,4.967
202603,42,JAMIE,JURI,4.923
202603,42,JAMIE,BLANKA,4.916
202603,42,JAMIE,MARISA,4.894
202603,42,JAMIE,E.HONDA,4.882
202603,42,JAMIE,MANON,4.872
202603,42,JAMIE,ALEX,4.872
202603,42,JAMIE,ELENA,4.86
202603,42,JAMIE,DEE JAY,4.85
202603,42,JAMIE,VEGA,4.833
202603,42,JAMIE,SAGAT,4.822
202603,42,JAMIE,ZANGIEF,4.761
202603,42,JAMIE,C.VIPER,4.583
202603,42,JAMIE,GUILE,4.514
202604,42,JAMIE,CAMMY,5.246
202604,42,JAMIE,GOUKI,5.199
202604,42,JAMIE,KEN,5.164
202604,42,JAMIE,RASHID,5.157
202604,42,JAMIE,CHUN-LI,5.144
202604,42,JAMIE,MANON,5.123
202604,42,JAMIE,RYU,5.108
202604,42,JAMIE,ALEX,5.096
202604,42,JAMIE,A.K.I.,5.091
202604,42,JAMIE,TERRY,5.039
202604,42,JAMIE,E.HONDA,5.03
202604,42,JAMIE,ED,5.025
202604,42,JAMIE,MAI,4.989
202604,42,JAMIE,ZANGIEF,4.979
202604,42,JAMIE,JURI,4.976
202604,42,JAMIE,JP,4.943
202604,42,JAMIE,KIMBERLY,4.94
202604,42,JAMIE,MARISA,4.903
202604,42,JAMIE,LUKE,4.89
202604,42,JAMIE,SAGAT,4.876
202604,42,JAMIE,ELENA,4.866
202604,42,JAMIE,DHALSIM,4.837
202604,42,JAMIE,C.VIPER,4.828
202604,42,JAMIE,VEGA,4.814
202604,42,JAMIE,LILY,4.801
202604,42,JAMIE,BLANKA,4.629
202604,42,JAMIE,GUILE,4.626
202604,42,JAMIE,DEE JAY,4.598
202605,42,JAMIE,CAMMY,5.249
202605,42,JAMIE,RYU,5.233
202605,42,JAMIE,ED,5.212
202605,42,JAMIE,JURI,5.197
202605,42,JAMIE,GOUKI,5.177
202605,42,JAMIE,RASHID,5.166
202605,42,JAMIE,LILY,5.142
202605,42,JAMIE,JP,5.139
202605,42,JAMIE,TERRY,5.097
202605,42,JAMIE,A.K.I.,5.066
202605,42,JAMIE,KEN,5.054
202605,42,JAMIE,INGRID,4.987
202605,42,JAMIE,MAI,4.961
202605,42,JAMIE,MANON,4.959
202605,42,JAMIE,ALEX,4.956
202605,42,JAMIE,LUKE,4.938
202605,42,JAMIE,VEGA,4.928
202605,42,JAMIE,DHALSIM,4.905
202605,42,JAMIE,KIMBERLY,4.887
202605,42,JAMIE,CHUN-LI,4.886
202605,42,JAMIE,ZANGIEF,4.854
202605,42,JAMIE,E.HONDA,4.814
202605,42,JAMIE,C.VIPER,4.808
202605,42,JAMIE,DEE JAY,4.751
202605,42,JAMIE,BLANKA,4.748
202605,42,JAMIE,ELENA,4.724
202605,42,JAMIE,MARISA,4.686
202605,42,JAMIE,SAGAT,4.667
202605,42,JAMIE,GUILE,4.471
202601,40,JP,GUILE,5.653
202601,40,JP,ZANGIEF,5.498
202601,40,JP,LILY,5.483
202601,40,JP,MARISA,5.425
202601,40,JP,TERRY,5.244
202601,40,JP,RYU,5.235
202601,40,JP,CHUN-LI,5.235
202601,40,JP,JAMIE,5.216
202601,40,JP,MANON,5.169
202601,40,JP,A.K.I.,5.167
202601,40,JP,DEE JAY,5.141
202601,40,JP,KEN,5.098
202601,40,JP,SAGAT,5.084
202601,40,JP,BLANKA,5.068
202601,40,JP,E.HONDA,5.057
202601,40,JP,MAI,5.046
202601,40,JP,C.VIPER,5.029
202601,40,JP,ELENA,4.99
202601,40,JP,RASHID,4.905
202601,40,JP,LUKE,4.902
202601,40,JP,ED,4.871
202601,40,JP,CAMMY,4.835
202601,40,JP,JURI,4.802
202601,40,JP,GOUKI,4.71
202601,40,JP,KIMBERLY,4.557
202601,40,JP,VEGA,4.505
202601,40,JP,DHALSIM,4.042
202602,40,JP,GUILE,5.71
202602,40,JP,ZANGIEF,5.665
202602,40,JP,LILY,5.613
202602,40,JP,RYU,5.321
202602,40,JP,CHUN-LI,5.304
202602,40,JP,TERRY,5.269
202602,40,JP,JAMIE,5.251
202602,40,JP,MANON,5.193
202602,40,JP,MARISA,5.184
202602,40,JP,SAGAT,5.169
202602,40,JP,A.K.I.,5.139
202602,40,JP,C.VIPER,5.096
202602,40,JP,DEE JAY,5.09
202602,40,JP,KEN,5.068
202602,40,JP,BLANKA,5.059
202602,40,JP,ELENA,5.012
202602,40,JP,MAI,5.006
202602,40,JP,ED,4.986
202602,40,JP,LUKE,4.954
202602,40,JP,RASHID,4.952
202602,40,JP,E.HONDA,4.914
202602,40,JP,CAMMY,4.847
202602,40,JP,JURI,4.768
202602,40,JP,GOUKI,4.75
202602,40,JP,KIMBERLY,4.705
202602,40,JP,VEGA,4.591
202602,40,JP,DHALSIM,4.226
202603,40,JP,ZANGIEF,5.661
202603,40,JP,GUILE,5.635
202603,40,JP,LILY,5.619
202603,40,JP,JAMIE,5.292
202603,40,JP,MARISA,5.27
202603,40,JP,RYU,5.245
202603,40,JP,MANON,5.226
202603,40,JP,CHUN-LI,5.192
202603,40,JP,TERRY,5.165
202603,40,JP,SAGAT,5.136
202603,40,JP,A.K.I.,5.103
202603,40,JP,KEN,5.099
202603,40,JP,DEE JAY,5.072
202603,40,JP,ELENA,5.024
202603,40,JP,BLANKA,5.01
202603,40,JP,C.VIPER,4.949
202603,40,JP,ED,4.945
202603,40,JP,MAI,4.942
202603,40,JP,E.HONDA,4.908
202603,40,JP,RASHID,4.857
202603,40,JP,CAMMY,4.837
202603,40,JP,LUKE,4.805
202603,40,JP,JURI,4.769
202603,40,JP,ALEX,4.719
202603,40,JP,GOUKI,4.711
202603,40,JP,VEGA,4.513
202603,40,JP,KIMBERLY,4.489
202603,40,JP,DHALSIM,4.067
202604,40,JP,GUILE,5.773
202604,40,JP,ZANGIEF,5.738
202604,40,JP,LILY,5.558
202604,40,JP,CHUN-LI,5.415
202604,40,JP,MARISA,5.339
202604,40,JP,MANON,5.333
202604,40,JP,JAMIE,5.242
202604,40,JP,RYU,5.216
202604,40,JP,TERRY,5.165
202604,40,JP,A.K.I.,5.104
202604,40,JP,BLANKA,5.099
202604,40,JP,KEN,5.084
202604,40,JP,ED,5.081
202604,40,JP,DEE JAY,5.077
202604,40,JP,C.VIPER,5.069
202604,40,JP,SAGAT,5.058
202604,40,JP,MAI,5.006
202604,40,JP,ALEX,4.943
202604,40,JP,ELENA,4.928
202604,40,JP,LUKE,4.906
202604,40,JP,E.HONDA,4.884
202604,40,JP,JURI,4.853
202604,40,JP,RASHID,4.814
202604,40,JP,CAMMY,4.754
202604,40,JP,GOUKI,4.754
202604,40,JP,VEGA,4.57
202604,40,JP,KIMBERLY,4.462
202604,40,JP,DHALSIM,3.962
202605,40,JP,GUILE,5.747
202605,40,JP,ZANGIEF,5.718
202605,40,JP,LILY,5.529
202605,40,JP,CHUN-LI,5.361
202605,40,JP,MARISA,5.33
202605,40,JP,RYU,5.295
202605,40,JP,TERRY,5.21
202605,40,JP,SAGAT,5.206
202605,40,JP,DEE JAY,5.205
202605,40,JP,KEN,5.173
202605,40,JP,MANON,5.168
202605,40,JP,A.K.I.,5.162
202605,40,JP,JAMIE,5.14
202605,40,JP,C.VIPER,5.126
202605,40,JP,BLANKA,5.115
202605,40,JP,ALEX,5.11
202605,40,JP,MAI,5.034
202605,40,JP,ELENA,5.001
202605,40,JP,ED,4.919
202605,40,JP,RASHID,4.891
202605,40,JP,JURI,4.87
202605,40,JP,LUKE,4.829
202605,40,JP,CAMMY,4.825
202605,40,JP,E.HONDA,4.782
202605,40,JP,GOUKI,4.727
202605,40,JP,KIMBERLY,4.695
202605,40,JP,VEGA,4.624
202605,40,JP,INGRID,4.081
202605,40,JP,DHALSIM,3.905
202601,41,JP,GUILE,5.649
202601,41,JP,ZANGIEF,5.542
202601,41,JP,LILY,5.332
202601,41,JP,MARISA,5.287
202601,41,JP,CHUN-LI,5.252
202601,41,JP,A.K.I.,5.228
202601,41,JP,JAMIE,5.196
202601,41,JP,RYU,5.169
202601,41,JP,C.VIPER,5.159
202601,41,JP,MANON,5.126
202601,41,JP,SAGAT,5.122
202601,41,JP,KEN,5.094
202601,41,JP,TERRY,5.089
202601,41,JP,BLANKA,5.034
202601,41,JP,RASHID,5.029
202601,41,JP,DEE JAY,5.025
202601,41,JP,ED,5.004
202601,41,JP,ELENA,5.0
202601,41,JP,E.HONDA,4.963
202601,41,JP,LUKE,4.95
202601,41,JP,JURI,4.941
202601,41,JP,MAI,4.917
202601,41,JP,CAMMY,4.868
202601,41,JP,GOUKI,4.669
202601,41,JP,VEGA,4.53
202601,41,JP,KIMBERLY,4.477
202601,41,JP,DHALSIM,4.126
202602,41,JP,GUILE,5.639
202602,41,JP,ZANGIEF,5.556
202602,41,JP,LILY,5.511
202602,41,JP,SAGAT,5.341
202602,41,JP,CHUN-LI,5.338
202602,41,JP,A.K.I.,5.269
202602,41,JP,C.VIPER,5.264
202602,41,JP,BLANKA,5.241
202602,41,JP,TERRY,5.211
202602,41,JP,RYU,5.199
202602,41,JP,MARISA,5.172
202602,41,JP,MANON,5.055
202602,41,JP,CAMMY,5.05
202602,41,JP,MAI,5.018
202602,41,JP,DEE JAY,4.994
202602,41,JP,KEN,4.99
202602,41,JP,E.HONDA,4.953
202602,41,JP,JAMIE,4.945
202602,41,JP,ELENA,4.893
202602,41,JP,LUKE,4.872
202602,41,JP,ED,4.826
202602,41,JP,RASHID,4.813
202602,41,JP,VEGA,4.765
202602,41,JP,JURI,4.76
202602,41,JP,GOUKI,4.579
202602,41,JP,KIMBERLY,4.566
202602,41,JP,DHALSIM,4.188
202603,41,JP,LILY,5.673
202603,41,JP,ZANGIEF,5.607
202603,41,JP,GUILE,5.583
202603,41,JP,CHUN-LI,5.271
202603,41,JP,MARISA,5.198
202603,41,JP,C.VIPER,5.193
202603,41,JP,A.K.I.,5.18
202603,41,JP,TERRY,5.151
202603,41,JP,KEN,5.135
202603,41,JP,MANON,5.133
202603,41,JP,RYU,5.113
202603,41,JP,DEE JAY,5.107
202603,41,JP,ELENA,5.091
202603,41,JP,SAGAT,5.087
202603,41,JP,BLANKA,5.084
202603,41,JP,E.HONDA,5.083
202603,41,JP,JAMIE,5.08
202603,41,JP,MAI,4.9
202603,41,JP,ED,4.868
202603,41,JP,CAMMY,4.838
202603,41,JP,LUKE,4.826
202603,41,JP,ALEX,4.819
202603,41,JP,JURI,4.749
202603,41,JP,RASHID,4.733
202603,41,JP,KIMBERLY,4.726
202603,41,JP,GOUKI,4.677
202603,41,JP,VEGA,4.675
202603,41,JP,DHALSIM,4.23
202604,41,JP,GUILE,5.805
202604,41,JP,ZANGIEF,5.803
202604,41,JP,LILY,5.526
202604,41,JP,RYU,5.289
202604,41,JP,CHUN-LI,5.268
202604,41,JP,MANON,5.223
202604,41,JP,MARISA,5.203
202604,41,JP,BLANKA,5.16
202604,41,JP,A.K.I.,5.16
202604,41,JP,TERRY,5.154
202604,41,JP,C.VIPER,5.094
202604,41,JP,SAGAT,5.09
202604,41,JP,ED,5.047
202604,41,JP,JAMIE,5.046
202604,41,JP,ELENA,5.033
202604,41,JP,E.HONDA,5.011
202604,41,JP,RASHID,4.984
202604,41,JP,MAI,4.962
202604,41,JP,KEN,4.937
202604,41,JP,DEE JAY,4.918
202604,41,JP,LUKE,4.905
202604,41,JP,ALEX,4.846
202604,41,JP,CAMMY,4.803
202604,41,JP,JURI,4.747
202604,41,JP,GOUKI,4.65
202604,41,JP,KIMBERLY,4.579
202604,41,JP,VEGA,4.497
202604,41,JP,DHALSIM,3.741
202605,41,JP,ZANGIEF,5.697
202605,41,JP,GUILE,5.582
202605,41,JP,RYU,5.333
202605,41,JP,MARISA,5.295
202605,41,JP,LILY,5.288
202605,41,JP,A.K.I.,5.273
202605,41,JP,CHUN-LI,5.256
202605,41,JP,ALEX,5.134
202605,41,JP,C.VIPER,5.129
202605,41,JP,SAGAT,5.116
202605,41,JP,TERRY,5.072
202605,41,JP,DEE JAY,5.064
202605,41,JP,JAMIE,5.057
202605,41,JP,BLANKA,5.05
202605,41,JP,MANON,5.035
202605,41,JP,KEN,4.996
202605,41,JP,E.HONDA,4.93
202605,41,JP,ELENA,4.891
202605,41,JP,MAI,4.88
202605,41,JP,JURI,4.856
202605,41,JP,LUKE,4.77
202605,41,JP,ED,4.749
202605,41,JP,CAMMY,4.748
202605,41,JP,RASHID,4.73
202605,41,JP,VEGA,4.703
202605,41,JP,KIMBERLY,4.641
202605,41,JP,GOUKI,4.53
202605,41,JP,DHALSIM,4.501
202605,41,JP,INGRID,4.366
202601,42,JP,LILY,5.74
202601,42,JP,ZANGIEF,5.43
202601,42,JP,A.K.I.,5.353
202601,42,JP,MARISA,5.345
202601,42,JP,RYU,5.328
202601,42,JP,GUILE,5.319
202601,42,JP,CHUN-LI,5.276
202601,42,JP,BLANKA,5.2
202601,42,JP,E.HONDA,5.199
202601,42,JP,SAGAT,5.183
202601,42,JP,KEN,5.175
202601,42,JP,C.VIPER,5.144
202601,42,JP,ELENA,5.104
202601,42,JP,TERRY,5.066
202601,42,JP,DEE JAY,5.057
202601,42,JP,MANON,5.02
202601,42,JP,JAMIE,4.987
202601,42,JP,LUKE,4.977
202601,42,JP,RASHID,4.921
202601,42,JP,CAMMY,4.92
202601,42,JP,JURI,4.911
202601,42,JP,MAI,4.86
202601,42,JP,KIMBERLY,4.804
202601,42,JP,ED,4.769
202601,42,JP,VEGA,4.653
202601,42,JP,GOUKI,4.601
202601,42,JP,DHALSIM,4.367
202602,42,JP,LILY,5.49
202602,42,JP,GUILE,5.375
202602,42,JP,RYU,5.339
202602,42,JP,MARISA,5.315
202602,42,JP,BLANKA,5.28
202602,42,JP,SAGAT,5.269
202602,42,JP,CHUN-LI,5.253
202602,42,JP,A.K.I.,5.236
202602,42,JP,C.VIPER,5.177
202602,42,JP,JAMIE,5.143
202602,42,JP,TERRY,5.112
202602,42,JP,E.HONDA,5.084
202602,42,JP,DEE JAY,5.053
202602,42,JP,MANON,5.046
202602,42,JP,ZANGIEF,5.023
202602,42,JP,KEN,4.976
202602,42,JP,ELENA,4.941
202602,42,JP,CAMMY,4.912
202602,42,JP,VEGA,4.903
202602,42,JP,RASHID,4.889
202602,42,JP,KIMBERLY,4.75
202602,42,JP,JURI,4.732
202602,42,JP,ED,4.723
202602,42,JP,MAI,4.72
202602,42,JP,LUKE,4.693
202602,42,JP,GOUKI,4.66
202602,42,JP,DHALSIM,4.501
202603,42,JP,GUILE,5.469
202603,42,JP,ZANGIEF,5.441
202603,42,JP,A.K.I.,5.357
202603,42,JP,MARISA,5.274
202603,42,JP,RYU,5.248
202603,42,JP,LILY,5.224
202603,42,JP,CHUN-LI,5.209
202603,42,JP,MANON,5.201
202603,42,JP,TERRY,5.151
202603,42,JP,SAGAT,5.151
202603,42,JP,E.HONDA,5.127
202603,42,JP,BLANKA,5.108
202603,42,JP,C.VIPER,5.057
202603,42,JP,KEN,4.988
202603,42,JP,DEE JAY,4.952
202603,42,JP,ED,4.952
202603,42,JP,LUKE,4.95
202603,42,JP,ELENA,4.945
202603,42,JP,JAMIE,4.884
202603,42,JP,CAMMY,4.862
202603,42,JP,MAI,4.847
202603,42,JP,ALEX,4.84
202603,42,JP,VEGA,4.743
202603,42,JP,RASHID,4.71
202603,42,JP,KIMBERLY,4.705
202603,42,JP,GOUKI,4.704
202603,42,JP,JURI,4.691
202603,42,JP,DHALSIM,4.5
202604,42,JP,ZANGIEF,5.584
202604,42,JP,LILY,5.525
202604,42,JP,GUILE,5.454
202604,42,JP,CHUN-LI,5.34
202604,42,JP,RYU,5.257
202604,42,JP,C.VIPER,5.204
202604,42,JP,MARISA,5.189
202604,42,JP,A.K.I.,5.163
202604,42,JP,MANON,5.121
202604,42,JP,E.HONDA,5.091
202604,42,JP,SAGAT,5.089
202604,42,JP,ALEX,5.053
202604,42,JP,JAMIE,5.047
202604,42,JP,KEN,5.034
202604,42,JP,TERRY,5.016
202604,42,JP,BLANKA,5.015
202604,42,JP,ELENA,4.998
202604,42,JP,LUKE,4.994
202604,42,JP,DEE JAY,4.942
202604,42,JP,RASHID,4.848
202604,42,JP,CAMMY,4.837
202604,42,JP,ED,4.832
202604,42,JP,JURI,4.81
202604,42,JP,MAI,4.773
202604,42,JP,VEGA,4.747
202604,42,JP,KIMBERLY,4.733
202604,42,JP,GOUKI,4.693
202604,42,JP,DHALSIM,4.362
202605,42,JP,MARISA,5.518
202605,42,JP,GUILE,5.493
202605,42,JP,C.VIPER,5.396
202605,42,JP,RYU,5.333
202605,42,JP,ZANGIEF,5.297
202605,42,JP,BLANKA,5.281
202605,42,JP,SAGAT,5.245
202605,42,JP,A.K.I.,5.202
202605,42,JP,E.HONDA,5.196
202605,42,JP,CHUN-LI,5.184
202605,42,JP,KEN,5.135
202605,42,JP,LILY,5.114
202605,42,JP,TERRY,5.061
202605,42,JP,MANON,5.045
202605,42,JP,ELENA,5.039
202605,42,JP,MAI,5.036
202605,42,JP,LUKE,5.033
202605,42,JP,ALEX,5.033
202605,42,JP,CAMMY,5.007
202605,42,JP,DEE JAY,4.997
202605,42,JP,RASHID,4.997
202605,42,JP,JURI,4.991
202605,42,JP,JAMIE,4.88
202605,42,JP,ED,4.823
202605,42,JP,KIMBERLY,4.757
202605,42,JP,VEGA,4.746
202605,42,JP,GOUKI,4.599
202605,42,JP,DHALSIM,4.519
202605,42,JP,INGRID,4.27
202601,40,JURI,JP,5.162
202601,40,JURI,GOUKI,5.146
202601,40,JURI,MARISA,5.138
202601,40,JURI,DHALSIM,5.126
202601,40,JURI,CAMMY,5.108
202601,40,JURI,JAMIE,5.062
202601,40,JURI,MANON,5.062
202601,40,JURI,A.K.I.,5.061
202601,40,JURI,ELENA,5.048
202601,40,JURI,DEE JAY,5.036
202601,40,JURI,C.VIPER,5.017
202601,40,JURI,TERRY,5.009
202601,40,JURI,BLANKA,5.005
202601,40,JURI,KIMBERLY,4.997
202601,40,JURI,ZANGIEF,4.966
202601,40,JURI,RYU,4.954
202601,40,JURI,SAGAT,4.947
202601,40,JURI,ED,4.905
202601,40,JURI,VEGA,4.9
202601,40,JURI,GUILE,4.891
202601,40,JURI,E.HONDA,4.879
202601,40,JURI,CHUN-LI,4.859
202601,40,JURI,MAI,4.852
202601,40,JURI,KEN,4.847
202601,40,JURI,LUKE,4.825
202601,40,JURI,LILY,4.818
202601,40,JURI,RASHID,4.739
202602,40,JURI,JP,5.265
202602,40,JURI,MARISA,5.131
202602,40,JURI,GOUKI,5.098
202602,40,JURI,CAMMY,5.092
202602,40,JURI,DHALSIM,5.084
202602,40,JURI,DEE JAY,5.052
202602,40,JURI,JAMIE,5.023
202602,40,JURI,A.K.I.,5.008
202602,40,JURI,ZANGIEF,5.0
202602,40,JURI,SAGAT,4.96
202602,40,JURI,KIMBERLY,4.959
202602,40,JURI,VEGA,4.956
202602,40,JURI,TERRY,4.948
202602,40,JURI,MANON,4.927
202602,40,JURI,CHUN-LI,4.926
202602,40,JURI,C.VIPER,4.926
202602,40,JURI,MAI,4.908
202602,40,JURI,RYU,4.905
202602,40,JURI,ED,4.88
202602,40,JURI,BLANKA,4.868
202602,40,JURI,KEN,4.856
202602,40,JURI,LUKE,4.854
202602,40,JURI,RASHID,4.829
202602,40,JURI,ELENA,4.818
202602,40,JURI,GUILE,4.81
202602,40,JURI,E.HONDA,4.765
202602,40,JURI,LILY,4.763
202603,40,JURI,JP,5.239
202603,40,JURI,MARISA,5.211
202603,40,JURI,GOUKI,5.124
202603,40,JURI,ALEX,5.1
202603,40,JURI,JAMIE,5.055
202603,40,JURI,CAMMY,5.043
202603,40,JURI,TERRY,5.035
202603,40,JURI,KIMBERLY,5.027
202603,40,JURI,ZANGIEF,5.023
202603,40,JURI,RYU,5.022
202603,40,JURI,DEE JAY,5.009
202603,40,JURI,A.K.I.,5.005
202603,40,JURI,VEGA,5.003
202603,40,JURI,BLANKA,4.975
202603,40,JURI,ELENA,4.949
202603,40,JURI,C.VIPER,4.944
202603,40,JURI,SAGAT,4.925
202603,40,JURI,MANON,4.916
202603,40,JURI,MAI,4.892
202603,40,JURI,ED,4.891
202603,40,JURI,CHUN-LI,4.89
202603,40,JURI,DHALSIM,4.871
202603,40,JURI,LILY,4.868
202603,40,JURI,E.HONDA,4.829
202603,40,JURI,KEN,4.828
202603,40,JURI,RASHID,4.812
202603,40,JURI,GUILE,4.795
202603,40,JURI,LUKE,4.77
202604,40,JURI,ALEX,5.248
202604,40,JURI,MARISA,5.191
202604,40,JURI,JP,5.143
202604,40,JURI,KIMBERLY,5.113
202604,40,JURI,DEE JAY,5.079
202604,40,JURI,JAMIE,5.07
202604,40,JURI,ELENA,5.062
202604,40,JURI,CAMMY,5.05
202604,40,JURI,BLANKA,5.042
202604,40,JURI,GOUKI,5.01
202604,40,JURI,ED,5.003
202604,40,JURI,A.K.I.,4.998
202604,40,JURI,ZANGIEF,4.996
202604,40,JURI,C.VIPER,4.993
202604,40,JURI,TERRY,4.988
202604,40,JURI,DHALSIM,4.987
202604,40,JURI,SAGAT,4.971
202604,40,JURI,RYU,4.96
202604,40,JURI,MAI,4.957
202604,40,JURI,MANON,4.95
202604,40,JURI,VEGA,4.905
202604,40,JURI,GUILE,4.883
202604,40,JURI,LUKE,4.878
202604,40,JURI,KEN,4.793
202604,40,JURI,CHUN-LI,4.788
202604,40,JURI,RASHID,4.779
202604,40,JURI,LILY,4.688
202604,40,JURI,E.HONDA,4.667
202605,40,JURI,ALEX,5.175
202605,40,JURI,JP,5.132
202605,40,JURI,MARISA,5.118
202605,40,JURI,ZANGIEF,5.064
202605,40,JURI,DEE JAY,5.062
202605,40,JURI,JAMIE,5.06
202605,40,JURI,GOUKI,5.022
202605,40,JURI,CAMMY,5.001
202605,40,JURI,GUILE,4.982
202605,40,JURI,KIMBERLY,4.975
202605,40,JURI,ELENA,4.97
202605,40,JURI,VEGA,4.967
202605,40,JURI,A.K.I.,4.96
202605,40,JURI,TERRY,4.96
202605,40,JURI,C.VIPER,4.953
202605,40,JURI,DHALSIM,4.947
202605,40,JURI,SAGAT,4.927
202605,40,JURI,MANON,4.914
202605,40,JURI,RYU,4.91
202605,40,JURI,KEN,4.897
202605,40,JURI,RASHID,4.862
202605,40,JURI,MAI,4.861
202605,40,JURI,ED,4.802
202605,40,JURI,BLANKA,4.792
202605,40,JURI,LUKE,4.789
202605,40,JURI,CHUN-LI,4.785
202605,40,JURI,LILY,4.727
202605,40,JURI,E.HONDA,4.688
202605,40,JURI,INGRID,4.39
202601,41,JURI,MARISA,5.227
202601,41,JURI,KIMBERLY,5.185
202601,41,JURI,GOUKI,5.177
202601,41,JURI,DHALSIM,5.15
202601,41,JURI,GUILE,5.13
202601,41,JURI,DEE JAY,5.104
202601,41,JURI,TERRY,5.083
202601,41,JURI,ELENA,5.082
202601,41,JURI,ZANGIEF,5.053
202601,41,JURI,JP,5.046
202601,41,JURI,C.VIPER,5.037
202601,41,JURI,CAMMY,5.028
202601,41,JURI,VEGA,5.021
202601,41,JURI,JAMIE,5.008
202601,41,JURI,A.K.I.,4.998
202601,41,JURI,E.HONDA,4.98
202601,41,JURI,ED,4.929
202601,41,JURI,CHUN-LI,4.891
202601,41,JURI,SAGAT,4.885
202601,41,JURI,RYU,4.86
202601,41,JURI,MANON,4.834
202601,41,JURI,BLANKA,4.821
202601,41,JURI,LUKE,4.806
202601,41,JURI,KEN,4.797
202601,41,JURI,RASHID,4.731
202601,41,JURI,MAI,4.698
202601,41,JURI,LILY,4.6
202602,41,JURI,JP,5.248
202602,41,JURI,DEE JAY,5.131
202602,41,JURI,TERRY,5.108
202602,41,JURI,MARISA,5.107
202602,41,JURI,ZANGIEF,5.106
202602,41,JURI,JAMIE,5.104
202602,41,JURI,DHALSIM,5.086
202602,41,JURI,GOUKI,5.077
202602,41,JURI,KIMBERLY,5.029
202602,41,JURI,CAMMY,5.01
202602,41,JURI,A.K.I.,4.996
202602,41,JURI,RYU,4.991
202602,41,JURI,RASHID,4.953
202602,41,JURI,VEGA,4.943
202602,41,JURI,MANON,4.94
202602,41,JURI,BLANKA,4.882
202602,41,JURI,ED,4.853
202602,41,JURI,SAGAT,4.848
202602,41,JURI,MAI,4.845
202602,41,JURI,C.VIPER,4.822
202602,41,JURI,KEN,4.805
202602,41,JURI,E.HONDA,4.794
202602,41,JURI,CHUN-LI,4.764
202602,41,JURI,LUKE,4.717
202602,41,JURI,ELENA,4.705
202602,41,JURI,LILY,4.704
202602,41,JURI,GUILE,4.67
202603,41,JURI,JP,5.25
202603,41,JURI,MARISA,5.208
202603,41,JURI,DEE JAY,5.204
202603,41,JURI,KIMBERLY,5.152
202603,41,JURI,CAMMY,5.129
202603,41,JURI,GOUKI,5.122
202603,41,JURI,DHALSIM,5.108
202603,41,JURI,ALEX,5.069
202603,41,JURI,SAGAT,5.021
202603,41,JURI,ZANGIEF,5.003
202603,41,JURI,RYU,4.978
202603,41,JURI,VEGA,4.976
202603,41,JURI,ELENA,4.96
202603,41,JURI,JAMIE,4.953
202603,41,JURI,BLANKA,4.929
202603,41,JURI,A.K.I.,4.923
202603,41,JURI,MANON,4.921
202603,41,JURI,KEN,4.908
202603,41,JURI,CHUN-LI,4.898
202603,41,JURI,TERRY,4.889
202603,41,JURI,ED,4.879
202603,41,JURI,GUILE,4.851
202603,41,JURI,E.HONDA,4.85
202603,41,JURI,RASHID,4.832
202603,41,JURI,LUKE,4.792
202603,41,JURI,C.VIPER,4.774
202603,41,JURI,MAI,4.754
202603,41,JURI,LILY,4.691
202604,41,JURI,DHALSIM,5.518
202604,41,JURI,JP,5.276
202604,41,JURI,MARISA,5.177
202604,41,JURI,KIMBERLY,5.101
202604,41,JURI,JAMIE,5.096
202604,41,JURI,ALEX,5.077
202604,41,JURI,ELENA,5.023
202604,41,JURI,DEE JAY,5.007
202604,41,JURI,CAMMY,4.995
202604,41,JURI,TERRY,4.965
202604,41,JURI,MANON,4.952
202604,41,JURI,GOUKI,4.942
202604,41,JURI,SAGAT,4.93
202604,41,JURI,A.K.I.,4.92
202604,41,JURI,RYU,4.875
202604,41,JURI,C.VIPER,4.863
202604,41,JURI,GUILE,4.856
202604,41,JURI,ZANGIEF,4.835
202604,41,JURI,VEGA,4.826
202604,41,JURI,KEN,4.825
202604,41,JURI,LUKE,4.796
202604,41,JURI,MAI,4.791
202604,41,JURI,RASHID,4.738
202604,41,JURI,CHUN-LI,4.726
202604,41,JURI,ED,4.725
202604,41,JURI,BLANKA,4.683
202604,41,JURI,E.HONDA,4.635
202604,41,JURI,LILY,4.539
202605,41,JURI,MARISA,5.29
202605,41,JURI,DEE JAY,5.279
202605,41,JURI,KIMBERLY,5.225
202605,41,JURI,DHALSIM,5.225
202605,41,JURI,ZANGIEF,5.135
202605,41,JURI,JP,5.114
202605,41,JURI,ALEX,5.107
202605,41,JURI,GUILE,5.062
202605,41,JURI,CAMMY,5.022
202605,41,JURI,VEGA,5.021
202605,41,JURI,TERRY,4.997
202605,41,JURI,ELENA,4.993
202605,41,JURI,GOUKI,4.96
202605,41,JURI,RASHID,4.929
202605,41,JURI,KEN,4.922
202605,41,JURI,SAGAT,4.899
202605,41,JURI,RYU,4.893
202605,41,JURI,JAMIE,4.887
202605,41,JURI,MANON,4.876
202605,41,JURI,E.HONDA,4.875
202605,41,JURI,A.K.I.,4.871
202605,41,JURI,MAI,4.81
202605,41,JURI,C.VIPER,4.779
202605,41,JURI,LUKE,4.769
202605,41,JURI,ED,4.739
202605,41,JURI,BLANKA,4.709
202605,41,JURI,CHUN-LI,4.683
202605,41,JURI,LILY,4.469
202605,41,JURI,INGRID,4.318
202601,42,JURI,MARISA,5.268
202601,42,JURI,KIMBERLY,5.203
202601,42,JURI,E.HONDA,5.152
202601,42,JURI,ZANGIEF,5.146
202601,42,JURI,JP,5.127
202601,42,JURI,DHALSIM,5.105
202601,42,JURI,GUILE,5.064
202601,42,JURI,BLANKA,5.051
202601,42,JURI,C.VIPER,5.038
202601,42,JURI,DEE JAY,5.027
202601,42,JURI,JAMIE,5.022
202601,42,JURI,VEGA,5.019
202601,42,JURI,TERRY,5.004
202601,42,JURI,A.K.I.,4.99
202601,42,JURI,CAMMY,4.953
202601,42,JURI,KEN,4.938
202601,42,JURI,ELENA,4.927
202601,42,JURI,RYU,4.893
202601,42,JURI,CHUN-LI,4.873
202601,42,JURI,RASHID,4.871
202601,42,JURI,GOUKI,4.868
202601,42,JURI,MANON,4.847
202601,42,JURI,ED,4.806
202601,42,JURI,SAGAT,4.781
202601,42,JURI,LUKE,4.777
202601,42,JURI,MAI,4.66
202601,42,JURI,LILY,4.613
202602,42,JURI,MARISA,5.468
202602,42,JURI,DHALSIM,5.365
202602,42,JURI,JP,5.251
202602,42,JURI,VEGA,5.247
202602,42,JURI,DEE JAY,5.155
202602,42,JURI,RASHID,5.128
202602,42,JURI,ELENA,5.086
202602,42,JURI,SAGAT,5.085
202602,42,JURI,ZANGIEF,5.024
202602,42,JURI,KIMBERLY,4.98
202602,42,JURI,ED,4.928
202602,42,JURI,GOUKI,4.926
202602,42,JURI,CHUN-LI,4.925
202602,42,JURI,MANON,4.92
202602,42,JURI,LILY,4.92
202602,42,JURI,CAMMY,4.902
202602,42,JURI,JAMIE,4.897
202602,42,JURI,C.VIPER,4.888
202602,42,JURI,BLANKA,4.883
202602,42,JURI,TERRY,4.859
202602,42,JURI,MAI,4.859
202602,42,JURI,LUKE,4.798
202602,42,JURI,E.HONDA,4.786
202602,42,JURI,GUILE,4.78
202602,42,JURI,A.K.I.,4.732
202602,42,JURI,KEN,4.717
202602,42,JURI,RYU,4.647
202603,42,JURI,JP,5.292
202603,42,JURI,MARISA,5.29
202603,42,JURI,DHALSIM,5.219
202603,42,JURI,DEE JAY,5.134
202603,42,JURI,BLANKA,5.121
202603,42,JURI,JAMIE,5.097
202603,42,JURI,VEGA,5.039
202603,42,JURI,MANON,5.028
202603,42,JURI,ALEX,4.982
202603,42,JURI,RASHID,4.971
202603,42,JURI,GOUKI,4.958
202603,42,JURI,KIMBERLY,4.951
202603,42,JURI,ZANGIEF,4.951
202603,42,JURI,ELENA,4.942
202603,42,JURI,A.K.I.,4.939
202603,42,JURI,CAMMY,4.914
202603,42,JURI,SAGAT,4.891
202603,42,JURI,LUKE,4.883
202603,42,JURI,TERRY,4.876
202603,42,JURI,RYU,4.839
202603,42,JURI,LILY,4.786
202603,42,JURI,C.VIPER,4.777
202603,42,JURI,KEN,4.773
202603,42,JURI,CHUN-LI,4.767
202603,42,JURI,E.HONDA,4.725
202603,42,JURI,GUILE,4.707
202603,42,JURI,ED,4.658
202603,42,JURI,MAI,4.651
202604,42,JURI,MARISA,5.437
202604,42,JURI,ZANGIEF,5.188
202604,42,JURI,JP,5.181
202604,42,JURI,DHALSIM,5.104
202604,42,JURI,ALEX,5.085
202604,42,JURI,DEE JAY,5.069
202604,42,JURI,KIMBERLY,5.059
202604,42,JURI,BLANKA,5.049
202604,42,JURI,E.HONDA,5.006
202604,42,JURI,JAMIE,5.004
202604,42,JURI,MANON,4.99
202604,42,JURI,CAMMY,4.953
202604,42,JURI,TERRY,4.942
202604,42,JURI,GOUKI,4.938
202604,42,JURI,ELENA,4.917
202604,42,JURI,VEGA,4.914
202604,42,JURI,RASHID,4.899
202604,42,JURI,C.VIPER,4.882
202604,42,JURI,A.K.I.,4.863
202604,42,JURI,SAGAT,4.859
202604,42,JURI,RYU,4.815
202604,42,JURI,LILY,4.788
202604,42,JURI,KEN,4.784
202604,42,JURI,LUKE,4.765
202604,42,JURI,GUILE,4.73
202604,42,JURI,MAI,4.715
202604,42,JURI,ED,4.699
202604,42,JURI,CHUN-LI,4.67
202605,42,JURI,A.K.I.,5.341
202605,42,JURI,MARISA,5.245
202605,42,JURI,BLANKA,5.241
202605,42,JURI,DHALSIM,5.222
202605,42,JURI,CHUN-LI,5.196
202605,42,JURI,ZANGIEF,5.124
202605,42,JURI,C.VIPER,5.098
202605,42,JURI,JP,5.066
202605,42,JURI,DEE JAY,5.012
202605,42,JURI,VEGA,5.01
202605,42,JURI,KIMBERLY,5.003
202605,42,JURI,ALEX,4.981
202605,42,JURI,CAMMY,4.967
202605,42,JURI,MANON,4.955
202605,42,JURI,GOUKI,4.917
202605,42,JURI,E.HONDA,4.882
202605,42,JURI,JAMIE,4.848
202605,42,JURI,RASHID,4.817
202605,42,JURI,SAGAT,4.815
202605,42,JURI,ELENA,4.814
202605,42,JURI,GUILE,4.788
202605,42,JURI,LILY,4.747
202605,42,JURI,RYU,4.746
202605,42,JURI,LUKE,4.737
202605,42,JURI,KEN,4.646
202605,42,JURI,TERRY,4.645
202605,42,JURI,MAI,4.598
202605,42,JURI,ED,4.573
202605,42,JURI,INGRID,4.525
202601,40,KEN,E.HONDA,5.35
202601,40,KEN,KIMBERLY,5.236
202601,40,KEN,VEGA,5.202
202601,40,KEN,RASHID,5.173
202601,40,KEN,DHALSIM,5.17
202601,40,KEN,JURI,5.164
202601,40,KEN,MARISA,5.151
202601,40,KEN,BLANKA,5.138
202601,40,KEN,LUKE,5.068
202601,40,KEN,MANON,5.061
202601,40,KEN,A.K.I.,5.024
202601,40,KEN,C.VIPER,5.023
202601,40,KEN,RYU,4.993
202601,40,KEN,TERRY,4.991
202601,40,KEN,LILY,4.968
202601,40,KEN,ELENA,4.968
202601,40,KEN,SAGAT,4.96
202601,40,KEN,CAMMY,4.956
202601,40,KEN,MAI,4.956
202601,40,KEN,ED,4.909
202601,40,KEN,JP,4.901
202601,40,KEN,DEE JAY,4.899
202601,40,KEN,ZANGIEF,4.888
202601,40,KEN,CHUN-LI,4.886
202601,40,KEN,GOUKI,4.852
202601,40,KEN,JAMIE,4.846
202601,40,KEN,GUILE,4.686
202602,40,KEN,JURI,5.166
202602,40,KEN,KIMBERLY,5.159
202602,40,KEN,DHALSIM,5.138
202602,40,KEN,BLANKA,5.134
202602,40,KEN,RASHID,5.114
202602,40,KEN,MANON,5.092
202602,40,KEN,VEGA,5.088
202602,40,KEN,E.HONDA,5.076
202602,40,KEN,TERRY,5.062
202602,40,KEN,LUKE,5.038
202602,40,KEN,MARISA,5.037
202602,40,KEN,GOUKI,5.018
202602,40,KEN,SAGAT,4.987
202602,40,KEN,A.K.I.,4.978
202602,40,KEN,CAMMY,4.935
202602,40,KEN,RYU,4.926
202602,40,KEN,CHUN-LI,4.923
202602,40,KEN,JP,4.921
202602,40,KEN,MAI,4.878
202602,40,KEN,JAMIE,4.86
202602,40,KEN,DEE JAY,4.858
202602,40,KEN,C.VIPER,4.855
202602,40,KEN,ELENA,4.854
202602,40,KEN,ZANGIEF,4.841
202602,40,KEN,LILY,4.819
202602,40,KEN,GUILE,4.798
202602,40,KEN,ED,4.792
202603,40,KEN,E.HONDA,5.347
202603,40,KEN,KIMBERLY,5.287
202603,40,KEN,JURI,5.177
202603,40,KEN,DHALSIM,5.148
202603,40,KEN,BLANKA,5.128
202603,40,KEN,VEGA,5.103
202603,40,KEN,MANON,5.102
202603,40,KEN,C.VIPER,5.064
202603,40,KEN,MARISA,5.042
202603,40,KEN,MAI,5.034
202603,40,KEN,RYU,5.012
202603,40,KEN,CHUN-LI,5.005
202603,40,KEN,RASHID,5.001
202603,40,KEN,GOUKI,5.0
202603,40,KEN,SAGAT,4.995
202603,40,KEN,LUKE,4.991
202603,40,KEN,A.K.I.,4.946
202603,40,KEN,DEE JAY,4.943
202603,40,KEN,CAMMY,4.925
202603,40,KEN,TERRY,4.919
202603,40,KEN,ELENA,4.91
202603,40,KEN,JAMIE,4.906
202603,40,KEN,JP,4.906
202603,40,KEN,ED,4.882
202603,40,KEN,LILY,4.88
202603,40,KEN,ZANGIEF,4.868
202603,40,KEN,ALEX,4.846
202603,40,KEN,GUILE,4.741
202604,40,KEN,E.HONDA,5.37
202604,40,KEN,KIMBERLY,5.226
202604,40,KEN,RASHID,5.221
202604,40,KEN,JURI,5.196
202604,40,KEN,MARISA,5.162
202604,40,KEN,VEGA,5.151
202604,40,KEN,BLANKA,5.114
202604,40,KEN,RYU,5.025
202604,40,KEN,DHALSIM,5.022
202604,40,KEN,JAMIE,5.017
202604,40,KEN,MANON,5.016
202604,40,KEN,ALEX,4.991
202604,40,KEN,LILY,4.99
202604,40,KEN,C.VIPER,4.983
202604,40,KEN,LUKE,4.979
202604,40,KEN,GOUKI,4.979
202604,40,KEN,A.K.I.,4.95
202604,40,KEN,TERRY,4.94
202604,40,KEN,DEE JAY,4.937
202604,40,KEN,CAMMY,4.936
202604,40,KEN,ED,4.934
202604,40,KEN,ELENA,4.932
202604,40,KEN,SAGAT,4.912
202604,40,KEN,JP,4.903
202604,40,KEN,MAI,4.895
202604,40,KEN,CHUN-LI,4.887
202604,40,KEN,ZANGIEF,4.841
202604,40,KEN,GUILE,4.638
202605,40,KEN,E.HONDA,5.239
202605,40,KEN,DHALSIM,5.198
202605,40,KEN,KIMBERLY,5.196
202605,40,KEN,JURI,5.149
202605,40,KEN,BLANKA,5.142
202605,40,KEN,VEGA,5.141
202605,40,KEN,MANON,5.099
202605,40,KEN,MARISA,5.075
202605,40,KEN,RASHID,5.052
202605,40,KEN,RYU,5.015
202605,40,KEN,MAI,5.003
202605,40,KEN,CAMMY,4.998
202605,40,KEN,TERRY,4.988
202605,40,KEN,ALEX,4.975
202605,40,KEN,GOUKI,4.969
202605,40,KEN,C.VIPER,4.96
202605,40,KEN,LUKE,4.952
202605,40,KEN,A.K.I.,4.949
202605,40,KEN,LILY,4.928
202605,40,KEN,SAGAT,4.899
202605,40,KEN,JAMIE,4.885
202605,40,KEN,ZANGIEF,4.853
202605,40,KEN,ELENA,4.834
202605,40,KEN,DEE JAY,4.815
202605,40,KEN,JP,4.811
202605,40,KEN,CHUN-LI,4.801
202605,40,KEN,ED,4.777
202605,40,KEN,INGRID,4.611
202605,40,KEN,GUILE,4.555
202601,41,KEN,VEGA,5.312
202601,41,KEN,E.HONDA,5.234
202601,41,KEN,JURI,5.225
202601,41,KEN,DHALSIM,5.205
202601,41,KEN,RASHID,5.105
202601,41,KEN,MARISA,5.099
202601,41,KEN,MANON,5.094
202601,41,KEN,LUKE,5.078
202601,41,KEN,BLANKA,5.072
202601,41,KEN,KIMBERLY,5.068
202601,41,KEN,SAGAT,5.033
202601,41,KEN,C.VIPER,4.991
202601,41,KEN,GOUKI,4.989
202601,41,KEN,RYU,4.971
202601,41,KEN,CHUN-LI,4.967
202601,41,KEN,CAMMY,4.939
202601,41,KEN,JP,4.932
202601,41,KEN,DEE JAY,4.93
202601,41,KEN,TERRY,4.928
202601,41,KEN,MAI,4.927
202601,41,KEN,JAMIE,4.908
202601,41,KEN,ELENA,4.902
202601,41,KEN,LILY,4.886
202601,41,KEN,A.K.I.,4.88
202601,41,KEN,ED,4.859
202601,41,KEN,GUILE,4.732
202601,41,KEN,ZANGIEF,4.732
202602,41,KEN,KIMBERLY,5.348
202602,41,KEN,MANON,5.248
202602,41,KEN,JURI,5.214
202602,41,KEN,E.HONDA,5.211
202602,41,KEN,A.K.I.,5.138
202602,41,KEN,RASHID,5.12
202602,41,KEN,BLANKA,5.078
202602,41,KEN,VEGA,5.071
202602,41,KEN,MARISA,5.064
202602,41,KEN,DEE JAY,5.05
202602,41,KEN,LUKE,5.044
202602,41,KEN,JP,5.014
202602,41,KEN,DHALSIM,5.009
202602,41,KEN,RYU,4.991
202602,41,KEN,SAGAT,4.936
202602,41,KEN,GOUKI,4.925
202602,41,KEN,ELENA,4.911
202602,41,KEN,CAMMY,4.862
202602,41,KEN,TERRY,4.862
202602,41,KEN,ED,4.858
202602,41,KEN,LILY,4.749
202602,41,KEN,C.VIPER,4.747
202602,41,KEN,CHUN-LI,4.689
202602,41,KEN,JAMIE,4.679
202602,41,KEN,ZANGIEF,4.676
202602,41,KEN,GUILE,4.628
202602,41,KEN,MAI,4.562
202603,41,KEN,E.HONDA,5.339
202603,41,KEN,DHALSIM,5.302
202603,41,KEN,KIMBERLY,5.3
202603,41,KEN,VEGA,5.251
202603,41,KEN,LILY,5.246
202603,41,KEN,JURI,5.13
202603,41,KEN,C.VIPER,5.124
202603,41,KEN,BLANKA,5.119
202603,41,KEN,MARISA,5.112
202603,41,KEN,LUKE,5.095
202603,41,KEN,RASHID,5.083
202603,41,KEN,GOUKI,5.078
202603,41,KEN,TERRY,5.067
202603,41,KEN,RYU,5.066
202603,41,KEN,ED,5.034
202603,41,KEN,SAGAT,5.015
202603,41,KEN,CHUN-LI,5.006
202603,41,KEN,DEE JAY,4.975
202603,41,KEN,MANON,4.969
202603,41,KEN,JP,4.904
202603,41,KEN,CAMMY,4.869
202603,41,KEN,MAI,4.854
202603,41,KEN,A.K.I.,4.838
202603,41,KEN,JAMIE,4.824
202603,41,KEN,ALEX,4.791
202603,41,KEN,GUILE,4.785
202603,41,KEN,ZANGIEF,4.722
202603,41,KEN,ELENA,4.722
202604,41,KEN,KIMBERLY,5.285
202604,41,KEN,BLANKA,5.241
202604,41,KEN,RASHID,5.236
202604,41,KEN,E.HONDA,5.229
202604,41,KEN,DHALSIM,5.212
202604,41,KEN,MARISA,5.182
202604,41,KEN,JURI,5.18
202604,41,KEN,LILY,5.14
202604,41,KEN,VEGA,5.138
202604,41,KEN,LUKE,5.1
202604,41,KEN,JP,5.046
202604,41,KEN,JAMIE,5.015
202604,41,KEN,MAI,5.007
202604,41,KEN,ZANGIEF,4.988
202604,41,KEN,RYU,4.976
202604,41,KEN,MANON,4.96
202604,41,KEN,GUILE,4.955
202604,41,KEN,A.K.I.,4.954
202604,41,KEN,CAMMY,4.94
202604,41,KEN,TERRY,4.935
202604,41,KEN,ELENA,4.93
202604,41,KEN,DEE JAY,4.929
202604,41,KEN,GOUKI,4.925
202604,41,KEN,CHUN-LI,4.916
202604,41,KEN,SAGAT,4.907
202604,41,KEN,C.VIPER,4.907
202604,41,KEN,ED,4.885
202604,41,KEN,ALEX,4.884
202605,41,KEN,KIMBERLY,5.39
202605,41,KEN,E.HONDA,5.362
202605,41,KEN,MANON,5.344
202605,41,KEN,DHALSIM,5.341
202605,41,KEN,MARISA,5.179
202605,41,KEN,VEGA,5.136
202605,41,KEN,RYU,5.067
202605,41,KEN,LUKE,5.055
202605,41,KEN,JURI,5.053
202605,41,KEN,BLANKA,5.047
202605,41,KEN,JP,5.024
202605,41,KEN,INGRID,5.015
202605,41,KEN,SAGAT,5.011
202605,41,KEN,ALEX,5.011
202605,41,KEN,TERRY,5.009
202605,41,KEN,C.VIPER,5.002
202605,41,KEN,DEE JAY,4.993
202605,41,KEN,RASHID,4.953
202605,41,KEN,ELENA,4.948
202605,41,KEN,A.K.I.,4.942
202605,41,KEN,ED,4.902
202605,41,KEN,MAI,4.896
202605,41,KEN,LILY,4.886
202605,41,KEN,GOUKI,4.866
202605,41,KEN,ZANGIEF,4.845
202605,41,KEN,CAMMY,4.781
202605,41,KEN,CHUN-LI,4.777
202605,41,KEN,JAMIE,4.755
202605,41,KEN,GUILE,4.607
202601,42,KEN,KIMBERLY,5.359
202601,42,KEN,E.HONDA,5.226
202601,42,KEN,VEGA,5.16
202601,42,KEN,BLANKA,5.13
202601,42,KEN,DHALSIM,5.13
202601,42,KEN,JURI,5.085
202601,42,KEN,MARISA,5.08
202601,42,KEN,MANON,5.067
202601,42,KEN,A.K.I.,4.998
202601,42,KEN,LUKE,4.994
202601,42,KEN,C.VIPER,4.987
202601,42,KEN,SAGAT,4.98
202601,42,KEN,ELENA,4.946
202601,42,KEN,RASHID,4.912
202601,42,KEN,RYU,4.882
202601,42,KEN,CAMMY,4.866
202601,42,KEN,JAMIE,4.858
202601,42,KEN,GOUKI,4.854
202601,42,KEN,LILY,4.825
202601,42,KEN,JP,4.825
202601,42,KEN,CHUN-LI,4.818
202601,42,KEN,DEE JAY,4.815
202601,42,KEN,TERRY,4.812
202601,42,KEN,ZANGIEF,4.811
202601,42,KEN,MAI,4.794
202601,42,KEN,ED,4.765
202601,42,KEN,GUILE,4.751
202602,42,KEN,KIMBERLY,5.501
202602,42,KEN,BLANKA,5.309
202602,42,KEN,JURI,5.299
202602,42,KEN,E.HONDA,5.177
202602,42,KEN,GOUKI,5.16
202602,42,KEN,MANON,5.153
202602,42,KEN,VEGA,5.147
202602,42,KEN,RASHID,5.095
202602,42,KEN,MARISA,5.041
202602,42,KEN,JP,5.029
202602,42,KEN,SAGAT,4.988
202602,42,KEN,GUILE,4.974
202602,42,KEN,TERRY,4.974
202602,42,KEN,CHUN-LI,4.973
202602,42,KEN,A.K.I.,4.971
202602,42,KEN,ELENA,4.937
202602,42,KEN,CAMMY,4.93
202602,42,KEN,C.VIPER,4.877
202602,42,KEN,DHALSIM,4.876
202602,42,KEN,RYU,4.87
202602,42,KEN,JAMIE,4.864
202602,42,KEN,DEE JAY,4.861
202602,42,KEN,LUKE,4.794
202602,42,KEN,LILY,4.764
202602,42,KEN,MAI,4.739
202602,42,KEN,ED,4.723
202602,42,KEN,ZANGIEF,4.558
202603,42,KEN,KIMBERLY,5.42
202603,42,KEN,MARISA,5.238
202603,42,KEN,E.HONDA,5.209
202603,42,KEN,JURI,5.192
202603,42,KEN,BLANKA,5.187
202603,42,KEN,MANON,5.163
202603,42,KEN,VEGA,5.079
202603,42,KEN,DHALSIM,5.053
202603,42,KEN,RASHID,5.025
202603,42,KEN,JP,4.987
202603,42,KEN,RYU,4.979
202603,42,KEN,A.K.I.,4.978
202603,42,KEN,LUKE,4.977
202603,42,KEN,C.VIPER,4.962
202603,42,KEN,GOUKI,4.952
202603,42,KEN,LILY,4.945
202603,42,KEN,CAMMY,4.874
202603,42,KEN,TERRY,4.87
202603,42,KEN,ALEX,4.861
202603,42,KEN,SAGAT,4.849
202603,42,KEN,ELENA,4.835
202603,42,KEN,DEE JAY,4.826
202603,42,KEN,MAI,4.744
202603,42,KEN,CHUN-LI,4.717
202603,42,KEN,ED,4.705
202603,42,KEN,JAMIE,4.685
202603,42,KEN,GUILE,4.589
202603,42,KEN,ZANGIEF,4.582
202604,42,KEN,KIMBERLY,5.371
202604,42,KEN,MANON,5.29
202604,42,KEN,E.HONDA,5.268
202604,42,KEN,MARISA,5.235
202604,42,KEN,BLANKA,5.232
202604,42,KEN,JURI,5.224
202604,42,KEN,DHALSIM,5.173
202604,42,KEN,VEGA,5.088
202604,42,KEN,LUKE,5.063
202604,42,KEN,A.K.I.,5.046
202604,42,KEN,ALEX,4.981
202604,42,KEN,JP,4.978
202604,42,KEN,ELENA,4.945
202604,42,KEN,DEE JAY,4.918
202604,42,KEN,ED,4.917
202604,42,KEN,RASHID,4.901
202604,42,KEN,RYU,4.89
202604,42,KEN,GOUKI,4.884
202604,42,KEN,LILY,4.84
202604,42,KEN,SAGAT,4.822
202604,42,KEN,C.VIPER,4.803
202604,42,KEN,JAMIE,4.796
202604,42,KEN,CAMMY,4.793
202604,42,KEN,GUILE,4.791
202604,42,KEN,MAI,4.774
202604,42,KEN,TERRY,4.763
202604,42,KEN,CHUN-LI,4.751
202604,42,KEN,ZANGIEF,4.679
202605,42,KEN,KIMBERLY,5.364
202605,42,KEN,VEGA,5.329
202605,42,KEN,BLANKA,5.327
202605,42,KEN,MANON,5.318
202605,42,KEN,JURI,5.307
202605,42,KEN,E.HONDA,5.202
202605,42,KEN,ALEX,5.189
202605,42,KEN,LUKE,5.17
202605,42,KEN,RASHID,5.062
202605,42,KEN,ELENA,5.019
202605,42,KEN,MARISA,5.015
202605,42,KEN,RYU,4.969
202605,42,KEN,A.K.I.,4.924
202605,42,KEN,JP,4.91
202605,42,KEN,DHALSIM,4.856
202605,42,KEN,GUILE,4.853
202605,42,KEN,JAMIE,4.852
202605,42,KEN,CAMMY,4.85
202605,42,KEN,GOUKI,4.829
202605,42,KEN,C.VIPER,4.816
202605,42,KEN,DEE JAY,4.799
202605,42,KEN,ZANGIEF,4.759
202605,42,KEN,TERRY,4.658
202605,42,KEN,INGRID,4.644
202605,42,KEN,ED,4.626
202605,42,KEN,MAI,4.58
202605,42,KEN,SAGAT,4.557
202605,42,KEN,LILY,4.543
202605,42,KEN,CHUN-LI,4.502
202601,40,KIMBERLY,ED,5.539
202601,40,KIMBERLY,LILY,5.528
202601,40,KIMBERLY,JP,5.45
202601,40,KIMBERLY,ELENA,5.284
202601,40,KIMBERLY,DHALSIM,5.28
202601,40,KIMBERLY,A.K.I.,5.251
202601,40,KIMBERLY,MARISA,5.242
202601,40,KIMBERLY,MANON,5.18
202601,40,KIMBERLY,C.VIPER,5.156
202601,40,KIMBERLY,MAI,5.109
202601,40,KIMBERLY,RYU,5.088
202601,40,KIMBERLY,CAMMY,5.067
202601,40,KIMBERLY,VEGA,5.067
202601,40,KIMBERLY,JURI,5.013
202601,40,KIMBERLY,LUKE,5.011
202601,40,KIMBERLY,GOUKI,4.992
202601,40,KIMBERLY,SAGAT,4.986
202601,40,KIMBERLY,CHUN-LI,4.983
202601,40,KIMBERLY,JAMIE,4.972
202601,40,KIMBERLY,DEE JAY,4.897
202601,40,KIMBERLY,RASHID,4.867
202601,40,KIMBERLY,ZANGIEF,4.856
202601,40,KIMBERLY,E.HONDA,4.794
202601,40,KIMBERLY,GUILE,4.791
202601,40,KIMBERLY,TERRY,4.784
202601,40,KIMBERLY,BLANKA,4.73
202601,40,KIMBERLY,KEN,4.721
202602,40,KIMBERLY,ED,5.461
202602,40,KIMBERLY,A.K.I.,5.362
202602,40,KIMBERLY,LILY,5.29
202602,40,KIMBERLY,C.VIPER,5.289
202602,40,KIMBERLY,MAI,5.287
202602,40,KIMBERLY,MARISA,5.286
202602,40,KIMBERLY,ELENA,5.285
202602,40,KIMBERLY,JP,5.262
202602,40,KIMBERLY,MANON,5.239
202602,40,KIMBERLY,DHALSIM,5.131
202602,40,KIMBERLY,RYU,5.127
202602,40,KIMBERLY,DEE JAY,5.091
202602,40,KIMBERLY,CHUN-LI,5.076
202602,40,KIMBERLY,JURI,5.068
202602,40,KIMBERLY,VEGA,5.064
202602,40,KIMBERLY,CAMMY,5.029
202602,40,KIMBERLY,LUKE,4.98
202602,40,KIMBERLY,E.HONDA,4.975
202602,40,KIMBERLY,JAMIE,4.951
202602,40,KIMBERLY,TERRY,4.947
202602,40,KIMBERLY,SAGAT,4.931
202602,40,KIMBERLY,GOUKI,4.927
202602,40,KIMBERLY,GUILE,4.902
202602,40,KIMBERLY,KEN,4.841
202602,40,KIMBERLY,ZANGIEF,4.808
202602,40,KIMBERLY,RASHID,4.76
202602,40,KIMBERLY,BLANKA,4.613
202603,40,KIMBERLY,JP,5.556
202603,40,KIMBERLY,LILY,5.482
202603,40,KIMBERLY,ED,5.467
202603,40,KIMBERLY,RYU,5.24
202603,40,KIMBERLY,A.K.I.,5.215
202603,40,KIMBERLY,DHALSIM,5.214
202603,40,KIMBERLY,ELENA,5.186
202603,40,KIMBERLY,MARISA,5.141
202603,40,KIMBERLY,LUKE,5.136
202603,40,KIMBERLY,ALEX,5.125
202603,40,KIMBERLY,JAMIE,5.109
202603,40,KIMBERLY,DEE JAY,5.107
202603,40,KIMBERLY,VEGA,5.084
202603,40,KIMBERLY,C.VIPER,5.056
202603,40,KIMBERLY,MAI,5.05
202603,40,KIMBERLY,CAMMY,5.012
202603,40,KIMBERLY,GOUKI,4.989
202603,40,KIMBERLY,JURI,4.988
202603,40,KIMBERLY,MANON,4.965
202603,40,KIMBERLY,GUILE,4.935
202603,40,KIMBERLY,CHUN-LI,4.921
202603,40,KIMBERLY,E.HONDA,4.914
202603,40,KIMBERLY,ZANGIEF,4.89
202603,40,KIMBERLY,SAGAT,4.817
202603,40,KIMBERLY,TERRY,4.78
202603,40,KIMBERLY,RASHID,4.748
202603,40,KIMBERLY,KEN,4.727
202603,40,KIMBERLY,BLANKA,4.567
202604,40,KIMBERLY,ED,5.633
202604,40,KIMBERLY,JP,5.53
202604,40,KIMBERLY,LILY,5.478
202604,40,KIMBERLY,A.K.I.,5.317
202604,40,KIMBERLY,ELENA,5.272
202604,40,KIMBERLY,ALEX,5.215
202604,40,KIMBERLY,JAMIE,5.186
202604,40,KIMBERLY,MANON,5.186
202604,40,KIMBERLY,RYU,5.17
202604,40,KIMBERLY,MARISA,5.158
202604,40,KIMBERLY,CAMMY,5.122
202604,40,KIMBERLY,LUKE,5.112
202604,40,KIMBERLY,MAI,5.09
202604,40,KIMBERLY,VEGA,5.074
202604,40,KIMBERLY,DEE JAY,5.057
202604,40,KIMBERLY,DHALSIM,5.03
202604,40,KIMBERLY,C.VIPER,5.023
202604,40,KIMBERLY,GOUKI,5.02
202604,40,KIMBERLY,CHUN-LI,4.996
202604,40,KIMBERLY,SAGAT,4.951
202604,40,KIMBERLY,GUILE,4.947
202604,40,KIMBERLY,TERRY,4.891
202604,40,KIMBERLY,E.HONDA,4.877
202604,40,KIMBERLY,RASHID,4.874
202604,40,KIMBERLY,ZANGIEF,4.856
202604,40,KIMBERLY,JURI,4.835
202604,40,KIMBERLY,KEN,4.773
202604,40,KIMBERLY,BLANKA,4.593
202605,40,KIMBERLY,ED,5.381
202605,40,KIMBERLY,A.K.I.,5.348
202605,40,KIMBERLY,JP,5.307
202605,40,KIMBERLY,ALEX,5.292
202605,40,KIMBERLY,C.VIPER,5.204
202605,40,KIMBERLY,RYU,5.177
202605,40,KIMBERLY,CHUN-LI,5.167
202605,40,KIMBERLY,GUILE,5.153
202605,40,KIMBERLY,ELENA,5.147
202605,40,KIMBERLY,LILY,5.143
202605,40,KIMBERLY,MARISA,5.111
202605,40,KIMBERLY,MAI,5.106
202605,40,KIMBERLY,DHALSIM,5.104
202605,40,KIMBERLY,CAMMY,5.076
202605,40,KIMBERLY,DEE JAY,5.053
202605,40,KIMBERLY,VEGA,5.038
202605,40,KIMBERLY,JURI,5.019
202605,40,KIMBERLY,LUKE,5.01
202605,40,KIMBERLY,INGRID,5.002
202605,40,KIMBERLY,GOUKI,4.992
202605,40,KIMBERLY,MANON,4.961
202605,40,KIMBERLY,ZANGIEF,4.928
202605,40,KIMBERLY,TERRY,4.912
202605,40,KIMBERLY,E.HONDA,4.911
202605,40,KIMBERLY,JAMIE,4.909
202605,40,KIMBERLY,SAGAT,4.841
202605,40,KIMBERLY,KEN,4.823
202605,40,KIMBERLY,RASHID,4.754
202605,40,KIMBERLY,BLANKA,4.55
202601,41,KIMBERLY,JP,5.552
202601,41,KIMBERLY,ED,5.493
202601,41,KIMBERLY,MARISA,5.365
202601,41,KIMBERLY,A.K.I.,5.354
202601,41,KIMBERLY,E.HONDA,5.315
202601,41,KIMBERLY,LUKE,5.191
202601,41,KIMBERLY,LILY,5.171
202601,41,KIMBERLY,MAI,5.163
202601,41,KIMBERLY,CHUN-LI,5.159
202601,41,KIMBERLY,C.VIPER,5.136
202601,41,KIMBERLY,MANON,5.124
202601,41,KIMBERLY,DHALSIM,5.1
202601,41,KIMBERLY,RYU,5.095
202601,41,KIMBERLY,VEGA,5.087
202601,41,KIMBERLY,ELENA,5.065
202601,41,KIMBERLY,GUILE,5.056
202601,41,KIMBERLY,JAMIE,5.054
202601,41,KIMBERLY,CAMMY,4.985
202601,41,KIMBERLY,GOUKI,4.97
202601,41,KIMBERLY,KEN,4.926
202601,41,KIMBERLY,DEE JAY,4.918
202601,41,KIMBERLY,JURI,4.843
202601,41,KIMBERLY,RASHID,4.802
202601,41,KIMBERLY,SAGAT,4.792
202601,41,KIMBERLY,TERRY,4.779
202601,41,KIMBERLY,ZANGIEF,4.767
202601,41,KIMBERLY,BLANKA,4.486
202602,41,KIMBERLY,DHALSIM,5.522
202602,41,KIMBERLY,A.K.I.,5.476
202602,41,KIMBERLY,C.VIPER,5.435
202602,41,KIMBERLY,LILY,5.41
202602,41,KIMBERLY,JP,5.382
202602,41,KIMBERLY,ED,5.33
202602,41,KIMBERLY,E.HONDA,5.293
202602,41,KIMBERLY,GUILE,5.246
202602,41,KIMBERLY,DEE JAY,5.201
202602,41,KIMBERLY,MARISA,5.137
202602,41,KIMBERLY,RYU,5.108
202602,41,KIMBERLY,MAI,5.096
202602,41,KIMBERLY,ELENA,5.096
202602,41,KIMBERLY,GOUKI,5.089
202602,41,KIMBERLY,VEGA,5.057
202602,41,KIMBERLY,CAMMY,5.049
202602,41,KIMBERLY,LUKE,5.048
202602,41,KIMBERLY,JURI,5.023
202602,41,KIMBERLY,JAMIE,4.962
202602,41,KIMBERLY,MANON,4.94
202602,41,KIMBERLY,TERRY,4.928
202602,41,KIMBERLY,SAGAT,4.92
202602,41,KIMBERLY,CHUN-LI,4.892
202602,41,KIMBERLY,ZANGIEF,4.841
202602,41,KIMBERLY,RASHID,4.743
202602,41,KIMBERLY,KEN,4.667
202602,41,KIMBERLY,BLANKA,4.472
202603,41,KIMBERLY,ED,5.383
202603,41,KIMBERLY,A.K.I.,5.352
202603,41,KIMBERLY,JP,5.302
202603,41,KIMBERLY,C.VIPER,5.293
202603,41,KIMBERLY,MANON,5.285
202603,41,KIMBERLY,ALEX,5.205
202603,41,KIMBERLY,MAI,5.197
202603,41,KIMBERLY,JAMIE,5.196
202603,41,KIMBERLY,LUKE,5.123
202603,41,KIMBERLY,ELENA,5.115
202603,41,KIMBERLY,GUILE,5.074
202603,41,KIMBERLY,ZANGIEF,5.06
202603,41,KIMBERLY,MARISA,5.055
202603,41,KIMBERLY,DEE JAY,5.049
202603,41,KIMBERLY,RYU,5.024
202603,41,KIMBERLY,E.HONDA,5.023
202603,41,KIMBERLY,CAMMY,5.005
202603,41,KIMBERLY,CHUN-LI,4.985
202603,41,KIMBERLY,VEGA,4.958
202603,41,KIMBERLY,LILY,4.938
202603,41,KIMBERLY,SAGAT,4.934
202603,41,KIMBERLY,GOUKI,4.918
202603,41,KIMBERLY,TERRY,4.834
202603,41,KIMBERLY,JURI,4.823
202603,41,KIMBERLY,DHALSIM,4.81
202603,41,KIMBERLY,RASHID,4.747
202603,41,KIMBERLY,KEN,4.714
202603,41,KIMBERLY,BLANKA,4.611
202604,41,KIMBERLY,LILY,5.403
202604,41,KIMBERLY,JP,5.382
202604,41,KIMBERLY,ED,5.29
202604,41,KIMBERLY,ALEX,5.278
202604,41,KIMBERLY,DHALSIM,5.177
202604,41,KIMBERLY,ELENA,5.168
202604,41,KIMBERLY,CAMMY,5.121
202604,41,KIMBERLY,GOUKI,5.118
202604,41,KIMBERLY,C.VIPER,5.112
202604,41,KIMBERLY,MAI,5.099
202604,41,KIMBERLY,LUKE,5.094
202604,41,KIMBERLY,RYU,5.091
202604,41,KIMBERLY,A.K.I.,5.06
202604,41,KIMBERLY,MANON,5.031
202604,41,KIMBERLY,JURI,4.975
202604,41,KIMBERLY,DEE JAY,4.97
202604,41,KIMBERLY,SAGAT,4.962
202604,41,KIMBERLY,CHUN-LI,4.949
202604,41,KIMBERLY,VEGA,4.914
202604,41,KIMBERLY,JAMIE,4.905
202604,41,KIMBERLY,MARISA,4.905
202604,41,KIMBERLY,TERRY,4.881
202604,41,KIMBERLY,ZANGIEF,4.863
202604,41,KIMBERLY,GUILE,4.795
202604,41,KIMBERLY,E.HONDA,4.787
202604,41,KIMBERLY,KEN,4.739
202604,41,KIMBERLY,BLANKA,4.626
202604,41,KIMBERLY,RASHID,4.547
202605,41,KIMBERLY,ELENA,5.506
202605,41,KIMBERLY,ED,5.44
202605,41,KIMBERLY,A.K.I.,5.424
202605,41,KIMBERLY,ALEX,5.383
202605,41,KIMBERLY,LILY,5.382
202605,41,KIMBERLY,DHALSIM,5.374
202605,41,KIMBERLY,GUILE,5.358
202605,41,KIMBERLY,MARISA,5.346
202605,41,KIMBERLY,JP,5.339
202605,41,KIMBERLY,CHUN-LI,5.273
202605,41,KIMBERLY,C.VIPER,5.217
202605,41,KIMBERLY,MAI,5.185
202605,41,KIMBERLY,E.HONDA,5.172
202605,41,KIMBERLY,JAMIE,5.16
202605,41,KIMBERLY,VEGA,5.149
202605,41,KIMBERLY,MANON,5.115
202605,41,KIMBERLY,ZANGIEF,5.068
202605,41,KIMBERLY,INGRID,5.058
202605,41,KIMBERLY,CAMMY,5.027
202605,41,KIMBERLY,LUKE,5.013
202605,41,KIMBERLY,RYU,4.99
202605,41,KIMBERLY,SAGAT,4.941
202605,41,KIMBERLY,GOUKI,4.83
202605,41,KIMBERLY,TERRY,4.817
202605,41,KIMBERLY,RASHID,4.753
202605,41,KIMBERLY,JURI,4.751
202605,41,KIMBERLY,DEE JAY,4.739
202605,41,KIMBERLY,KEN,4.641
202605,41,KIMBERLY,BLANKA,4.524
202601,42,KIMBERLY,DHALSIM,5.587
202601,42,KIMBERLY,ED,5.432
202601,42,KIMBERLY,C.VIPER,5.396
202601,42,KIMBERLY,LILY,5.331
202601,42,KIMBERLY,A.K.I.,5.291
202601,42,KIMBERLY,JP,5.193
202601,42,KIMBERLY,DEE JAY,5.187
202601,42,KIMBERLY,JAMIE,5.125
202601,42,KIMBERLY,ELENA,5.095
202601,42,KIMBERLY,MAI,5.08
202601,42,KIMBERLY,CAMMY,5.079
202601,42,KIMBERLY,E.HONDA,5.065
202601,42,KIMBERLY,MARISA,5.056
202601,42,KIMBERLY,LUKE,5.002
202601,42,KIMBERLY,TERRY,4.975
202601,42,KIMBERLY,VEGA,4.924
202601,42,KIMBERLY,GOUKI,4.92
202601,42,KIMBERLY,RYU,4.881
202601,42,KIMBERLY,MANON,4.87
202601,42,KIMBERLY,CHUN-LI,4.87
202601,42,KIMBERLY,SAGAT,4.801
202601,42,KIMBERLY,JURI,4.782
202601,42,KIMBERLY,RASHID,4.756
202601,42,KIMBERLY,ZANGIEF,4.755
202601,42,KIMBERLY,GUILE,4.711
202601,42,KIMBERLY,BLANKA,4.671
202601,42,KIMBERLY,KEN,4.632
202602,42,KIMBERLY,DHALSIM,5.382
202602,42,KIMBERLY,LILY,5.324
202602,42,KIMBERLY,GUILE,5.281
202602,42,KIMBERLY,ED,5.205
202602,42,KIMBERLY,JP,5.198
202602,42,KIMBERLY,C.VIPER,5.174
202602,42,KIMBERLY,A.K.I.,5.134
202602,42,KIMBERLY,LUKE,5.105
202602,42,KIMBERLY,JURI,5.102
202602,42,KIMBERLY,RYU,5.091
202602,42,KIMBERLY,ELENA,5.071
202602,42,KIMBERLY,E.HONDA,5.065
202602,42,KIMBERLY,MARISA,5.041
202602,42,KIMBERLY,MAI,5.029
202602,42,KIMBERLY,DEE JAY,4.99
202602,42,KIMBERLY,VEGA,4.973
202602,42,KIMBERLY,SAGAT,4.931
202602,42,KIMBERLY,CHUN-LI,4.928
202602,42,KIMBERLY,MANON,4.896
202602,42,KIMBERLY,CAMMY,4.887
202602,42,KIMBERLY,TERRY,4.806
202602,42,KIMBERLY,RASHID,4.785
202602,42,KIMBERLY,ZANGIEF,4.714
202602,42,KIMBERLY,JAMIE,4.639
202602,42,KIMBERLY,BLANKA,4.625
202602,42,KIMBERLY,GOUKI,4.622
202602,42,KIMBERLY,KEN,4.595
202603,42,KIMBERLY,DHALSIM,5.637
202603,42,KIMBERLY,ED,5.358
202603,42,KIMBERLY,A.K.I.,5.325
202603,42,KIMBERLY,JP,5.299
202603,42,KIMBERLY,LILY,5.251
202603,42,KIMBERLY,GUILE,5.228
202603,42,KIMBERLY,ALEX,5.193
202603,42,KIMBERLY,VEGA,5.172
202603,42,KIMBERLY,MAI,5.155
202603,42,KIMBERLY,C.VIPER,5.148
202603,42,KIMBERLY,ZANGIEF,5.12
202603,42,KIMBERLY,LUKE,5.095
202603,42,KIMBERLY,CAMMY,5.058
202603,42,KIMBERLY,ELENA,5.057
202603,42,KIMBERLY,E.HONDA,5.055
202603,42,KIMBERLY,JAMIE,5.051
202603,42,KIMBERLY,MANON,5.014
202603,42,KIMBERLY,JURI,5.003
202603,42,KIMBERLY,DEE JAY,5.003
202603,42,KIMBERLY,RYU,4.953
202603,42,KIMBERLY,MARISA,4.951
202603,42,KIMBERLY,CHUN-LI,4.94
202603,42,KIMBERLY,TERRY,4.908
202603,42,KIMBERLY,GOUKI,4.896
202603,42,KIMBERLY,SAGAT,4.836
202603,42,KIMBERLY,RASHID,4.777
202603,42,KIMBERLY,BLANKA,4.674
202603,42,KIMBERLY,KEN,4.582
202604,42,KIMBERLY,DHALSIM,5.561
202604,42,KIMBERLY,ED,5.36
202604,42,KIMBERLY,ALEX,5.284
202604,42,KIMBERLY,JP,5.275
202604,42,KIMBERLY,A.K.I.,5.234
202604,42,KIMBERLY,LILY,5.208
202604,42,KIMBERLY,MANON,5.199
202604,42,KIMBERLY,ELENA,5.183
202604,42,KIMBERLY,MAI,5.131
202604,42,KIMBERLY,C.VIPER,5.088
202604,42,KIMBERLY,JAMIE,5.036
202604,42,KIMBERLY,DEE JAY,5.028
202604,42,KIMBERLY,CAMMY,5.016
202604,42,KIMBERLY,VEGA,4.982
202604,42,KIMBERLY,MARISA,4.971
202604,42,KIMBERLY,E.HONDA,4.97
202604,42,KIMBERLY,CHUN-LI,4.966
202604,42,KIMBERLY,LUKE,4.949
202604,42,KIMBERLY,RYU,4.938
202604,42,KIMBERLY,TERRY,4.913
202604,42,KIMBERLY,JURI,4.911
202604,42,KIMBERLY,GUILE,4.866
202604,42,KIMBERLY,GOUKI,4.853
202604,42,KIMBERLY,SAGAT,4.785
202604,42,KIMBERLY,RASHID,4.767
202604,42,KIMBERLY,ZANGIEF,4.754
202604,42,KIMBERLY,BLANKA,4.722
202604,42,KIMBERLY,KEN,4.626
202605,42,KIMBERLY,DHALSIM,5.415
202605,42,KIMBERLY,ELENA,5.378
202605,42,KIMBERLY,ED,5.367
202605,42,KIMBERLY,ALEX,5.341
202605,42,KIMBERLY,A.K.I.,5.333
202605,42,KIMBERLY,GUILE,5.231
202605,42,KIMBERLY,JP,5.199
202605,42,KIMBERLY,C.VIPER,5.187
202605,42,KIMBERLY,JAMIE,5.169
202605,42,KIMBERLY,E.HONDA,5.109
202605,42,KIMBERLY,RYU,5.098
202605,42,KIMBERLY,LILY,5.068
202605,42,KIMBERLY,VEGA,5.036
202605,42,KIMBERLY,MARISA,5.013
202605,42,KIMBERLY,DEE JAY,4.951
202605,42,KIMBERLY,JURI,4.932
202605,42,KIMBERLY,MANON,4.914
202605,42,KIMBERLY,MAI,4.909
202605,42,KIMBERLY,LUKE,4.886
202605,42,KIMBERLY,INGRID,4.846
202605,42,KIMBERLY,GOUKI,4.843
202605,42,KIMBERLY,CAMMY,4.793
202605,42,KIMBERLY,SAGAT,4.75
202605,42,KIMBERLY,BLANKA,4.746
202605,42,KIMBERLY,CHUN-LI,4.744
202605,42,KIMBERLY,KEN,4.575
202605,42,KIMBERLY,TERRY,4.537
202605,42,KIMBERLY,RASHID,4.497
202605,42,KIMBERLY,ZANGIEF,4.363
202601,40,LILY,ZANGIEF,5.892
202601,40,LILY,ELENA,5.472
202601,40,LILY,CHUN-LI,5.29
202601,40,LILY,DEE JAY,5.257
202601,40,LILY,VEGA,5.256
202601,40,LILY,JAMIE,5.242
202601,40,LILY,JURI,5.231
202601,40,LILY,MARISA,5.19
202601,40,LILY,MAI,5.165
202601,40,LILY,RYU,5.118
202601,40,LILY,ED,5.111
202601,40,LILY,MANON,5.068
202601,40,LILY,GOUKI,5.066
202601,40,LILY,KEN,5.053
202601,40,LILY,GUILE,5.019
202601,40,LILY,CAMMY,5.008
202601,40,LILY,SAGAT,4.999
202601,40,LILY,TERRY,4.989
202601,40,LILY,RASHID,4.883
202601,40,LILY,C.VIPER,4.811
202601,40,LILY,LUKE,4.778
202601,40,LILY,A.K.I.,4.659
202601,40,LILY,E.HONDA,4.599
202601,40,LILY,KIMBERLY,4.526
202601,40,LILY,JP,4.509
202601,40,LILY,BLANKA,4.417
202601,40,LILY,DHALSIM,4.323
202602,40,LILY,ZANGIEF,5.846
202602,40,LILY,ELENA,5.603
202602,40,LILY,MAI,5.307
202602,40,LILY,MARISA,5.301
202602,40,LILY,JAMIE,5.282
202602,40,LILY,CAMMY,5.246
202602,40,LILY,DEE JAY,5.241
202602,40,LILY,JURI,5.218
202602,40,LILY,RYU,5.215
202602,40,LILY,VEGA,5.198
202602,40,LILY,MANON,5.193
202602,40,LILY,KEN,5.187
202602,40,LILY,CHUN-LI,5.183
202602,40,LILY,GOUKI,5.153
202602,40,LILY,ED,5.055
202602,40,LILY,LUKE,5.028
202602,40,LILY,E.HONDA,5.024
202602,40,LILY,A.K.I.,4.964
202602,40,LILY,SAGAT,4.952
202602,40,LILY,C.VIPER,4.843
202602,40,LILY,TERRY,4.759
202602,40,LILY,KIMBERLY,4.72
202602,40,LILY,GUILE,4.568
202602,40,LILY,RASHID,4.552
202602,40,LILY,JP,4.394
202602,40,LILY,BLANKA,4.362
202602,40,LILY,DHALSIM,3.988
202603,40,LILY,ZANGIEF,5.743
202603,40,LILY,MANON,5.438
202603,40,LILY,ELENA,5.42
202603,40,LILY,MAI,5.264
202603,40,LILY,MARISA,5.254
202603,40,LILY,CAMMY,5.19
202603,40,LILY,DEE JAY,5.15
202603,40,LILY,CHUN-LI,5.149
202603,40,LILY,JURI,5.134
202603,40,LILY,JAMIE,5.129
202603,40,LILY,KEN,5.128
202603,40,LILY,ED,5.115
202603,40,LILY,VEGA,5.082
202603,40,LILY,RYU,5.081
202603,40,LILY,GUILE,5.03
202603,40,LILY,TERRY,4.987
202603,40,LILY,GOUKI,4.965
202603,40,LILY,ALEX,4.896
202603,40,LILY,SAGAT,4.84
202603,40,LILY,C.VIPER,4.795
202603,40,LILY,LUKE,4.776
202603,40,LILY,E.HONDA,4.755
202603,40,LILY,A.K.I.,4.728
202603,40,LILY,RASHID,4.64
202603,40,LILY,KIMBERLY,4.55
202603,40,LILY,BLANKA,4.464
202603,40,LILY,JP,4.378
202603,40,LILY,DHALSIM,4.161
202604,40,LILY,ZANGIEF,5.602
202604,40,LILY,GUILE,5.515
202604,40,LILY,ELENA,5.468
202604,40,LILY,MAI,5.382
202604,40,LILY,JAMIE,5.329
202604,40,LILY,DEE JAY,5.325
202604,40,LILY,MARISA,5.316
202604,40,LILY,CAMMY,5.299
202604,40,LILY,JURI,5.27
202604,40,LILY,SAGAT,5.172
202604,40,LILY,VEGA,5.16
202604,40,LILY,MANON,5.121
202604,40,LILY,ED,5.053
202604,40,LILY,GOUKI,5.043
202604,40,LILY,CHUN-LI,5.038
202604,40,LILY,LUKE,5.004
202604,40,LILY,RYU,4.983
202604,40,LILY,E.HONDA,4.943
202604,40,LILY,TERRY,4.935
202604,40,LILY,KEN,4.934
202604,40,LILY,A.K.I.,4.923
202604,40,LILY,C.VIPER,4.911
202604,40,LILY,ALEX,4.769
202604,40,LILY,RASHID,4.668
202604,40,LILY,BLANKA,4.586
202604,40,LILY,KIMBERLY,4.566
202604,40,LILY,JP,4.42
202604,40,LILY,DHALSIM,4.082
202605,40,LILY,ZANGIEF,5.755
202605,40,LILY,CHUN-LI,5.412
202605,40,LILY,MANON,5.363
202605,40,LILY,ELENA,5.344
202605,40,LILY,JURI,5.241
202605,40,LILY,CAMMY,5.208
202605,40,LILY,DEE JAY,5.207
202605,40,LILY,MAI,5.205
202605,40,LILY,MARISA,5.159
202605,40,LILY,RYU,5.156
202605,40,LILY,ED,5.114
202605,40,LILY,VEGA,5.111
202605,40,LILY,JAMIE,5.088
202605,40,LILY,GOUKI,5.087
202605,40,LILY,GUILE,5.08
202605,40,LILY,KEN,5.075
202605,40,LILY,ALEX,5.049
202605,40,LILY,SAGAT,5.023
202605,40,LILY,C.VIPER,5.019
202605,40,LILY,LUKE,4.952
202605,40,LILY,RASHID,4.812
202605,40,LILY,TERRY,4.795
202605,40,LILY,KIMBERLY,4.783
202605,40,LILY,A.K.I.,4.732
202605,40,LILY,E.HONDA,4.684
202605,40,LILY,BLANKA,4.575
202605,40,LILY,JP,4.476
202605,40,LILY,INGRID,4.087
202605,40,LILY,DHALSIM,3.723
202601,41,LILY,ZANGIEF,5.691
202601,41,LILY,MARISA,5.41
202601,41,LILY,JAMIE,5.384
202601,41,LILY,JURI,5.375
202601,41,LILY,MANON,5.374
202601,41,LILY,DEE JAY,5.269
202601,41,LILY,CAMMY,5.252
202601,41,LILY,VEGA,5.213
202601,41,LILY,ELENA,5.203
202601,41,LILY,A.K.I.,5.191
202601,41,LILY,GOUKI,5.165
202601,41,LILY,ED,5.153
202601,41,LILY,RYU,5.144
202601,41,LILY,KEN,5.132
202601,41,LILY,LUKE,5.103
202601,41,LILY,SAGAT,5.029
202601,41,LILY,CHUN-LI,4.994
202601,41,LILY,MAI,4.934
202601,41,LILY,E.HONDA,4.852
202601,41,LILY,GUILE,4.807
202601,41,LILY,RASHID,4.776
202601,41,LILY,KIMBERLY,4.713
202601,41,LILY,TERRY,4.704
202601,41,LILY,JP,4.603
202601,41,LILY,C.VIPER,4.568
202601,41,LILY,BLANKA,4.505
202601,41,LILY,DHALSIM,3.62
202602,41,LILY,ZANGIEF,6.099
202602,41,LILY,ELENA,5.701
202602,41,LILY,MARISA,5.449
202602,41,LILY,CHUN-LI,5.43
202602,41,LILY,VEGA,5.286
202602,41,LILY,JURI,5.257
202602,41,LILY,DEE JAY,5.253
202602,41,LILY,KEN,5.195
202602,41,LILY,MAI,5.158
202602,41,LILY,GOUKI,5.152
202602,41,LILY,C.VIPER,5.0
202602,41,LILY,SAGAT,4.989
202602,41,LILY,RYU,4.969
202602,41,LILY,RASHID,4.965
202602,41,LILY,MANON,4.962
202602,41,LILY,A.K.I.,4.907
202602,41,LILY,CAMMY,4.892
202602,41,LILY,JAMIE,4.84
202602,41,LILY,ED,4.798
202602,41,LILY,LUKE,4.793
202602,41,LILY,TERRY,4.737
202602,41,LILY,GUILE,4.622
202602,41,LILY,E.HONDA,4.614
202602,41,LILY,KIMBERLY,4.562
202602,41,LILY,JP,4.502
202602,41,LILY,BLANKA,4.474
202602,41,LILY,DHALSIM,4.207
202603,41,LILY,ZANGIEF,5.731
202603,41,LILY,CHUN-LI,5.568
202603,41,LILY,ELENA,5.561
202603,41,LILY,CAMMY,5.492
202603,41,LILY,DEE JAY,5.406
202603,41,LILY,VEGA,5.322
202603,41,LILY,JURI,5.307
202603,41,LILY,JAMIE,5.257
202603,41,LILY,MANON,5.176
202603,41,LILY,MAI,5.158
202603,41,LILY,GOUKI,5.156
202603,41,LILY,GUILE,5.116
202603,41,LILY,MARISA,5.092
202603,41,LILY,KIMBERLY,5.079
202603,41,LILY,TERRY,5.066
202603,41,LILY,RYU,5.048
202603,41,LILY,SAGAT,5.019
202603,41,LILY,A.K.I.,5.009
202603,41,LILY,ALEX,4.979
202603,41,LILY,E.HONDA,4.973
202603,41,LILY,C.VIPER,4.958
202603,41,LILY,RASHID,4.879
202603,41,LILY,ED,4.87
202603,41,LILY,LUKE,4.834
202603,41,LILY,KEN,4.754
202603,41,LILY,BLANKA,4.355
202603,41,LILY,JP,4.323
202603,41,LILY,DHALSIM,3.945
202604,41,LILY,ZANGIEF,5.501
202604,41,LILY,CHUN-LI,5.406
202604,41,LILY,E.HONDA,5.39
202604,41,LILY,JURI,5.359
202604,41,LILY,ELENA,5.3
202604,41,LILY,A.K.I.,5.286
202604,41,LILY,VEGA,5.196
202604,41,LILY,CAMMY,5.191
202604,41,LILY,JAMIE,5.146
202604,41,LILY,RYU,5.139
202604,41,LILY,MARISA,5.081
202604,41,LILY,DEE JAY,5.075
202604,41,LILY,SAGAT,5.014
202604,41,LILY,ALEX,5.0
202604,41,LILY,MAI,4.989
202604,41,LILY,LUKE,4.988
202604,41,LILY,GOUKI,4.979
202604,41,LILY,MANON,4.925
202604,41,LILY,RASHID,4.858
202604,41,LILY,KEN,4.844
202604,41,LILY,C.VIPER,4.812
202604,41,LILY,BLANKA,4.799
202604,41,LILY,ED,4.745
202604,41,LILY,GUILE,4.682
202604,41,LILY,TERRY,4.638
202604,41,LILY,KIMBERLY,4.631
202604,41,LILY,JP,4.469
202604,41,LILY,DHALSIM,4.084
202605,41,LILY,ZANGIEF,6.101
202605,41,LILY,MANON,5.532
202605,41,LILY,JURI,5.494
202605,41,LILY,MAI,5.459
202605,41,LILY,JAMIE,5.379
202605,41,LILY,ELENA,5.361
202605,41,LILY,MARISA,5.349
202605,41,LILY,GOUKI,5.321
202605,41,LILY,VEGA,5.295
202605,41,LILY,CAMMY,5.294
202605,41,LILY,SAGAT,5.159
202605,41,LILY,DEE JAY,5.152
202605,41,LILY,KEN,5.113
202605,41,LILY,RYU,5.031
202605,41,LILY,CHUN-LI,4.986
202605,41,LILY,C.VIPER,4.923
202605,41,LILY,TERRY,4.844
202605,41,LILY,GUILE,4.841
202605,41,LILY,ED,4.828
202605,41,LILY,ALEX,4.782
202605,41,LILY,A.K.I.,4.745
202605,41,LILY,LUKE,4.743
202605,41,LILY,E.HONDA,4.74
202605,41,LILY,RASHID,4.736
202605,41,LILY,JP,4.732
202605,41,LILY,KIMBERLY,4.657
202605,41,LILY,BLANKA,4.554
202605,41,LILY,INGRID,4.045
202605,41,LILY,DHALSIM,3.638
202601,42,LILY,JURI,5.391
202601,42,LILY,ZANGIEF,5.379
202601,42,LILY,CHUN-LI,5.349
202601,42,LILY,ELENA,5.28
202601,42,LILY,DEE JAY,5.252
202601,42,LILY,MANON,5.225
202601,42,LILY,KEN,5.196
202601,42,LILY,MARISA,5.178
202601,42,LILY,VEGA,5.121
202601,42,LILY,MAI,5.117
202601,42,LILY,CAMMY,5.111
202601,42,LILY,JAMIE,5.103
202601,42,LILY,GOUKI,5.073
202601,42,LILY,SAGAT,5.04
202601,42,LILY,RYU,5.013
202601,42,LILY,ED,4.966
202601,42,LILY,C.VIPER,4.966
202601,42,LILY,E.HONDA,4.93
202601,42,LILY,LUKE,4.865
202601,42,LILY,GUILE,4.829
202601,42,LILY,RASHID,4.828
202601,42,LILY,A.K.I.,4.806
202601,42,LILY,KIMBERLY,4.646
202601,42,LILY,TERRY,4.578
202601,42,LILY,BLANKA,4.526
202601,42,LILY,JP,4.29
202601,42,LILY,DHALSIM,3.992
202602,42,LILY,ZANGIEF,5.513
202602,42,LILY,E.HONDA,5.4
202602,42,LILY,MARISA,5.317
202602,42,LILY,ELENA,5.283
202602,42,LILY,RYU,5.238
202602,42,LILY,CHUN-LI,5.211
202602,42,LILY,VEGA,5.208
202602,42,LILY,KEN,5.195
202602,42,LILY,CAMMY,5.17
202602,42,LILY,JURI,5.145
202602,42,LILY,JAMIE,5.09
202602,42,LILY,LUKE,5.075
202602,42,LILY,GOUKI,5.034
202602,42,LILY,ED,5.027
202602,42,LILY,TERRY,5.02
202602,42,LILY,DEE JAY,4.973
202602,42,LILY,SAGAT,4.967
202602,42,LILY,MANON,4.907
202602,42,LILY,MAI,4.883
202602,42,LILY,A.K.I.,4.664
202602,42,LILY,GUILE,4.617
202602,42,LILY,KIMBERLY,4.577
202602,42,LILY,JP,4.534
202602,42,LILY,BLANKA,4.505
202602,42,LILY,RASHID,4.493
202602,42,LILY,C.VIPER,4.483
202602,42,LILY,DHALSIM,4.035
202603,42,LILY,MARISA,5.433
202603,42,LILY,MANON,5.42
202603,42,LILY,ZANGIEF,5.4
202603,42,LILY,ELENA,5.39
202603,42,LILY,MAI,5.352
202603,42,LILY,E.HONDA,5.347
202603,42,LILY,JURI,5.238
202603,42,LILY,VEGA,5.234
202603,42,LILY,CHUN-LI,5.219
202603,42,LILY,SAGAT,5.208
202603,42,LILY,GOUKI,5.185
202603,42,LILY,DEE JAY,5.122
202603,42,LILY,CAMMY,5.117
202603,42,LILY,ED,5.115
202603,42,LILY,KEN,5.054
202603,42,LILY,JAMIE,5.034
202603,42,LILY,LUKE,5.011
202603,42,LILY,C.VIPER,5.011
202603,42,LILY,ALEX,4.974
202603,42,LILY,RYU,4.897
202603,42,LILY,GUILE,4.876
202603,42,LILY,RASHID,4.874
202603,42,LILY,JP,4.8
202603,42,LILY,A.K.I.,4.744
202603,42,LILY,KIMBERLY,4.735
202603,42,LILY,TERRY,4.639
202603,42,LILY,BLANKA,4.595
202603,42,LILY,DHALSIM,4.394
202604,42,LILY,ZANGIEF,5.643
202604,42,LILY,CHUN-LI,5.405
202604,42,LILY,MARISA,5.394
202604,42,LILY,JURI,5.283
202604,42,LILY,CAMMY,5.257
202604,42,LILY,ELENA,5.239
202604,42,LILY,KEN,5.231
202604,42,LILY,E.HONDA,5.223
202604,42,LILY,JAMIE,5.206
202604,42,LILY,MAI,5.197
202604,42,LILY,GOUKI,5.175
202604,42,LILY,DEE JAY,5.172
202604,42,LILY,SAGAT,5.159
202604,42,LILY,VEGA,5.08
202604,42,LILY,MANON,5.073
202604,42,LILY,RYU,5.024
202604,42,LILY,C.VIPER,4.966
202604,42,LILY,TERRY,4.93
202604,42,LILY,RASHID,4.921
202604,42,LILY,ALEX,4.915
202604,42,LILY,A.K.I.,4.898
202604,42,LILY,GUILE,4.866
202604,42,LILY,KIMBERLY,4.854
202604,42,LILY,LUKE,4.825
202604,42,LILY,ED,4.638
202604,42,LILY,JP,4.568
202604,42,LILY,BLANKA,4.55
202604,42,LILY,DHALSIM,4.17
202605,42,LILY,ZANGIEF,5.784
202605,42,LILY,ELENA,5.48
202605,42,LILY,JURI,5.461
202605,42,LILY,KEN,5.4
202605,42,LILY,MANON,5.394
202605,42,LILY,GOUKI,5.371
202605,42,LILY,CAMMY,5.302
202605,42,LILY,DEE JAY,5.233
202605,42,LILY,CHUN-LI,5.222
202605,42,LILY,RYU,5.12
202605,42,LILY,E.HONDA,5.118
202605,42,LILY,A.K.I.,5.07
202605,42,LILY,VEGA,5.031
202605,42,LILY,MAI,5.017
202605,42,LILY,MARISA,5.01
202605,42,LILY,SAGAT,4.97
202605,42,LILY,LUKE,4.939
202605,42,LILY,JP,4.936
202605,42,LILY,KIMBERLY,4.912
202605,42,LILY,JAMIE,4.884
202605,42,LILY,ALEX,4.878
202605,42,LILY,RASHID,4.877
202605,42,LILY,GUILE,4.866
202605,42,LILY,TERRY,4.862
202605,42,LILY,BLANKA,4.818
202605,42,LILY,ED,4.721
202605,42,LILY,C.VIPER,4.615
202605,42,LILY,INGRID,4.12
202605,42,LILY,DHALSIM,4.028
202601,40,LUKE,LILY,5.26
202601,40,LUKE,ZANGIEF,5.24
202601,40,LUKE,RASHID,5.206
202601,40,LUKE,C.VIPER,5.171
202601,40,LUKE,JURI,5.164
202601,40,LUKE,VEGA,5.152
202601,40,LUKE,JAMIE,5.127
202601,40,LUKE,MANON,5.122
202601,40,LUKE,DEE JAY,5.104
202601,40,LUKE,ELENA,5.087
202601,40,LUKE,TERRY,5.081
202601,40,LUKE,RYU,5.064
202601,40,LUKE,JP,5.056
202601,40,LUKE,E.HONDA,5.056
202601,40,LUKE,BLANKA,5.05
202601,40,LUKE,SAGAT,5.02
202601,40,LUKE,CAMMY,5.014
202601,40,LUKE,GOUKI,4.953
202601,40,LUKE,KEN,4.952
202601,40,LUKE,KIMBERLY,4.951
202601,40,LUKE,GUILE,4.942
202601,40,LUKE,DHALSIM,4.94
202601,40,LUKE,MARISA,4.919
202601,40,LUKE,CHUN-LI,4.911
202601,40,LUKE,A.K.I.,4.908
202601,40,LUKE,MAI,4.875
202601,40,LUKE,ED,4.818
202602,40,LUKE,JAMIE,5.165
202602,40,LUKE,ZANGIEF,5.162
202602,40,LUKE,RASHID,5.159
202602,40,LUKE,TERRY,5.123
202602,40,LUKE,JURI,5.121
202602,40,LUKE,DEE JAY,5.115
202602,40,LUKE,E.HONDA,5.094
202602,40,LUKE,MANON,5.086
202602,40,LUKE,VEGA,5.081
202602,40,LUKE,CAMMY,5.078
202602,40,LUKE,C.VIPER,5.063
202602,40,LUKE,JP,5.043
202602,40,LUKE,RYU,5.04
202602,40,LUKE,KIMBERLY,5.032
202602,40,LUKE,DHALSIM,5.026
202602,40,LUKE,BLANKA,5.016
202602,40,LUKE,SAGAT,4.985
202602,40,LUKE,GOUKI,4.979
202602,40,LUKE,KEN,4.973
202602,40,LUKE,ELENA,4.96
202602,40,LUKE,LILY,4.93
202602,40,LUKE,MARISA,4.902
202602,40,LUKE,GUILE,4.871
202602,40,LUKE,A.K.I.,4.846
202602,40,LUKE,MAI,4.841
202602,40,LUKE,ED,4.806
202602,40,LUKE,CHUN-LI,4.784
202603,40,LUKE,LILY,5.248
202603,40,LUKE,JURI,5.226
202603,40,LUKE,RASHID,5.188
202603,40,LUKE,JP,5.182
202603,40,LUKE,MANON,5.175
202603,40,LUKE,VEGA,5.145
202603,40,LUKE,DEE JAY,5.116
202603,40,LUKE,ALEX,5.106
202603,40,LUKE,JAMIE,5.08
202603,40,LUKE,BLANKA,5.078
202603,40,LUKE,RYU,5.073
202603,40,LUKE,TERRY,5.072
202603,40,LUKE,ZANGIEF,5.069
202603,40,LUKE,C.VIPER,5.062
202603,40,LUKE,GUILE,5.03
202603,40,LUKE,KEN,5.02
202603,40,LUKE,MARISA,4.997
202603,40,LUKE,E.HONDA,4.988
202603,40,LUKE,SAGAT,4.986
202603,40,LUKE,GOUKI,4.955
202603,40,LUKE,A.K.I.,4.948
202603,40,LUKE,ELENA,4.944
202603,40,LUKE,MAI,4.931
202603,40,LUKE,CAMMY,4.918
202603,40,LUKE,ED,4.907
202603,40,LUKE,KIMBERLY,4.863
202603,40,LUKE,CHUN-LI,4.826
202603,40,LUKE,DHALSIM,4.813
202604,40,LUKE,ALEX,5.254
202604,40,LUKE,DEE JAY,5.166
202604,40,LUKE,JURI,5.156
202604,40,LUKE,RYU,5.149
202604,40,LUKE,RASHID,5.147
202604,40,LUKE,JP,5.083
202604,40,LUKE,MANON,5.082
202604,40,LUKE,ZANGIEF,5.073
202604,40,LUKE,VEGA,5.059
202604,40,LUKE,JAMIE,5.052
202604,40,LUKE,C.VIPER,5.035
202604,40,LUKE,ELENA,5.031
202604,40,LUKE,LILY,5.021
202604,40,LUKE,GUILE,5.017
202604,40,LUKE,TERRY,5.013
202604,40,LUKE,KEN,5.01
202604,40,LUKE,MARISA,5.008
202604,40,LUKE,SAGAT,4.972
202604,40,LUKE,BLANKA,4.944
202604,40,LUKE,GOUKI,4.926
202604,40,LUKE,E.HONDA,4.924
202604,40,LUKE,CAMMY,4.922
202604,40,LUKE,A.K.I.,4.9
202604,40,LUKE,KIMBERLY,4.881
202604,40,LUKE,MAI,4.864
202604,40,LUKE,ED,4.748
202604,40,LUKE,CHUN-LI,4.733
202604,40,LUKE,DHALSIM,4.707
202605,40,LUKE,ALEX,5.388
202605,40,LUKE,JURI,5.207
202605,40,LUKE,RYU,5.175
202605,40,LUKE,JP,5.167
202605,40,LUKE,RASHID,5.15
202605,40,LUKE,DEE JAY,5.132
202605,40,LUKE,MANON,5.116
202605,40,LUKE,VEGA,5.095
202605,40,LUKE,E.HONDA,5.082
202605,40,LUKE,KEN,5.07
202605,40,LUKE,ELENA,5.061
202605,40,LUKE,ZANGIEF,5.049
202605,40,LUKE,TERRY,5.046
202605,40,LUKE,LILY,5.044
202605,40,LUKE,CAMMY,5.04
202605,40,LUKE,JAMIE,5.031
202605,40,LUKE,SAGAT,5.02
202605,40,LUKE,C.VIPER,4.98
202605,40,LUKE,KIMBERLY,4.942
202605,40,LUKE,A.K.I.,4.927
202605,40,LUKE,MAI,4.924
202605,40,LUKE,GOUKI,4.9
202605,40,LUKE,BLANKA,4.886
202605,40,LUKE,MARISA,4.88
202605,40,LUKE,CHUN-LI,4.837
202605,40,LUKE,GUILE,4.8
202605,40,LUKE,ED,4.77
202605,40,LUKE,DHALSIM,4.726
202605,40,LUKE,INGRID,4.603
202601,41,LUKE,ZANGIEF,5.255
202601,41,LUKE,JURI,5.197
202601,41,LUKE,C.VIPER,5.143
202601,41,LUKE,RASHID,5.139
202601,41,LUKE,TERRY,5.137
202601,41,LUKE,SAGAT,5.086
202601,41,LUKE,BLANKA,5.074
202601,41,LUKE,RYU,5.072
202601,41,LUKE,JP,5.071
202601,41,LUKE,ELENA,5.07
202601,41,LUKE,E.HONDA,5.057
202601,41,LUKE,DEE JAY,5.055
202601,41,LUKE,CAMMY,5.055
202601,41,LUKE,JAMIE,5.047
202601,41,LUKE,VEGA,5.017
202601,41,LUKE,KEN,4.982
202601,41,LUKE,MANON,4.974
202601,41,LUKE,CHUN-LI,4.954
202601,41,LUKE,A.K.I.,4.93
202601,41,LUKE,LILY,4.919
202601,41,LUKE,GOUKI,4.919
202601,41,LUKE,MAI,4.898
202601,41,LUKE,ED,4.895
202601,41,LUKE,KIMBERLY,4.879
202601,41,LUKE,GUILE,4.87
202601,41,LUKE,DHALSIM,4.779
202601,41,LUKE,MARISA,4.747
202602,41,LUKE,LILY,5.282
202602,41,LUKE,JURI,5.254
202602,41,LUKE,MANON,5.141
202602,41,LUKE,RASHID,5.141
202602,41,LUKE,E.HONDA,5.108
202602,41,LUKE,JP,5.1
202602,41,LUKE,BLANKA,5.076
202602,41,LUKE,VEGA,5.058
202602,41,LUKE,DEE JAY,5.049
202602,41,LUKE,ZANGIEF,5.041
202602,41,LUKE,GUILE,5.036
202602,41,LUKE,RYU,5.005
202602,41,LUKE,JAMIE,4.998
202602,41,LUKE,A.K.I.,4.995
202602,41,LUKE,ELENA,4.991
202602,41,LUKE,GOUKI,4.988
202602,41,LUKE,DHALSIM,4.949
202602,41,LUKE,KEN,4.945
202602,41,LUKE,KIMBERLY,4.941
202602,41,LUKE,C.VIPER,4.934
202602,41,LUKE,TERRY,4.927
202602,41,LUKE,SAGAT,4.87
202602,41,LUKE,MARISA,4.869
202602,41,LUKE,CAMMY,4.864
202602,41,LUKE,ED,4.798
202602,41,LUKE,MAI,4.73
202602,41,LUKE,CHUN-LI,4.621
202603,41,LUKE,DEE JAY,5.193
202603,41,LUKE,ZANGIEF,5.182
202603,41,LUKE,VEGA,5.178
202603,41,LUKE,JP,5.172
202603,41,LUKE,JURI,5.172
202603,41,LUKE,RASHID,5.152
202603,41,LUKE,JAMIE,5.116
202603,41,LUKE,GUILE,5.105
202603,41,LUKE,LILY,5.093
202603,41,LUKE,RYU,5.09
202603,41,LUKE,MANON,5.058
202603,41,LUKE,CAMMY,5.058
202603,41,LUKE,BLANKA,5.032
202603,41,LUKE,E.HONDA,4.988
202603,41,LUKE,TERRY,4.982
202603,41,LUKE,GOUKI,4.98
202603,41,LUKE,A.K.I.,4.969
202603,41,LUKE,MARISA,4.967
202603,41,LUKE,ELENA,4.966
202603,41,LUKE,KEN,4.953
202603,41,LUKE,KIMBERLY,4.912
202603,41,LUKE,ALEX,4.908
202603,41,LUKE,C.VIPER,4.88
202603,41,LUKE,DHALSIM,4.867
202603,41,LUKE,ED,4.857
202603,41,LUKE,CHUN-LI,4.837
202603,41,LUKE,SAGAT,4.823
202603,41,LUKE,MAI,4.791
202604,41,LUKE,DEE JAY,5.263
202604,41,LUKE,E.HONDA,5.202
202604,41,LUKE,ALEX,5.2
202604,41,LUKE,JURI,5.199
202604,41,LUKE,RASHID,5.16
202604,41,LUKE,C.VIPER,5.104
202604,41,LUKE,RYU,5.096
202604,41,LUKE,JP,5.094
202604,41,LUKE,VEGA,5.073
202604,41,LUKE,ZANGIEF,5.071
202604,41,LUKE,BLANKA,5.052
202604,41,LUKE,GUILE,5.023
202604,41,LUKE,TERRY,5.018
202604,41,LUKE,CAMMY,5.009
202604,41,LUKE,ELENA,5.007
202604,41,LUKE,LILY,4.979
202604,41,LUKE,ED,4.945
202604,41,LUKE,GOUKI,4.939
202604,41,LUKE,JAMIE,4.937
202604,41,LUKE,KEN,4.929
202604,41,LUKE,MANON,4.928
202604,41,LUKE,SAGAT,4.927
202604,41,LUKE,DHALSIM,4.925
202604,41,LUKE,A.K.I.,4.913
202604,41,LUKE,KIMBERLY,4.881
202604,41,LUKE,MARISA,4.879
202604,41,LUKE,MAI,4.804
202604,41,LUKE,CHUN-LI,4.543
202605,41,LUKE,ALEX,5.284
202605,41,LUKE,JP,5.211
202605,41,LUKE,JURI,5.185
202605,41,LUKE,RASHID,5.128
202605,41,LUKE,LILY,5.102
202605,41,LUKE,E.HONDA,5.059
202605,41,LUKE,RYU,5.048
202605,41,LUKE,VEGA,5.047
202605,41,LUKE,KIMBERLY,5.023
202605,41,LUKE,A.K.I.,5.008
202605,41,LUKE,MANON,5.004
202605,41,LUKE,DHALSIM,4.997
202605,41,LUKE,DEE JAY,4.995
202605,41,LUKE,GUILE,4.955
202605,41,LUKE,CAMMY,4.952
202605,41,LUKE,JAMIE,4.949
202605,41,LUKE,BLANKA,4.944
202605,41,LUKE,MARISA,4.919
202605,41,LUKE,C.VIPER,4.916
202605,41,LUKE,TERRY,4.895
202605,41,LUKE,KEN,4.868
202605,41,LUKE,ZANGIEF,4.85
202605,41,LUKE,ELENA,4.837
202605,41,LUKE,SAGAT,4.833
202605,41,LUKE,GOUKI,4.826
202605,41,LUKE,ED,4.73
202605,41,LUKE,MAI,4.714
202605,41,LUKE,CHUN-LI,4.664
202605,41,LUKE,INGRID,4.585
202601,42,LUKE,DEE JAY,5.227
202601,42,LUKE,JURI,5.183
202601,42,LUKE,LILY,5.162
202601,42,LUKE,RASHID,5.158
202601,42,LUKE,E.HONDA,5.147
202601,42,LUKE,GUILE,5.135
202601,42,LUKE,TERRY,5.085
202601,42,LUKE,A.K.I.,5.07
202601,42,LUKE,DHALSIM,5.06
202601,42,LUKE,JAMIE,5.058
202601,42,LUKE,KEN,5.037
202601,42,LUKE,MARISA,5.024
202601,42,LUKE,MANON,5.022
202601,42,LUKE,RYU,5.022
202601,42,LUKE,JP,5.011
202601,42,LUKE,ZANGIEF,4.993
202601,42,LUKE,KIMBERLY,4.966
202601,42,LUKE,BLANKA,4.957
202601,42,LUKE,VEGA,4.948
202601,42,LUKE,CAMMY,4.92
202601,42,LUKE,ELENA,4.911
202601,42,LUKE,SAGAT,4.886
202601,42,LUKE,C.VIPER,4.878
202601,42,LUKE,ED,4.804
202601,42,LUKE,GOUKI,4.779
202601,42,LUKE,MAI,4.729
202601,42,LUKE,CHUN-LI,4.66
202602,42,LUKE,DEE JAY,5.29
202602,42,LUKE,JP,5.26
202602,42,LUKE,A.K.I.,5.253
202602,42,LUKE,JURI,5.217
202602,42,LUKE,KEN,5.181
202602,42,LUKE,BLANKA,5.15
202602,42,LUKE,MARISA,5.106
202602,42,LUKE,CAMMY,5.068
202602,42,LUKE,GUILE,5.044
202602,42,LUKE,MANON,4.995
202602,42,LUKE,E.HONDA,4.986
202602,42,LUKE,JAMIE,4.952
202602,42,LUKE,GOUKI,4.945
202602,42,LUKE,KIMBERLY,4.936
202602,42,LUKE,RASHID,4.924
202602,42,LUKE,LILY,4.917
202602,42,LUKE,CHUN-LI,4.898
202602,42,LUKE,DHALSIM,4.897
202602,42,LUKE,RYU,4.892
202602,42,LUKE,TERRY,4.862
202602,42,LUKE,ELENA,4.858
202602,42,LUKE,SAGAT,4.815
202602,42,LUKE,VEGA,4.786
202602,42,LUKE,ZANGIEF,4.727
202602,42,LUKE,C.VIPER,4.687
202602,42,LUKE,ED,4.674
202602,42,LUKE,MAI,4.666
202603,42,LUKE,GUILE,5.2
202603,42,LUKE,DEE JAY,5.159
202603,42,LUKE,RASHID,5.157
202603,42,LUKE,JURI,5.129
202603,42,LUKE,BLANKA,5.082
202603,42,LUKE,MARISA,5.076
202603,42,LUKE,JP,5.058
202603,42,LUKE,RYU,5.057
202603,42,LUKE,VEGA,5.053
202603,42,LUKE,A.K.I.,5.023
202603,42,LUKE,ALEX,5.022
202603,42,LUKE,LILY,5.012
202603,42,LUKE,CAMMY,5.01
202603,42,LUKE,JAMIE,5.006
202603,42,LUKE,E.HONDA,5.003
202603,42,LUKE,KEN,4.996
202603,42,LUKE,GOUKI,4.972
202603,42,LUKE,MANON,4.919
202603,42,LUKE,KIMBERLY,4.915
202603,42,LUKE,TERRY,4.902
202603,42,LUKE,ZANGIEF,4.894
202603,42,LUKE,SAGAT,4.863
202603,42,LUKE,MAI,4.816
202603,42,LUKE,C.VIPER,4.756
202603,42,LUKE,DHALSIM,4.739
202603,42,LUKE,ED,4.705
202603,42,LUKE,ELENA,4.69
202603,42,LUKE,CHUN-LI,4.681
202604,42,LUKE,ALEX,5.384
202604,42,LUKE,LILY,5.24
202604,42,LUKE,JURI,5.205
202604,42,LUKE,DEE JAY,5.153
202604,42,LUKE,RASHID,5.135
202604,42,LUKE,VEGA,5.117
202604,42,LUKE,JAMIE,5.098
202604,42,LUKE,JP,5.043
202604,42,LUKE,GUILE,5.031
202604,42,LUKE,MANON,5.03
202604,42,LUKE,KIMBERLY,5.02
202604,42,LUKE,MARISA,4.978
202604,42,LUKE,RYU,4.971
202604,42,LUKE,E.HONDA,4.961
202604,42,LUKE,KEN,4.944
202604,42,LUKE,BLANKA,4.928
202604,42,LUKE,A.K.I.,4.925
202604,42,LUKE,DHALSIM,4.924
202604,42,LUKE,CAMMY,4.896
202604,42,LUKE,GOUKI,4.894
202604,42,LUKE,TERRY,4.894
202604,42,LUKE,SAGAT,4.824
202604,42,LUKE,C.VIPER,4.819
202604,42,LUKE,CHUN-LI,4.784
202604,42,LUKE,ELENA,4.755
202604,42,LUKE,ZANGIEF,4.753
202604,42,LUKE,MAI,4.706
202604,42,LUKE,ED,4.586
202605,42,LUKE,ALEX,5.425
202605,42,LUKE,VEGA,5.306
202605,42,LUKE,JURI,5.211
202605,42,LUKE,KIMBERLY,5.175
202605,42,LUKE,A.K.I.,5.166
202605,42,LUKE,RASHID,5.114
202605,42,LUKE,JAMIE,5.105
202605,42,LUKE,GOUKI,5.056
202605,42,LUKE,LILY,5.054
202605,42,LUKE,TERRY,5.041
202605,42,LUKE,RYU,5.0
202605,42,LUKE,CAMMY,4.981
202605,42,LUKE,JP,4.944
202605,42,LUKE,MANON,4.935
202605,42,LUKE,E.HONDA,4.935
202605,42,LUKE,BLANKA,4.913
202605,42,LUKE,GUILE,4.903
202605,42,LUKE,C.VIPER,4.903
202605,42,LUKE,ELENA,4.873
202605,42,LUKE,CHUN-LI,4.865
202605,42,LUKE,DHALSIM,4.858
202605,42,LUKE,DEE JAY,4.855
202605,42,LUKE,KEN,4.843
202605,42,LUKE,SAGAT,4.82
202605,42,LUKE,MAI,4.769
202605,42,LUKE,ED,4.758
202605,42,LUKE,MARISA,4.745
202605,42,LUKE,ZANGIEF,4.682
202605,42,LUKE,INGRID,4.668
202601,40,MAI,C.VIPER,5.354
202601,40,MAI,GOUKI,5.222
202601,40,MAI,DEE JAY,5.146
202601,40,MAI,E.HONDA,5.141
202601,40,MAI,MANON,5.136
202601,40,MAI,JURI,5.134
202601,40,MAI,LUKE,5.126
202601,40,MAI,SAGAT,5.097
202601,40,MAI,RASHID,5.084
202601,40,MAI,MARISA,5.069
202601,40,MAI,RYU,5.058
202601,40,MAI,TERRY,5.048
202601,40,MAI,KEN,5.046
202601,40,MAI,CHUN-LI,5.039
202601,40,MAI,BLANKA,5.036
202601,40,MAI,ED,5.006
202601,40,MAI,ELENA,4.998
202601,40,MAI,GUILE,4.992
202601,40,MAI,JP,4.953
202601,40,MAI,JAMIE,4.937
202601,40,MAI,ZANGIEF,4.911
202601,40,MAI,CAMMY,4.898
202601,40,MAI,VEGA,4.898
202601,40,MAI,KIMBERLY,4.886
202601,40,MAI,LILY,4.851
202601,40,MAI,A.K.I.,4.791
202601,40,MAI,DHALSIM,4.721
202602,40,MAI,C.VIPER,5.242
202602,40,MAI,GOUKI,5.169
202602,40,MAI,LUKE,5.167
202602,40,MAI,DEE JAY,5.162
202602,40,MAI,MANON,5.156
202602,40,MAI,KEN,5.124
202602,40,MAI,ED,5.11
202602,40,MAI,CHUN-LI,5.091
202602,40,MAI,JURI,5.068
202602,40,MAI,BLANKA,5.068
202602,40,MAI,SAGAT,5.057
202602,40,MAI,TERRY,5.055
202602,40,MAI,E.HONDA,5.046
202602,40,MAI,GUILE,5.039
202602,40,MAI,RYU,5.026
202602,40,MAI,ZANGIEF,5.002
202602,40,MAI,JAMIE,4.998
202602,40,MAI,RASHID,4.971
202602,40,MAI,MARISA,4.97
202602,40,MAI,JP,4.959
202602,40,MAI,CAMMY,4.957
202602,40,MAI,VEGA,4.907
202602,40,MAI,A.K.I.,4.852
202602,40,MAI,ELENA,4.786
202602,40,MAI,KIMBERLY,4.776
202602,40,MAI,LILY,4.726
202602,40,MAI,DHALSIM,4.5
202603,40,MAI,C.VIPER,5.25
202603,40,MAI,MANON,5.129
202603,40,MAI,JURI,5.124
202603,40,MAI,GOUKI,5.081
202603,40,MAI,DEE JAY,5.073
202603,40,MAI,ALEX,5.072
202603,40,MAI,LUKE,5.06
202603,40,MAI,E.HONDA,5.052
202603,40,MAI,SAGAT,5.052
202603,40,MAI,GUILE,5.05
202603,40,MAI,MARISA,5.043
202603,40,MAI,RYU,5.039
202603,40,MAI,TERRY,5.034
202603,40,MAI,JP,5.029
202603,40,MAI,CHUN-LI,5.025
202603,40,MAI,BLANKA,5.018
202603,40,MAI,ED,4.998
202603,40,MAI,ELENA,4.98
202603,40,MAI,KEN,4.977
202603,40,MAI,ZANGIEF,4.956
202603,40,MAI,A.K.I.,4.932
202603,40,MAI,KIMBERLY,4.906
202603,40,MAI,RASHID,4.902
202603,40,MAI,JAMIE,4.892
202603,40,MAI,CAMMY,4.864
202603,40,MAI,VEGA,4.824
202603,40,MAI,LILY,4.731
202603,40,MAI,DHALSIM,4.316
202604,40,MAI,ALEX,5.3
202604,40,MAI,LUKE,5.145
202604,40,MAI,C.VIPER,5.092
202604,40,MAI,MARISA,5.083
202604,40,MAI,KEN,5.075
202604,40,MAI,E.HONDA,5.066
202604,40,MAI,JURI,5.048
202604,40,MAI,GOUKI,5.042
202604,40,MAI,MANON,5.03
202604,40,MAI,ED,5.027
202604,40,MAI,RYU,5.026
202604,40,MAI,GUILE,5.023
202604,40,MAI,DEE JAY,5.015
202604,40,MAI,JP,4.978
202604,40,MAI,TERRY,4.966
202604,40,MAI,A.K.I.,4.944
202604,40,MAI,CAMMY,4.939
202604,40,MAI,BLANKA,4.935
202604,40,MAI,SAGAT,4.929
202604,40,MAI,KIMBERLY,4.9
202604,40,MAI,JAMIE,4.882
202604,40,MAI,ELENA,4.873
202604,40,MAI,DHALSIM,4.867
202604,40,MAI,CHUN-LI,4.866
202604,40,MAI,RASHID,4.813
202604,40,MAI,ZANGIEF,4.75
202604,40,MAI,VEGA,4.732
202604,40,MAI,LILY,4.634
202605,40,MAI,ALEX,5.37
202605,40,MAI,C.VIPER,5.171
202605,40,MAI,MANON,5.167
202605,40,MAI,JURI,5.136
202605,40,MAI,E.HONDA,5.09
202605,40,MAI,LUKE,5.086
202605,40,MAI,MARISA,5.079
202605,40,MAI,GOUKI,5.071
202605,40,MAI,DEE JAY,5.067
202605,40,MAI,RYU,5.055
202605,40,MAI,CAMMY,5.051
202605,40,MAI,BLANKA,5.051
202605,40,MAI,TERRY,5.049
202605,40,MAI,GUILE,4.999
202605,40,MAI,ED,4.996
202605,40,MAI,JP,4.986
202605,40,MAI,CHUN-LI,4.951
202605,40,MAI,KEN,4.945
202605,40,MAI,SAGAT,4.933
202605,40,MAI,KIMBERLY,4.918
202605,40,MAI,ELENA,4.893
202605,40,MAI,JAMIE,4.892
202605,40,MAI,A.K.I.,4.89
202605,40,MAI,VEGA,4.883
202605,40,MAI,ZANGIEF,4.841
202605,40,MAI,RASHID,4.822
202605,40,MAI,LILY,4.8
202605,40,MAI,INGRID,4.685
202605,40,MAI,DHALSIM,4.374
202601,41,MAI,C.VIPER,5.342
202601,41,MAI,JURI,5.31
202601,41,MAI,RASHID,5.227
202601,41,MAI,TERRY,5.205
202601,41,MAI,MANON,5.172
202601,41,MAI,ED,5.156
202601,41,MAI,E.HONDA,5.155
202601,41,MAI,GOUKI,5.105
202601,41,MAI,LUKE,5.102
202601,41,MAI,SAGAT,5.101
202601,41,MAI,RYU,5.1
202601,41,MAI,JP,5.082
202601,41,MAI,LILY,5.05
202601,41,MAI,KEN,5.048
202601,41,MAI,A.K.I.,5.045
202601,41,MAI,CAMMY,5.017
202601,41,MAI,GUILE,5.003
202601,41,MAI,JAMIE,4.98
202601,41,MAI,BLANKA,4.977
202601,41,MAI,DEE JAY,4.975
202601,41,MAI,MARISA,4.913
202601,41,MAI,ELENA,4.907
202601,41,MAI,KIMBERLY,4.884
202601,41,MAI,VEGA,4.873
202601,41,MAI,CHUN-LI,4.866
202601,41,MAI,ZANGIEF,4.793
202601,41,MAI,DHALSIM,4.63
202602,41,MAI,ED,5.401
202602,41,MAI,KEN,5.389
202602,41,MAI,GOUKI,5.381
202602,41,MAI,ELENA,5.301
202602,41,MAI,RASHID,5.297
202602,41,MAI,C.VIPER,5.285
202602,41,MAI,RYU,5.284
202602,41,MAI,LUKE,5.282
202602,41,MAI,MANON,5.187
202602,41,MAI,DEE JAY,5.141
202602,41,MAI,JURI,5.134
202602,41,MAI,MARISA,5.132
202602,41,MAI,SAGAT,5.091
202602,41,MAI,JAMIE,5.089
202602,41,MAI,CHUN-LI,5.074
202602,41,MAI,E.HONDA,5.066
202602,41,MAI,VEGA,5.058
202602,41,MAI,CAMMY,5.05
202602,41,MAI,JP,5.037
202602,41,MAI,TERRY,5.023
202602,41,MAI,A.K.I.,4.966
202602,41,MAI,GUILE,4.909
202602,41,MAI,KIMBERLY,4.899
202602,41,MAI,BLANKA,4.848
202602,41,MAI,ZANGIEF,4.753
202602,41,MAI,LILY,4.748
202602,41,MAI,DHALSIM,4.252
202603,41,MAI,C.VIPER,5.284
202603,41,MAI,JURI,5.259
202603,41,MAI,E.HONDA,5.222
202603,41,MAI,ALEX,5.217
202603,41,MAI,ED,5.207
202603,41,MAI,RYU,5.205
202603,41,MAI,LUKE,5.204
202603,41,MAI,MANON,5.167
202603,41,MAI,KEN,5.133
202603,41,MAI,GUILE,5.123
202603,41,MAI,JP,5.113
202603,41,MAI,A.K.I.,5.087
202603,41,MAI,DEE JAY,5.075
202603,41,MAI,MARISA,5.05
202603,41,MAI,GOUKI,5.04
202603,41,MAI,TERRY,5.037
202603,41,MAI,RASHID,4.997
202603,41,MAI,JAMIE,4.939
202603,41,MAI,CAMMY,4.923
202603,41,MAI,CHUN-LI,4.913
202603,41,MAI,VEGA,4.887
202603,41,MAI,KIMBERLY,4.85
202603,41,MAI,SAGAT,4.834
202603,41,MAI,LILY,4.805
202603,41,MAI,ELENA,4.781
202603,41,MAI,ZANGIEF,4.768
202603,41,MAI,BLANKA,4.754
202603,41,MAI,DHALSIM,4.48
202604,41,MAI,ALEX,5.396
202604,41,MAI,CHUN-LI,5.366
202604,41,MAI,E.HONDA,5.318
202604,41,MAI,ED,5.269
202604,41,MAI,C.VIPER,5.24
202604,41,MAI,LUKE,5.22
202604,41,MAI,DEE JAY,5.213
202604,41,MAI,JURI,5.199
202604,41,MAI,RYU,5.186
202604,41,MAI,TERRY,5.154
202604,41,MAI,JP,5.141
202604,41,MAI,GOUKI,5.124
202604,41,MAI,LILY,5.091
202604,41,MAI,MANON,5.028
202604,41,MAI,KEN,5.016
202604,41,MAI,A.K.I.,5.004
202604,41,MAI,ELENA,4.979
202604,41,MAI,KIMBERLY,4.978
202604,41,MAI,GUILE,4.962
202604,41,MAI,ZANGIEF,4.956
202604,41,MAI,RASHID,4.944
202604,41,MAI,MARISA,4.943
202604,41,MAI,BLANKA,4.943
202604,41,MAI,SAGAT,4.904
202604,41,MAI,CAMMY,4.9
202604,41,MAI,JAMIE,4.886
202604,41,MAI,VEGA,4.817
202604,41,MAI,DHALSIM,4.307
202605,41,MAI,ALEX,5.348
202605,41,MAI,C.VIPER,5.299
202605,41,MAI,RYU,5.238
202605,41,MAI,LUKE,5.23
202605,41,MAI,MANON,5.23
202605,41,MAI,E.HONDA,5.219
202605,41,MAI,GOUKI,5.206
202605,41,MAI,ELENA,5.17
202605,41,MAI,JURI,5.166
202605,41,MAI,ED,5.166
202605,41,MAI,CHUN-LI,5.156
202605,41,MAI,DEE JAY,5.138
202605,41,MAI,JP,5.118
202605,41,MAI,BLANKA,5.115
202605,41,MAI,SAGAT,5.091
202605,41,MAI,KEN,5.089
202605,41,MAI,RASHID,5.075
202605,41,MAI,MARISA,5.063
202605,41,MAI,CAMMY,5.043
202605,41,MAI,TERRY,5.04
202605,41,MAI,VEGA,5.011
202605,41,MAI,A.K.I.,5.002
202605,41,MAI,INGRID,4.965
202605,41,MAI,GUILE,4.868
202605,41,MAI,JAMIE,4.858
202605,41,MAI,KIMBERLY,4.837
202605,41,MAI,ZANGIEF,4.782
202605,41,MAI,LILY,4.538
202605,41,MAI,DHALSIM,4.521
202601,42,MAI,ED,5.389
202601,42,MAI,JURI,5.362
202601,42,MAI,C.VIPER,5.329
202601,42,MAI,RASHID,5.304
202601,42,MAI,LUKE,5.283
202601,42,MAI,KEN,5.203
202601,42,MAI,GOUKI,5.193
202601,42,MAI,GUILE,5.182
202601,42,MAI,CHUN-LI,5.172
202601,42,MAI,MANON,5.169
202601,42,MAI,RYU,5.165
202601,42,MAI,JAMIE,5.154
202601,42,MAI,E.HONDA,5.144
202601,42,MAI,SAGAT,5.127
202601,42,MAI,JP,5.125
202601,42,MAI,ELENA,5.085
202601,42,MAI,DEE JAY,5.08
202601,42,MAI,TERRY,5.063
202601,42,MAI,MARISA,5.061
202601,42,MAI,BLANKA,5.019
202601,42,MAI,VEGA,5.019
202601,42,MAI,CAMMY,5.002
202601,42,MAI,A.K.I.,4.968
202601,42,MAI,KIMBERLY,4.891
202601,42,MAI,LILY,4.877
202601,42,MAI,ZANGIEF,4.673
202601,42,MAI,DHALSIM,4.56
202602,42,MAI,RYU,5.523
202602,42,MAI,KEN,5.338
202602,42,MAI,LUKE,5.299
202602,42,MAI,JP,5.245
202602,42,MAI,MANON,5.237
202602,42,MAI,JAMIE,5.208
202602,42,MAI,ED,5.206
202602,42,MAI,JURI,5.188
202602,42,MAI,ELENA,5.15
202602,42,MAI,E.HONDA,5.098
202602,42,MAI,MARISA,5.09
202602,42,MAI,VEGA,5.073
202602,42,MAI,RASHID,5.069
202602,42,MAI,LILY,5.068
202602,42,MAI,GUILE,5.063
202602,42,MAI,CAMMY,5.055
202602,42,MAI,DEE JAY,5.045
202602,42,MAI,SAGAT,5.043
202602,42,MAI,TERRY,5.027
202602,42,MAI,BLANKA,5.008
202602,42,MAI,GOUKI,4.997
202602,42,MAI,CHUN-LI,4.967
202602,42,MAI,KIMBERLY,4.966
202602,42,MAI,A.K.I.,4.899
202602,42,MAI,C.VIPER,4.879
202602,42,MAI,DHALSIM,4.696
202602,42,MAI,ZANGIEF,4.597
202603,42,MAI,JURI,5.318
202603,42,MAI,MANON,5.312
202603,42,MAI,KEN,5.277
202603,42,MAI,BLANKA,5.27
202603,42,MAI,GOUKI,5.261
202603,42,MAI,TERRY,5.231
202603,42,MAI,ALEX,5.229
202603,42,MAI,DEE JAY,5.201
202603,42,MAI,ED,5.191
202603,42,MAI,VEGA,5.163
202603,42,MAI,LUKE,5.154
202603,42,MAI,RASHID,5.145
202603,42,MAI,RYU,5.127
202603,42,MAI,JP,5.123
202603,42,MAI,GUILE,5.095
202603,42,MAI,JAMIE,5.075
202603,42,MAI,CAMMY,5.072
202603,42,MAI,CHUN-LI,5.059
202603,42,MAI,C.VIPER,5.059
202603,42,MAI,SAGAT,5.031
202603,42,MAI,E.HONDA,5.025
202603,42,MAI,A.K.I.,4.977
202603,42,MAI,MARISA,4.953
202603,42,MAI,ELENA,4.898
202603,42,MAI,KIMBERLY,4.738
202603,42,MAI,LILY,4.691
202603,42,MAI,DHALSIM,4.677
202603,42,MAI,ZANGIEF,4.623
202604,42,MAI,ALEX,5.329
202604,42,MAI,LUKE,5.306
202604,42,MAI,GOUKI,5.29
202604,42,MAI,JURI,5.282
202604,42,MAI,E.HONDA,5.235
202604,42,MAI,KEN,5.196
202604,42,MAI,C.VIPER,5.187
202604,42,MAI,JP,5.185
202604,42,MAI,VEGA,5.168
202604,42,MAI,RASHID,5.152
202604,42,MAI,DEE JAY,5.145
202604,42,MAI,ED,5.126
202604,42,MAI,TERRY,5.105
202604,42,MAI,CAMMY,5.086
202604,42,MAI,A.K.I.,5.066
202604,42,MAI,SAGAT,5.061
202604,42,MAI,BLANKA,5.057
202604,42,MAI,CHUN-LI,5.054
202604,42,MAI,JAMIE,5.052
202604,42,MAI,MANON,5.015
202604,42,MAI,RYU,5.009
202604,42,MAI,MARISA,4.99
202604,42,MAI,ZANGIEF,4.919
202604,42,MAI,GUILE,4.883
202604,42,MAI,KIMBERLY,4.864
202604,42,MAI,ELENA,4.841
202604,42,MAI,LILY,4.831
202604,42,MAI,DHALSIM,4.766
202605,42,MAI,INGRID,5.521
202605,42,MAI,E.HONDA,5.41
202605,42,MAI,JURI,5.39
202605,42,MAI,ALEX,5.364
202605,42,MAI,ED,5.34
202605,42,MAI,KEN,5.292
202605,42,MAI,C.VIPER,5.246
202605,42,MAI,RASHID,5.22
202605,42,MAI,CAMMY,5.206
202605,42,MAI,RYU,5.184
202605,42,MAI,VEGA,5.144
202605,42,MAI,LUKE,5.136
202605,42,MAI,GUILE,5.13
202605,42,MAI,LILY,5.122
202605,42,MAI,MANON,5.116
202605,42,MAI,KIMBERLY,5.093
202605,42,MAI,A.K.I.,5.092
202605,42,MAI,BLANKA,5.088
202605,42,MAI,GOUKI,5.057
202605,42,MAI,JP,5.03
202605,42,MAI,JAMIE,5.023
202605,42,MAI,TERRY,4.955
202605,42,MAI,ZANGIEF,4.949
202605,42,MAI,ELENA,4.947
202605,42,MAI,MARISA,4.925
202605,42,MAI,DEE JAY,4.904
202605,42,MAI,SAGAT,4.893
202605,42,MAI,CHUN-LI,4.849
202605,42,MAI,DHALSIM,4.747
202601,40,MANON,ZANGIEF,5.436
202601,40,MANON,VEGA,5.325
202601,40,MANON,E.HONDA,5.267
202601,40,MANON,CAMMY,5.208
202601,40,MANON,DEE JAY,5.174
202601,40,MANON,C.VIPER,5.162
202601,40,MANON,TERRY,5.152
202601,40,MANON,BLANKA,5.151
202601,40,MANON,RASHID,5.134
202601,40,MANON,A.K.I.,5.079
202601,40,MANON,ELENA,5.024
202601,40,MANON,CHUN-LI,5.019
202601,40,MANON,RYU,5.018
202601,40,MANON,JAMIE,5.007
202601,40,MANON,MARISA,4.969
202601,40,MANON,KEN,4.96
202601,40,MANON,GOUKI,4.947
202601,40,MANON,LILY,4.924
202601,40,MANON,JURI,4.919
202601,40,MANON,MAI,4.916
202601,40,MANON,SAGAT,4.905
202601,40,MANON,LUKE,4.882
202601,40,MANON,KIMBERLY,4.876
202601,40,MANON,JP,4.842
202601,40,MANON,GUILE,4.762
202601,40,MANON,ED,4.646
202601,40,MANON,DHALSIM,4.42
202602,40,MANON,ZANGIEF,5.335
202602,40,MANON,VEGA,5.285
202602,40,MANON,CAMMY,5.199
202602,40,MANON,ELENA,5.177
202602,40,MANON,C.VIPER,5.172
202602,40,MANON,DEE JAY,5.167
202602,40,MANON,TERRY,5.101
202602,40,MANON,E.HONDA,5.078
202602,40,MANON,RASHID,5.073
202602,40,MANON,JURI,5.066
202602,40,MANON,RYU,5.052
202602,40,MANON,JAMIE,5.031
202602,40,MANON,GOUKI,5.021
202602,40,MANON,SAGAT,5.012
202602,40,MANON,MARISA,4.992
202602,40,MANON,GUILE,4.96
202602,40,MANON,LUKE,4.931
202602,40,MANON,KEN,4.902
202602,40,MANON,A.K.I.,4.876
202602,40,MANON,MAI,4.854
202602,40,MANON,LILY,4.825
202602,40,MANON,BLANKA,4.807
202602,40,MANON,JP,4.792
202602,40,MANON,CHUN-LI,4.762
202602,40,MANON,KIMBERLY,4.707
202602,40,MANON,ED,4.566
202602,40,MANON,DHALSIM,4.287
202603,40,MANON,ZANGIEF,5.4
202603,40,MANON,VEGA,5.307
202603,40,MANON,DEE JAY,5.207
202603,40,MANON,CAMMY,5.203
202603,40,MANON,GUILE,5.136
202603,40,MANON,JURI,5.124
202603,40,MANON,RASHID,5.12
202603,40,MANON,TERRY,5.063
202603,40,MANON,ELENA,5.056
202603,40,MANON,RYU,5.054
202603,40,MANON,KIMBERLY,5.052
202603,40,MANON,E.HONDA,5.046
202603,40,MANON,JAMIE,5.044
202603,40,MANON,C.VIPER,5.035
202603,40,MANON,SAGAT,5.033
202603,40,MANON,MARISA,5.018
202603,40,MANON,GOUKI,5.009
202603,40,MANON,ALEX,4.956
202603,40,MANON,BLANKA,4.941
202603,40,MANON,A.K.I.,4.93
202603,40,MANON,MAI,4.896
202603,40,MANON,KEN,4.894
202603,40,MANON,LUKE,4.845
202603,40,MANON,CHUN-LI,4.778
202603,40,MANON,JP,4.755
202603,40,MANON,LILY,4.628
202603,40,MANON,ED,4.574
202603,40,MANON,DHALSIM,4.459
202604,40,MANON,ZANGIEF,5.359
202604,40,MANON,VEGA,5.297
202604,40,MANON,DEE JAY,5.172
202604,40,MANON,TERRY,5.147
202604,40,MANON,GUILE,5.1
202604,40,MANON,E.HONDA,5.087
202604,40,MANON,CAMMY,5.084
202604,40,MANON,RYU,5.044
202604,40,MANON,JURI,5.039
202604,40,MANON,C.VIPER,5.02
202604,40,MANON,KEN,4.991
202604,40,MANON,JAMIE,4.98
202604,40,MANON,ALEX,4.98
202604,40,MANON,A.K.I.,4.974
202604,40,MANON,ELENA,4.959
202604,40,MANON,MAI,4.956
202604,40,MANON,LUKE,4.955
202604,40,MANON,SAGAT,4.955
202604,40,MANON,RASHID,4.923
202604,40,MANON,CHUN-LI,4.918
202604,40,MANON,LILY,4.892
202604,40,MANON,GOUKI,4.858
202604,40,MANON,MARISA,4.853
202604,40,MANON,BLANKA,4.794
202604,40,MANON,ED,4.74
202604,40,MANON,KIMBERLY,4.72
202604,40,MANON,JP,4.627
202604,40,MANON,DHALSIM,4.202
202605,40,MANON,ZANGIEF,5.38
202605,40,MANON,DEE JAY,5.27
202605,40,MANON,VEGA,5.255
202605,40,MANON,E.HONDA,5.157
202605,40,MANON,JURI,5.087
202605,40,MANON,RASHID,5.073
202605,40,MANON,GOUKI,5.069
202605,40,MANON,CAMMY,5.068
202605,40,MANON,JAMIE,5.067
202605,40,MANON,TERRY,5.04
202605,40,MANON,MARISA,5.029
202605,40,MANON,C.VIPER,5.022
202605,40,MANON,BLANKA,4.988
202605,40,MANON,A.K.I.,4.98
202605,40,MANON,RYU,4.972
202605,40,MANON,KIMBERLY,4.954
202605,40,MANON,ELENA,4.946
202605,40,MANON,ALEX,4.914
202605,40,MANON,LUKE,4.913
202605,40,MANON,KEN,4.905
202605,40,MANON,SAGAT,4.878
202605,40,MANON,MAI,4.853
202605,40,MANON,INGRID,4.85
202605,40,MANON,JP,4.845
202605,40,MANON,CHUN-LI,4.81
202605,40,MANON,GUILE,4.807
202605,40,MANON,LILY,4.628
202605,40,MANON,ED,4.523
202605,40,MANON,DHALSIM,4.491
202601,41,MANON,CAMMY,5.309
202601,41,MANON,VEGA,5.232
202601,41,MANON,C.VIPER,5.197
202601,41,MANON,A.K.I.,5.179
202601,41,MANON,E.HONDA,5.174
202601,41,MANON,DEE JAY,5.154
202601,41,MANON,JURI,5.104
202601,41,MANON,JAMIE,5.098
202601,41,MANON,TERRY,5.081
202601,41,MANON,ELENA,5.068
202601,41,MANON,GOUKI,5.061
202601,41,MANON,ZANGIEF,5.06
202601,41,MANON,LUKE,5.051
202601,41,MANON,RYU,5.022
202601,41,MANON,RASHID,5.021
202601,41,MANON,MARISA,5.015
202601,41,MANON,SAGAT,4.993
202601,41,MANON,KEN,4.929
202601,41,MANON,CHUN-LI,4.912
202601,41,MANON,KIMBERLY,4.876
202601,41,MANON,BLANKA,4.86
202601,41,MANON,JP,4.855
202601,41,MANON,MAI,4.848
202601,41,MANON,GUILE,4.833
202601,41,MANON,ED,4.686
202601,41,MANON,LILY,4.666
202601,41,MANON,DHALSIM,4.213
202602,41,MANON,RASHID,5.351
202602,41,MANON,JAMIE,5.232
202602,41,MANON,VEGA,5.193
202602,41,MANON,CAMMY,5.18
202602,41,MANON,C.VIPER,5.14
202602,41,MANON,KIMBERLY,5.1
202602,41,MANON,ZANGIEF,5.09
202602,41,MANON,MARISA,5.069
202602,41,MANON,SAGAT,5.032
202602,41,MANON,JURI,5.028
202602,41,MANON,A.K.I.,5.019
202602,41,MANON,LILY,4.994
202602,41,MANON,GUILE,4.991
202602,41,MANON,ELENA,4.973
202602,41,MANON,TERRY,4.933
202602,41,MANON,JP,4.899
202602,41,MANON,GOUKI,4.877
202602,41,MANON,BLANKA,4.868
202602,41,MANON,LUKE,4.866
202602,41,MANON,MAI,4.828
202602,41,MANON,DEE JAY,4.778
202602,41,MANON,CHUN-LI,4.778
202602,41,MANON,ED,4.765
202602,41,MANON,KEN,4.752
202602,41,MANON,RYU,4.738
202602,41,MANON,E.HONDA,4.68
202602,41,MANON,DHALSIM,4.077
202603,41,MANON,VEGA,5.366
202603,41,MANON,ZANGIEF,5.33
202603,41,MANON,CAMMY,5.229
202603,41,MANON,C.VIPER,5.163
202603,41,MANON,RASHID,5.152
202603,41,MANON,JURI,5.129
202603,41,MANON,TERRY,5.117
202603,41,MANON,ELENA,5.115
202603,41,MANON,JAMIE,5.104
202603,41,MANON,MARISA,5.063
202603,41,MANON,A.K.I.,5.062
202603,41,MANON,KEN,5.019
202603,41,MANON,GUILE,5.007
202603,41,MANON,SAGAT,4.997
202603,41,MANON,LUKE,4.978
202603,41,MANON,E.HONDA,4.942
202603,41,MANON,JP,4.914
202603,41,MANON,RYU,4.908
202603,41,MANON,MAI,4.907
202603,41,MANON,DEE JAY,4.895
202603,41,MANON,GOUKI,4.895
202603,41,MANON,CHUN-LI,4.865
202603,41,MANON,ALEX,4.84
202603,41,MANON,LILY,4.838
202603,41,MANON,KIMBERLY,4.745
202603,41,MANON,DHALSIM,4.711
202603,41,MANON,BLANKA,4.688
202603,41,MANON,ED,4.567
202604,41,MANON,VEGA,5.438
202604,41,MANON,GUILE,5.286
202604,41,MANON,RASHID,5.268
202604,41,MANON,DEE JAY,5.262
202604,41,MANON,ZANGIEF,5.238
202604,41,MANON,ELENA,5.212
202604,41,MANON,CAMMY,5.206
202604,41,MANON,JAMIE,5.172
202604,41,MANON,TERRY,5.141
202604,41,MANON,RYU,5.138
202604,41,MANON,E.HONDA,5.133
202604,41,MANON,SAGAT,5.121
202604,41,MANON,LUKE,5.105
202604,41,MANON,GOUKI,5.075
202604,41,MANON,JURI,5.068
202604,41,MANON,C.VIPER,5.058
202604,41,MANON,CHUN-LI,5.055
202604,41,MANON,LILY,5.032
202604,41,MANON,MARISA,5.012
202604,41,MANON,ALEX,5.011
202604,41,MANON,KEN,4.977
202604,41,MANON,KIMBERLY,4.975
202604,41,MANON,MAI,4.971
202604,41,MANON,A.K.I.,4.964
202604,41,MANON,BLANKA,4.815
202604,41,MANON,JP,4.812
202604,41,MANON,DHALSIM,4.576
202604,41,MANON,ED,4.521
202605,41,MANON,VEGA,5.274
202605,41,MANON,ELENA,5.235
202605,41,MANON,JURI,5.155
202605,41,MANON,CAMMY,5.107
202605,41,MANON,ZANGIEF,5.096
202605,41,MANON,RYU,5.094
202605,41,MANON,RASHID,5.091
202605,41,MANON,TERRY,5.086
202605,41,MANON,MARISA,5.079
202605,41,MANON,LUKE,5.016
202605,41,MANON,GOUKI,5.013
202605,41,MANON,SAGAT,5.004
202605,41,MANON,A.K.I.,4.998
202605,41,MANON,DEE JAY,4.981
202605,41,MANON,C.VIPER,4.979
202605,41,MANON,ALEX,4.97
202605,41,MANON,JAMIE,4.929
202605,41,MANON,E.HONDA,4.913
202605,41,MANON,JP,4.87
202605,41,MANON,BLANKA,4.863
202605,41,MANON,GUILE,4.855
202605,41,MANON,KIMBERLY,4.842
202605,41,MANON,MAI,4.774
202605,41,MANON,INGRID,4.746
202605,41,MANON,CHUN-LI,4.695
202605,41,MANON,ED,4.674
202605,41,MANON,KEN,4.616
202605,41,MANON,LILY,4.49
202605,41,MANON,DHALSIM,4.216
202601,42,MANON,ZANGIEF,5.256
202601,42,MANON,RASHID,5.245
202601,42,MANON,VEGA,5.241
202601,42,MANON,CAMMY,5.197
202601,42,MANON,DEE JAY,5.17
202601,42,MANON,KIMBERLY,5.079
202601,42,MANON,JURI,5.068
202601,42,MANON,TERRY,5.019
202601,42,MANON,GOUKI,4.975
202601,42,MANON,C.VIPER,4.971
202601,42,MANON,JP,4.969
202601,42,MANON,JAMIE,4.962
202601,42,MANON,GUILE,4.96
202601,42,MANON,LUKE,4.944
202601,42,MANON,SAGAT,4.942
202601,42,MANON,MARISA,4.922
202601,42,MANON,KEN,4.913
202601,42,MANON,A.K.I.,4.895
202601,42,MANON,BLANKA,4.888
202601,42,MANON,MAI,4.868
202601,42,MANON,RYU,4.845
202601,42,MANON,ELENA,4.81
202601,42,MANON,E.HONDA,4.785
202601,42,MANON,CHUN-LI,4.761
202601,42,MANON,LILY,4.706
202601,42,MANON,ED,4.615
202601,42,MANON,DHALSIM,4.527
202602,42,MANON,GUILE,5.376
202602,42,MANON,JAMIE,5.226
202602,42,MANON,A.K.I.,5.199
202602,42,MANON,C.VIPER,5.179
202602,42,MANON,GOUKI,5.138
202602,42,MANON,MARISA,5.075
202602,42,MANON,JURI,5.06
202602,42,MANON,RASHID,5.051
202602,42,MANON,KIMBERLY,5.043
202602,42,MANON,LILY,5.027
202602,42,MANON,DEE JAY,5.023
202602,42,MANON,RYU,4.996
202602,42,MANON,VEGA,4.947
202602,42,MANON,JP,4.934
202602,42,MANON,BLANKA,4.926
202602,42,MANON,CHUN-LI,4.918
202602,42,MANON,TERRY,4.905
202602,42,MANON,CAMMY,4.9
202602,42,MANON,SAGAT,4.864
202602,42,MANON,LUKE,4.857
202602,42,MANON,ZANGIEF,4.851
202602,42,MANON,E.HONDA,4.825
202602,42,MANON,KEN,4.81
202602,42,MANON,MAI,4.766
202602,42,MANON,ED,4.742
202602,42,MANON,ELENA,4.598
202602,42,MANON,DHALSIM,4.578
202603,42,MANON,RASHID,5.236
202603,42,MANON,CAMMY,5.196
202603,42,MANON,JAMIE,5.127
202603,42,MANON,DEE JAY,5.089
202603,42,MANON,VEGA,5.089
202603,42,MANON,MARISA,5.081
202603,42,MANON,LUKE,5.029
202603,42,MANON,ZANGIEF,5.02
202603,42,MANON,JURI,4.988
202603,42,MANON,TERRY,4.985
202603,42,MANON,C.VIPER,4.976
202603,42,MANON,KIMBERLY,4.939
202603,42,MANON,E.HONDA,4.928
202603,42,MANON,GUILE,4.925
202603,42,MANON,A.K.I.,4.866
202603,42,MANON,RYU,4.859
202603,42,MANON,SAGAT,4.853
202603,42,MANON,GOUKI,4.84
202603,42,MANON,JP,4.803
202603,42,MANON,KEN,4.802
202603,42,MANON,ELENA,4.731
202603,42,MANON,ALEX,4.73
202603,42,MANON,BLANKA,4.729
202603,42,MANON,MAI,4.706
202603,42,MANON,ED,4.703
202603,42,MANON,CHUN-LI,4.686
202603,42,MANON,LILY,4.583
202603,42,MANON,DHALSIM,4.413
202604,42,MANON,ZANGIEF,5.319
202604,42,MANON,VEGA,5.262
202604,42,MANON,CAMMY,5.244
202604,42,MANON,RASHID,5.225
202604,42,MANON,DEE JAY,5.149
202604,42,MANON,GUILE,5.064
202604,42,MANON,C.VIPER,5.029
202604,42,MANON,BLANKA,5.014
202604,42,MANON,LILY,5.008
202604,42,MANON,JURI,5.001
202604,42,MANON,MAI,4.957
202604,42,MANON,TERRY,4.939
202604,42,MANON,GOUKI,4.932
202604,42,MANON,RYU,4.931
202604,42,MANON,E.HONDA,4.93
202604,42,MANON,A.K.I.,4.924
202604,42,MANON,LUKE,4.915
202604,42,MANON,SAGAT,4.914
202604,42,MANON,MARISA,4.905
202604,42,MANON,JP,4.875
202604,42,MANON,JAMIE,4.862
202604,42,MANON,ALEX,4.848
202604,42,MANON,KIMBERLY,4.745
202604,42,MANON,KEN,4.743
202604,42,MANON,CHUN-LI,4.73
202604,42,MANON,DHALSIM,4.724
202604,42,MANON,ELENA,4.683
202604,42,MANON,ED,4.653
202605,42,MANON,VEGA,5.251
202605,42,MANON,ZANGIEF,5.235
202605,42,MANON,CAMMY,5.196
202605,42,MANON,KIMBERLY,5.185
202605,42,MANON,E.HONDA,5.153
202605,42,MANON,LUKE,5.106
202605,42,MANON,INGRID,5.074
202605,42,MANON,JAMIE,5.055
202605,42,MANON,BLANKA,5.035
202605,42,MANON,JURI,5.004
202605,42,MANON,RYU,4.971
202605,42,MANON,A.K.I.,4.961
202605,42,MANON,MARISA,4.951
202605,42,MANON,DEE JAY,4.943
202605,42,MANON,ELENA,4.932
202605,42,MANON,C.VIPER,4.916
202605,42,MANON,GOUKI,4.905
202605,42,MANON,SAGAT,4.9
202605,42,MANON,RASHID,4.855
202605,42,MANON,MAI,4.826
202605,42,MANON,CHUN-LI,4.805
202605,42,MANON,JP,4.792
202605,42,MANON,ED,4.733
202605,42,MANON,GUILE,4.676
202605,42,MANON,TERRY,4.654
202605,42,MANON,KEN,4.65
202605,42,MANON,ALEX,4.559
202605,42,MANON,LILY,4.52
202605,42,MANON,DHALSIM,4.21
202601,40,MARISA,GUILE,5.594
202601,40,MARISA,DEE JAY,5.521
202601,40,MARISA,E.HONDA,5.373
202601,40,MARISA,CAMMY,5.306
202601,40,MARISA,GOUKI,5.216
202601,40,MARISA,VEGA,5.192
202601,40,MARISA,SAGAT,5.157
202601,40,MARISA,CHUN-LI,5.093
202601,40,MARISA,LUKE,5.081
202601,40,MARISA,ZANGIEF,5.075
202601,40,MARISA,ELENA,5.064
202601,40,MARISA,MANON,5.061
202601,40,MARISA,JAMIE,4.965
202601,40,MARISA,RYU,4.929
202601,40,MARISA,MAI,4.923
202601,40,MARISA,TERRY,4.886
202601,40,MARISA,KEN,4.863
202601,40,MARISA,JURI,4.836
202601,40,MARISA,C.VIPER,4.825
202601,40,MARISA,A.K.I.,4.811
202601,40,MARISA,RASHID,4.796
202601,40,MARISA,LILY,4.787
202601,40,MARISA,ED,4.764
202601,40,MARISA,KIMBERLY,4.75
202601,40,MARISA,BLANKA,4.588
202601,40,MARISA,JP,4.574
202601,40,MARISA,DHALSIM,4.12
202602,40,MARISA,GUILE,5.731
202602,40,MARISA,DEE JAY,5.421
202602,40,MARISA,CAMMY,5.34
202602,40,MARISA,GOUKI,5.28
202602,40,MARISA,SAGAT,5.242
202602,40,MARISA,CHUN-LI,5.226
202602,40,MARISA,ELENA,5.209
202602,40,MARISA,E.HONDA,5.172
202602,40,MARISA,ZANGIEF,5.17
202602,40,MARISA,VEGA,5.154
202602,40,MARISA,LUKE,5.113
202602,40,MARISA,RYU,5.078
202602,40,MARISA,JAMIE,5.064
202602,40,MARISA,C.VIPER,5.054
202602,40,MARISA,MAI,5.019
202602,40,MARISA,MANON,5.006
202602,40,MARISA,KEN,4.972
202602,40,MARISA,A.K.I.,4.964
202602,40,MARISA,TERRY,4.955
202602,40,MARISA,JURI,4.854
202602,40,MARISA,ED,4.854
202602,40,MARISA,JP,4.81
202602,40,MARISA,LILY,4.769
202602,40,MARISA,RASHID,4.767
202602,40,MARISA,KIMBERLY,4.724
202602,40,MARISA,BLANKA,4.695
202602,40,MARISA,DHALSIM,4.084
202603,40,MARISA,GUILE,5.516
202603,40,MARISA,DEE JAY,5.346
202603,40,MARISA,GOUKI,5.233
202603,40,MARISA,CAMMY,5.226
202603,40,MARISA,ELENA,5.221
202603,40,MARISA,ZANGIEF,5.177
202603,40,MARISA,SAGAT,5.147
202603,40,MARISA,RYU,5.102
202603,40,MARISA,VEGA,5.01
202603,40,MARISA,JAMIE,5.004
202603,40,MARISA,TERRY,4.987
202603,40,MARISA,LUKE,4.983
202603,40,MARISA,KEN,4.97
202603,40,MARISA,MAI,4.97
202603,40,MARISA,ALEX,4.948
202603,40,MARISA,E.HONDA,4.943
202603,40,MARISA,CHUN-LI,4.938
202603,40,MARISA,MANON,4.905
202603,40,MARISA,C.VIPER,4.892
202603,40,MARISA,A.K.I.,4.849
202603,40,MARISA,KIMBERLY,4.837
202603,40,MARISA,RASHID,4.828
202603,40,MARISA,BLANKA,4.804
202603,40,MARISA,ED,4.794
202603,40,MARISA,JURI,4.793
202603,40,MARISA,LILY,4.74
202603,40,MARISA,JP,4.685
202603,40,MARISA,DHALSIM,4.289
202604,40,MARISA,GUILE,5.492
202604,40,MARISA,DEE JAY,5.463
202604,40,MARISA,CAMMY,5.361
202604,40,MARISA,ZANGIEF,5.339
202604,40,MARISA,SAGAT,5.197
202604,40,MARISA,E.HONDA,5.16
202604,40,MARISA,MANON,5.133
202604,40,MARISA,ALEX,5.102
202604,40,MARISA,CHUN-LI,5.082
202604,40,MARISA,GOUKI,5.062
202604,40,MARISA,ELENA,5.06
202604,40,MARISA,VEGA,5.048
202604,40,MARISA,JAMIE,5.041
202604,40,MARISA,LUKE,5.009
202604,40,MARISA,TERRY,4.987
202604,40,MARISA,MAI,4.985
202604,40,MARISA,RASHID,4.966
202604,40,MARISA,A.K.I.,4.956
202604,40,MARISA,RYU,4.94
202604,40,MARISA,ED,4.881
202604,40,MARISA,KEN,4.843
202604,40,MARISA,BLANKA,4.826
202604,40,MARISA,JURI,4.81
202604,40,MARISA,KIMBERLY,4.787
202604,40,MARISA,C.VIPER,4.758
202604,40,MARISA,LILY,4.698
202604,40,MARISA,JP,4.68
202604,40,MARISA,DHALSIM,4.165
202605,40,MARISA,GUILE,5.483
202605,40,MARISA,DEE JAY,5.415
202605,40,MARISA,ZANGIEF,5.299
202605,40,MARISA,GOUKI,5.249
202605,40,MARISA,CHUN-LI,5.204
202605,40,MARISA,ALEX,5.204
202605,40,MARISA,VEGA,5.18
202605,40,MARISA,CAMMY,5.173
202605,40,MARISA,LUKE,5.13
202605,40,MARISA,SAGAT,5.1
202605,40,MARISA,RYU,5.078
202605,40,MARISA,JAMIE,5.039
202605,40,MARISA,ELENA,5.03
202605,40,MARISA,TERRY,5.007
202605,40,MARISA,E.HONDA,4.994
202605,40,MARISA,MANON,4.989
202605,40,MARISA,RASHID,4.975
202605,40,MARISA,ED,4.938
202605,40,MARISA,KEN,4.911
202605,40,MARISA,MAI,4.908
202605,40,MARISA,C.VIPER,4.898
202605,40,MARISA,A.K.I.,4.896
202605,40,MARISA,JURI,4.891
202605,40,MARISA,LILY,4.847
202605,40,MARISA,KIMBERLY,4.838
202605,40,MARISA,BLANKA,4.671
202605,40,MARISA,JP,4.653
202605,40,MARISA,INGRID,4.561
202605,40,MARISA,DHALSIM,4.224
202601,41,MARISA,GUILE,5.56
202601,41,MARISA,DEE JAY,5.558
202601,41,MARISA,LUKE,5.243
202601,41,MARISA,CAMMY,5.232
202601,41,MARISA,SAGAT,5.211
202601,41,MARISA,JAMIE,5.197
202601,41,MARISA,CHUN-LI,5.192
202601,41,MARISA,ZANGIEF,5.19
202601,41,MARISA,GOUKI,5.182
202601,41,MARISA,E.HONDA,5.162
202601,41,MARISA,MAI,5.145
202601,41,MARISA,VEGA,5.078
202601,41,MARISA,ELENA,5.056
202601,41,MARISA,A.K.I.,5.039
202601,41,MARISA,RYU,5.019
202601,41,MARISA,MANON,5.017
202601,41,MARISA,TERRY,4.996
202601,41,MARISA,C.VIPER,4.931
202601,41,MARISA,KEN,4.926
202601,41,MARISA,RASHID,4.862
202601,41,MARISA,JURI,4.809
202601,41,MARISA,ED,4.788
202601,41,MARISA,JP,4.704
202601,41,MARISA,BLANKA,4.683
202601,41,MARISA,KIMBERLY,4.677
202601,41,MARISA,LILY,4.563
202601,41,MARISA,DHALSIM,4.23
202602,41,MARISA,GUILE,5.61
202602,41,MARISA,CAMMY,5.472
202602,41,MARISA,DEE JAY,5.312
202602,41,MARISA,GOUKI,5.247
202602,41,MARISA,SAGAT,5.188
202602,41,MARISA,RYU,5.141
202602,41,MARISA,LUKE,5.113
202602,41,MARISA,ZANGIEF,5.095
202602,41,MARISA,CHUN-LI,5.084
202602,41,MARISA,E.HONDA,5.07
202602,41,MARISA,ELENA,5.058
202602,41,MARISA,VEGA,5.057
202602,41,MARISA,KEN,4.976
202602,41,MARISA,A.K.I.,4.973
202602,41,MARISA,JAMIE,4.96
202602,41,MARISA,TERRY,4.958
202602,41,MARISA,MAI,4.917
202602,41,MARISA,C.VIPER,4.917
202602,41,MARISA,JURI,4.871
202602,41,MARISA,JP,4.865
202602,41,MARISA,KIMBERLY,4.857
202602,41,MARISA,MANON,4.84
202602,41,MARISA,RASHID,4.777
202602,41,MARISA,BLANKA,4.774
202602,41,MARISA,ED,4.757
202602,41,MARISA,LILY,4.562
202602,41,MARISA,DHALSIM,4.484
202603,41,MARISA,GUILE,5.706
202603,41,MARISA,DEE JAY,5.472
202603,41,MARISA,CAMMY,5.301
202603,41,MARISA,VEGA,5.257
202603,41,MARISA,E.HONDA,5.233
202603,41,MARISA,GOUKI,5.186
202603,41,MARISA,SAGAT,5.172
202603,41,MARISA,ZANGIEF,5.138
202603,41,MARISA,JAMIE,5.08
202603,41,MARISA,LUKE,5.036
202603,41,MARISA,A.K.I.,5.012
202603,41,MARISA,RYU,5.0
202603,41,MARISA,CHUN-LI,4.98
202603,41,MARISA,ELENA,4.974
202603,41,MARISA,RASHID,4.951
202603,41,MARISA,KIMBERLY,4.949
202603,41,MARISA,TERRY,4.935
202603,41,MARISA,MAI,4.909
202603,41,MARISA,MANON,4.908
202603,41,MARISA,KEN,4.895
202603,41,MARISA,ALEX,4.856
202603,41,MARISA,LILY,4.848
202603,41,MARISA,C.VIPER,4.84
202603,41,MARISA,JURI,4.834
202603,41,MARISA,JP,4.792
202603,41,MARISA,ED,4.611
202603,41,MARISA,BLANKA,4.587
202603,41,MARISA,DHALSIM,4.362
202604,41,MARISA,GUILE,5.745
202604,41,MARISA,DEE JAY,5.321
202604,41,MARISA,ELENA,5.307
202604,41,MARISA,CHUN-LI,5.149
202604,41,MARISA,SAGAT,5.137
202604,41,MARISA,LUKE,5.135
202604,41,MARISA,CAMMY,5.133
202604,41,MARISA,RYU,5.133
202604,41,MARISA,ALEX,5.124
202604,41,MARISA,VEGA,5.122
202604,41,MARISA,GOUKI,5.109
202604,41,MARISA,JAMIE,5.099
202604,41,MARISA,KIMBERLY,5.08
202604,41,MARISA,ZANGIEF,5.075
202604,41,MARISA,C.VIPER,5.059
202604,41,MARISA,A.K.I.,5.013
202604,41,MARISA,MANON,4.983
202604,41,MARISA,MAI,4.965
202604,41,MARISA,E.HONDA,4.948
202604,41,MARISA,TERRY,4.86
202604,41,MARISA,KEN,4.83
202604,41,MARISA,ED,4.826
202604,41,MARISA,LILY,4.816
202604,41,MARISA,BLANKA,4.793
202604,41,MARISA,JP,4.792
202604,41,MARISA,JURI,4.786
202604,41,MARISA,RASHID,4.697
202604,41,MARISA,DHALSIM,4.13
202605,41,MARISA,DEE JAY,5.349
202605,41,MARISA,RYU,5.342
202605,41,MARISA,CAMMY,5.317
202605,41,MARISA,GOUKI,5.295
202605,41,MARISA,GUILE,5.287
202605,41,MARISA,ZANGIEF,5.267
202605,41,MARISA,ALEX,5.201
202605,41,MARISA,CHUN-LI,5.168
202605,41,MARISA,ELENA,5.135
202605,41,MARISA,JAMIE,5.108
202605,41,MARISA,LUKE,5.056
202605,41,MARISA,TERRY,5.025
202605,41,MARISA,MANON,4.985
202605,41,MARISA,MAI,4.964
202605,41,MARISA,SAGAT,4.96
202605,41,MARISA,A.K.I.,4.938
202605,41,MARISA,C.VIPER,4.933
202605,41,MARISA,ED,4.88
202605,41,MARISA,VEGA,4.879
202605,41,MARISA,E.HONDA,4.858
202605,41,MARISA,RASHID,4.803
202605,41,MARISA,KEN,4.775
202605,41,MARISA,KIMBERLY,4.75
202605,41,MARISA,JURI,4.692
202605,41,MARISA,JP,4.681
202605,41,MARISA,LILY,4.619
202605,41,MARISA,BLANKA,4.408
202605,41,MARISA,INGRID,4.4
202605,41,MARISA,DHALSIM,4.079
202601,42,MARISA,GUILE,5.613
202601,42,MARISA,CAMMY,5.301
202601,42,MARISA,ZANGIEF,5.278
202601,42,MARISA,DEE JAY,5.27
202601,42,MARISA,CHUN-LI,5.23
202601,42,MARISA,E.HONDA,5.201
202601,42,MARISA,RYU,5.193
202601,42,MARISA,JAMIE,5.155
202601,42,MARISA,SAGAT,5.153
202601,42,MARISA,GOUKI,5.149
202601,42,MARISA,MANON,5.092
202601,42,MARISA,ELENA,5.036
202601,42,MARISA,TERRY,4.995
202601,42,MARISA,KIMBERLY,4.968
202601,42,MARISA,RASHID,4.957
202601,42,MARISA,MAI,4.939
202601,42,MARISA,LUKE,4.933
202601,42,MARISA,VEGA,4.919
202601,42,MARISA,A.K.I.,4.895
202601,42,MARISA,KEN,4.885
202601,42,MARISA,LILY,4.793
202601,42,MARISA,BLANKA,4.754
202601,42,MARISA,C.VIPER,4.754
202601,42,MARISA,ED,4.734
202601,42,MARISA,JURI,4.733
202601,42,MARISA,JP,4.693
202601,42,MARISA,DHALSIM,4.524
202602,42,MARISA,GUILE,5.924
202602,42,MARISA,ZANGIEF,5.222
202602,42,MARISA,DEE JAY,5.161
202602,42,MARISA,E.HONDA,5.151
202602,42,MARISA,GOUKI,5.14
202602,42,MARISA,SAGAT,5.107
202602,42,MARISA,CAMMY,5.068
202602,42,MARISA,CHUN-LI,5.061
202602,42,MARISA,KEN,5.028
202602,42,MARISA,C.VIPER,5.023
202602,42,MARISA,RYU,4.991
202602,42,MARISA,ELENA,4.988
202602,42,MARISA,MANON,4.976
202602,42,MARISA,RASHID,4.954
202602,42,MARISA,BLANKA,4.921
202602,42,MARISA,KIMBERLY,4.919
202602,42,MARISA,LUKE,4.911
202602,42,MARISA,A.K.I.,4.905
202602,42,MARISA,MAI,4.867
202602,42,MARISA,ED,4.821
202602,42,MARISA,TERRY,4.819
202602,42,MARISA,VEGA,4.813
202602,42,MARISA,JAMIE,4.766
202602,42,MARISA,JP,4.752
202602,42,MARISA,LILY,4.69
202602,42,MARISA,JURI,4.571
202602,42,MARISA,DHALSIM,4.126
202603,42,MARISA,GUILE,5.485
202603,42,MARISA,DEE JAY,5.408
202603,42,MARISA,CAMMY,5.259
202603,42,MARISA,A.K.I.,5.149
202603,42,MARISA,RYU,5.115
202603,42,MARISA,CHUN-LI,5.109
202603,42,MARISA,ELENA,5.105
202603,42,MARISA,E.HONDA,5.102
202603,42,MARISA,ZANGIEF,5.101
202603,42,MARISA,TERRY,5.089
202603,42,MARISA,GOUKI,5.086
202603,42,MARISA,JAMIE,5.063
202603,42,MARISA,MAI,5.06
202603,42,MARISA,KIMBERLY,5.056
202603,42,MARISA,SAGAT,5.05
202603,42,MARISA,ALEX,5.049
202603,42,MARISA,RASHID,5.0
202603,42,MARISA,ED,4.932
202603,42,MARISA,C.VIPER,4.904
202603,42,MARISA,VEGA,4.901
202603,42,MARISA,LUKE,4.899
202603,42,MARISA,MANON,4.899
202603,42,MARISA,BLANKA,4.822
202603,42,MARISA,KEN,4.772
202603,42,MARISA,JURI,4.75
202603,42,MARISA,JP,4.745
202603,42,MARISA,LILY,4.595
202603,42,MARISA,DHALSIM,4.369
202604,42,MARISA,GUILE,5.507
202604,42,MARISA,DEE JAY,5.398
202604,42,MARISA,CHUN-LI,5.285
202604,42,MARISA,CAMMY,5.213
202604,42,MARISA,JAMIE,5.156
202604,42,MARISA,GOUKI,5.134
202604,42,MARISA,ALEX,5.127
202604,42,MARISA,TERRY,5.073
202604,42,MARISA,RYU,5.072
202604,42,MARISA,MANON,5.033
202604,42,MARISA,ZANGIEF,5.024
202604,42,MARISA,SAGAT,5.012
202604,42,MARISA,MAI,5.01
202604,42,MARISA,KIMBERLY,5.005
202604,42,MARISA,ELENA,5.004
202604,42,MARISA,LUKE,4.996
202604,42,MARISA,RASHID,4.906
202604,42,MARISA,A.K.I.,4.861
202604,42,MARISA,VEGA,4.857
202604,42,MARISA,JP,4.818
202604,42,MARISA,BLANKA,4.818
202604,42,MARISA,E.HONDA,4.804
202604,42,MARISA,KEN,4.789
202604,42,MARISA,C.VIPER,4.75
202604,42,MARISA,ED,4.624
202604,42,MARISA,LILY,4.607
202604,42,MARISA,JURI,4.607
202604,42,MARISA,DHALSIM,4.44
202605,42,MARISA,GUILE,5.691
202605,42,MARISA,A.K.I.,5.298
202605,42,MARISA,ALEX,5.294
202605,42,MARISA,JAMIE,5.279
202605,42,MARISA,LUKE,5.23
202605,42,MARISA,TERRY,5.206
202605,42,MARISA,ZANGIEF,5.173
202605,42,MARISA,RYU,5.171
202605,42,MARISA,CAMMY,5.16
202605,42,MARISA,DEE JAY,5.106
202605,42,MARISA,E.HONDA,5.1
202605,42,MARISA,GOUKI,5.092
202605,42,MARISA,MAI,5.068
202605,42,MARISA,C.VIPER,5.057
202605,42,MARISA,KEN,5.014
202605,42,MARISA,KIMBERLY,5.003
202605,42,MARISA,BLANKA,4.941
202605,42,MARISA,ELENA,4.905
202605,42,MARISA,LILY,4.902
202605,42,MARISA,SAGAT,4.879
202605,42,MARISA,JURI,4.831
202605,42,MARISA,CHUN-LI,4.818
202605,42,MARISA,MANON,4.744
202605,42,MARISA,VEGA,4.719
202605,42,MARISA,ED,4.69
202605,42,MARISA,RASHID,4.689
202605,42,MARISA,DHALSIM,4.603
202605,42,MARISA,INGRID,4.592
202605,42,MARISA,JP,4.567
202601,40,RASHID,DHALSIM,5.561
202601,40,RASHID,ED,5.356
202601,40,RASHID,JURI,5.214
202601,40,RASHID,MARISA,5.2
202601,40,RASHID,LILY,5.166
202601,40,RASHID,C.VIPER,5.159
202601,40,RASHID,KIMBERLY,5.152
202601,40,RASHID,RYU,5.11
202601,40,RASHID,JAMIE,5.108
202601,40,RASHID,GOUKI,5.085
202601,40,RASHID,JP,5.08
202601,40,RASHID,ZANGIEF,5.069
202601,40,RASHID,BLANKA,5.037
202601,40,RASHID,GUILE,5.035
202601,40,RASHID,TERRY,5.026
202601,40,RASHID,MAI,4.939
202601,40,RASHID,ELENA,4.917
202601,40,RASHID,CHUN-LI,4.897
202601,40,RASHID,MANON,4.881
202601,40,RASHID,SAGAT,4.865
202601,40,RASHID,KEN,4.837
202601,40,RASHID,A.K.I.,4.836
202601,40,RASHID,VEGA,4.836
202601,40,RASHID,DEE JAY,4.825
202601,40,RASHID,LUKE,4.821
202601,40,RASHID,CAMMY,4.767
202601,40,RASHID,E.HONDA,4.748
202602,40,RASHID,DHALSIM,5.839
202602,40,RASHID,LILY,5.377
202602,40,RASHID,KIMBERLY,5.225
202602,40,RASHID,ED,5.216
202602,40,RASHID,GOUKI,5.213
202602,40,RASHID,MARISA,5.198
202602,40,RASHID,JURI,5.182
202602,40,RASHID,BLANKA,5.163
202602,40,RASHID,C.VIPER,5.142
202602,40,RASHID,GUILE,5.095
202602,40,RASHID,TERRY,5.082
202602,40,RASHID,MAI,5.079
202602,40,RASHID,JAMIE,5.06
202602,40,RASHID,JP,5.055
202602,40,RASHID,ZANGIEF,5.036
202602,40,RASHID,CHUN-LI,5.0
202602,40,RASHID,A.K.I.,4.988
202602,40,RASHID,SAGAT,4.963
202602,40,RASHID,KEN,4.919
202602,40,RASHID,ELENA,4.912
202602,40,RASHID,E.HONDA,4.911
202602,40,RASHID,VEGA,4.902
202602,40,RASHID,RYU,4.889
202602,40,RASHID,DEE JAY,4.88
202602,40,RASHID,MANON,4.878
202602,40,RASHID,LUKE,4.824
202602,40,RASHID,CAMMY,4.819
202603,40,RASHID,DHALSIM,5.66
202603,40,RASHID,BLANKA,5.381
202603,40,RASHID,LILY,5.331
202603,40,RASHID,ED,5.314
202603,40,RASHID,KIMBERLY,5.259
202603,40,RASHID,ZANGIEF,5.241
202603,40,RASHID,MARISA,5.223
202603,40,RASHID,GUILE,5.194
202603,40,RASHID,JURI,5.191
202603,40,RASHID,C.VIPER,5.188
202603,40,RASHID,JP,5.148
202603,40,RASHID,MAI,5.145
202603,40,RASHID,GOUKI,5.111
202603,40,RASHID,SAGAT,5.039
202603,40,RASHID,KEN,5.002
202603,40,RASHID,CHUN-LI,4.982
202603,40,RASHID,ALEX,4.973
202603,40,RASHID,TERRY,4.971
202603,40,RASHID,E.HONDA,4.955
202603,40,RASHID,CAMMY,4.913
202603,40,RASHID,RYU,4.907
202603,40,RASHID,MANON,4.886
202603,40,RASHID,DEE JAY,4.885
202603,40,RASHID,A.K.I.,4.864
202603,40,RASHID,JAMIE,4.854
202603,40,RASHID,ELENA,4.853
202603,40,RASHID,LUKE,4.831
202603,40,RASHID,VEGA,4.754
202604,40,RASHID,DHALSIM,5.704
202604,40,RASHID,LILY,5.293
202604,40,RASHID,JP,5.228
202604,40,RASHID,ED,5.227
202604,40,RASHID,JURI,5.224
202604,40,RASHID,C.VIPER,5.191
202604,40,RASHID,ZANGIEF,5.147
202604,40,RASHID,GOUKI,5.142
202604,40,RASHID,MAI,5.119
202604,40,RASHID,JAMIE,5.105
202604,40,RASHID,GUILE,5.101
202604,40,RASHID,KIMBERLY,5.099
202604,40,RASHID,ALEX,5.095
202604,40,RASHID,MANON,5.081
202604,40,RASHID,MARISA,5.079
202604,40,RASHID,BLANKA,5.076
202604,40,RASHID,RYU,5.048
202604,40,RASHID,SAGAT,5.035
202604,40,RASHID,TERRY,5.023
202604,40,RASHID,DEE JAY,5.022
202604,40,RASHID,CHUN-LI,5.018
202604,40,RASHID,ELENA,4.958
202604,40,RASHID,E.HONDA,4.857
202604,40,RASHID,LUKE,4.828
202604,40,RASHID,CAMMY,4.802
202604,40,RASHID,A.K.I.,4.794
202604,40,RASHID,KEN,4.785
202604,40,RASHID,VEGA,4.723
202605,40,RASHID,DHALSIM,5.797
202605,40,RASHID,ED,5.292
202605,40,RASHID,KIMBERLY,5.291
202605,40,RASHID,LILY,5.225
202605,40,RASHID,ALEX,5.216
202605,40,RASHID,TERRY,5.176
202605,40,RASHID,JURI,5.173
202605,40,RASHID,CHUN-LI,5.173
202605,40,RASHID,BLANKA,5.15
202605,40,RASHID,MAI,5.109
202605,40,RASHID,JP,5.086
202605,40,RASHID,ZANGIEF,5.083
202605,40,RASHID,RYU,5.072
202605,40,RASHID,GUILE,5.066
202605,40,RASHID,C.VIPER,5.062
202605,40,RASHID,GOUKI,5.06
202605,40,RASHID,JAMIE,5.054
202605,40,RASHID,MARISA,5.032
202605,40,RASHID,A.K.I.,5.023
202605,40,RASHID,ELENA,5.018
202605,40,RASHID,MANON,4.97
202605,40,RASHID,KEN,4.962
202605,40,RASHID,SAGAT,4.957
202605,40,RASHID,CAMMY,4.933
202605,40,RASHID,LUKE,4.907
202605,40,RASHID,DEE JAY,4.884
202605,40,RASHID,E.HONDA,4.826
202605,40,RASHID,VEGA,4.783
202605,40,RASHID,INGRID,4.41
202601,41,RASHID,DHALSIM,5.842
202601,41,RASHID,GUILE,5.408
202601,41,RASHID,LILY,5.289
202601,41,RASHID,JURI,5.28
202601,41,RASHID,BLANKA,5.191
202601,41,RASHID,KIMBERLY,5.185
202601,41,RASHID,ZANGIEF,5.162
202601,41,RASHID,E.HONDA,5.131
202601,41,RASHID,MARISA,5.127
202601,41,RASHID,GOUKI,5.076
202601,41,RASHID,ED,5.067
202601,41,RASHID,JP,5.028
202601,41,RASHID,C.VIPER,5.027
202601,41,RASHID,RYU,5.02
202601,41,RASHID,JAMIE,5.012
202601,41,RASHID,SAGAT,4.965
202601,41,RASHID,MANON,4.955
202601,41,RASHID,DEE JAY,4.922
202601,41,RASHID,VEGA,4.898
202601,41,RASHID,A.K.I.,4.874
202601,41,RASHID,KEN,4.869
202601,41,RASHID,LUKE,4.863
202601,41,RASHID,TERRY,4.854
202601,41,RASHID,CHUN-LI,4.842
202601,41,RASHID,MAI,4.801
202601,41,RASHID,CAMMY,4.748
202601,41,RASHID,ELENA,4.712
202602,41,RASHID,DHALSIM,5.906
202602,41,RASHID,C.VIPER,5.434
202602,41,RASHID,KIMBERLY,5.215
202602,41,RASHID,MARISA,5.2
202602,41,RASHID,GUILE,5.183
202602,41,RASHID,BLANKA,5.139
202602,41,RASHID,JP,5.121
202602,41,RASHID,JURI,5.069
202602,41,RASHID,ED,5.066
202602,41,RASHID,GOUKI,5.045
202602,41,RASHID,E.HONDA,5.033
202602,41,RASHID,TERRY,5.029
202602,41,RASHID,LILY,5.015
202602,41,RASHID,VEGA,4.998
202602,41,RASHID,DEE JAY,4.972
202602,41,RASHID,A.K.I.,4.958
202602,41,RASHID,CAMMY,4.877
202602,41,RASHID,SAGAT,4.869
202602,41,RASHID,KEN,4.852
202602,41,RASHID,RYU,4.837
202602,41,RASHID,LUKE,4.825
202602,41,RASHID,ZANGIEF,4.818
202602,41,RASHID,JAMIE,4.762
202602,41,RASHID,ELENA,4.697
202602,41,RASHID,MAI,4.659
202602,41,RASHID,MANON,4.655
202602,41,RASHID,CHUN-LI,4.596
202603,41,RASHID,DHALSIM,5.972
202603,41,RASHID,ED,5.367
202603,41,RASHID,JP,5.271
202603,41,RASHID,GUILE,5.195
202603,41,RASHID,KIMBERLY,5.188
202603,41,RASHID,JURI,5.154
202603,41,RASHID,CHUN-LI,5.136
202603,41,RASHID,DEE JAY,5.118
202603,41,RASHID,LILY,5.077
202603,41,RASHID,MAI,5.012
202603,41,RASHID,C.VIPER,5.008
202603,41,RASHID,MARISA,5.004
202603,41,RASHID,TERRY,4.998
202603,41,RASHID,GOUKI,4.95
202603,41,RASHID,E.HONDA,4.945
202603,41,RASHID,A.K.I.,4.944
202603,41,RASHID,JAMIE,4.911
202603,41,RASHID,KEN,4.908
202603,41,RASHID,RYU,4.907
202603,41,RASHID,ZANGIEF,4.907
202603,41,RASHID,BLANKA,4.872
202603,41,RASHID,CAMMY,4.859
202603,41,RASHID,MANON,4.857
202603,41,RASHID,ALEX,4.833
202603,41,RASHID,SAGAT,4.824
202603,41,RASHID,LUKE,4.789
202603,41,RASHID,VEGA,4.781
202603,41,RASHID,ELENA,4.774
202604,41,RASHID,DHALSIM,5.923
202604,41,RASHID,ED,5.392
202604,41,RASHID,KIMBERLY,5.347
202604,41,RASHID,JURI,5.243
202604,41,RASHID,GUILE,5.227
202604,41,RASHID,C.VIPER,5.226
202604,41,RASHID,ALEX,5.196
202604,41,RASHID,MARISA,5.19
202604,41,RASHID,LILY,5.162
202604,41,RASHID,MAI,5.142
202604,41,RASHID,BLANKA,5.084
202604,41,RASHID,JP,5.061
202604,41,RASHID,GOUKI,5.029
202604,41,RASHID,VEGA,4.941
202604,41,RASHID,TERRY,4.939
202604,41,RASHID,SAGAT,4.929
202604,41,RASHID,RYU,4.917
202604,41,RASHID,E.HONDA,4.915
202604,41,RASHID,CAMMY,4.901
202604,41,RASHID,ZANGIEF,4.898
202604,41,RASHID,LUKE,4.883
202604,41,RASHID,DEE JAY,4.868
202604,41,RASHID,JAMIE,4.862
202604,41,RASHID,ELENA,4.859
202604,41,RASHID,A.K.I.,4.852
202604,41,RASHID,CHUN-LI,4.821
202604,41,RASHID,KEN,4.788
202604,41,RASHID,MANON,4.667
202605,41,RASHID,DHALSIM,5.931
202605,41,RASHID,BLANKA,5.265
202605,41,RASHID,ALEX,5.249
202605,41,RASHID,ED,5.246
202605,41,RASHID,JP,5.236
202605,41,RASHID,LILY,5.201
202605,41,RASHID,KIMBERLY,5.167
202605,41,RASHID,MARISA,5.141
202605,41,RASHID,GOUKI,5.116
202605,41,RASHID,C.VIPER,5.097
202605,41,RASHID,JURI,5.061
202605,41,RASHID,E.HONDA,5.051
202605,41,RASHID,JAMIE,5.035
202605,41,RASHID,KEN,5.012
202605,41,RASHID,A.K.I.,4.998
202605,41,RASHID,TERRY,4.995
202605,41,RASHID,MAI,4.986
202605,41,RASHID,MANON,4.979
202605,41,RASHID,ZANGIEF,4.91
202605,41,RASHID,DEE JAY,4.889
202605,41,RASHID,RYU,4.889
202605,41,RASHID,CHUN-LI,4.857
202605,41,RASHID,GUILE,4.837
202605,41,RASHID,CAMMY,4.79
202605,41,RASHID,SAGAT,4.763
202605,41,RASHID,LUKE,4.745
202605,41,RASHID,ELENA,4.719
202605,41,RASHID,VEGA,4.668
202605,41,RASHID,INGRID,4.627
202601,42,RASHID,DHALSIM,5.834
202601,42,RASHID,C.VIPER,5.308
202601,42,RASHID,KIMBERLY,5.285
202601,42,RASHID,ED,5.242
202601,42,RASHID,LILY,5.215
202601,42,RASHID,BLANKA,5.168
202601,42,RASHID,E.HONDA,5.128
202601,42,RASHID,JURI,5.125
202601,42,RASHID,JP,5.124
202601,42,RASHID,GOUKI,5.102
202601,42,RASHID,MARISA,5.086
202601,42,RASHID,KEN,5.082
202601,42,RASHID,SAGAT,4.967
202601,42,RASHID,JAMIE,4.966
202601,42,RASHID,GUILE,4.959
202601,42,RASHID,ZANGIEF,4.958
202601,42,RASHID,DEE JAY,4.916
202601,42,RASHID,CAMMY,4.913
202601,42,RASHID,VEGA,4.888
202601,42,RASHID,ELENA,4.875
202601,42,RASHID,TERRY,4.862
202601,42,RASHID,A.K.I.,4.851
202601,42,RASHID,LUKE,4.843
202601,42,RASHID,CHUN-LI,4.838
202601,42,RASHID,RYU,4.777
202601,42,RASHID,MAI,4.765
202601,42,RASHID,MANON,4.731
202602,42,RASHID,DHALSIM,5.897
202602,42,RASHID,LILY,5.461
202602,42,RASHID,GUILE,5.449
202602,42,RASHID,A.K.I.,5.375
202602,42,RASHID,KIMBERLY,5.275
202602,42,RASHID,TERRY,5.264
202602,42,RASHID,DEE JAY,5.256
202602,42,RASHID,CAMMY,5.226
202602,42,RASHID,ED,5.211
202602,42,RASHID,JAMIE,5.159
202602,42,RASHID,BLANKA,5.144
202602,42,RASHID,GOUKI,5.128
202602,42,RASHID,JP,5.091
202602,42,RASHID,C.VIPER,5.085
202602,42,RASHID,ELENA,5.046
202602,42,RASHID,LUKE,5.039
202602,42,RASHID,SAGAT,5.022
202602,42,RASHID,MARISA,4.991
202602,42,RASHID,E.HONDA,4.972
202602,42,RASHID,RYU,4.971
202602,42,RASHID,JURI,4.97
202602,42,RASHID,ZANGIEF,4.929
202602,42,RASHID,MAI,4.901
202602,42,RASHID,CHUN-LI,4.897
202602,42,RASHID,MANON,4.891
202602,42,RASHID,KEN,4.859
202602,42,RASHID,VEGA,4.815
202603,42,RASHID,DHALSIM,5.923
202603,42,RASHID,GUILE,5.483
202603,42,RASHID,JP,5.342
202603,42,RASHID,GOUKI,5.294
202603,42,RASHID,KIMBERLY,5.23
202603,42,RASHID,LILY,5.207
202603,42,RASHID,DEE JAY,5.197
202603,42,RASHID,A.K.I.,5.197
202603,42,RASHID,ED,5.193
202603,42,RASHID,BLANKA,5.146
202603,42,RASHID,E.HONDA,5.126
202603,42,RASHID,KEN,5.051
202603,42,RASHID,ELENA,5.045
202603,42,RASHID,ALEX,5.029
202603,42,RASHID,C.VIPER,5.019
202603,42,RASHID,ZANGIEF,5.018
202603,42,RASHID,JURI,5.008
202603,42,RASHID,TERRY,4.994
202603,42,RASHID,MARISA,4.97
202603,42,RASHID,SAGAT,4.955
202603,42,RASHID,CAMMY,4.936
202603,42,RASHID,CHUN-LI,4.926
202603,42,RASHID,VEGA,4.862
202603,42,RASHID,MAI,4.861
202603,42,RASHID,LUKE,4.84
202603,42,RASHID,RYU,4.819
202603,42,RASHID,JAMIE,4.809
202603,42,RASHID,MANON,4.752
202604,42,RASHID,DHALSIM,6.014
202604,42,RASHID,ED,5.298
202604,42,RASHID,KIMBERLY,5.217
202604,42,RASHID,GOUKI,5.199
202604,42,RASHID,JP,5.167
202604,42,RASHID,ALEX,5.142
202604,42,RASHID,MARISA,5.122
202604,42,RASHID,LILY,5.122
202604,42,RASHID,DEE JAY,5.111
202604,42,RASHID,GUILE,5.104
202604,42,RASHID,JURI,5.09
202604,42,RASHID,KEN,5.077
202604,42,RASHID,BLANKA,5.056
202604,42,RASHID,E.HONDA,5.054
202604,42,RASHID,CAMMY,5.014
202604,42,RASHID,TERRY,5.008
202604,42,RASHID,CHUN-LI,5.005
202604,42,RASHID,C.VIPER,5.003
202604,42,RASHID,LUKE,4.945
202604,42,RASHID,RYU,4.872
202604,42,RASHID,ELENA,4.852
202604,42,RASHID,A.K.I.,4.829
202604,42,RASHID,JAMIE,4.825
202604,42,RASHID,MAI,4.769
202604,42,RASHID,VEGA,4.724
202604,42,RASHID,MANON,4.698
202604,42,RASHID,SAGAT,4.66
202604,42,RASHID,ZANGIEF,4.637
202605,42,RASHID,DHALSIM,5.714
202605,42,RASHID,KIMBERLY,5.5
202605,42,RASHID,ED,5.334
202605,42,RASHID,C.VIPER,5.323
202605,42,RASHID,JURI,5.273
202605,42,RASHID,MARISA,5.167
202605,42,RASHID,LILY,5.146
202605,42,RASHID,GOUKI,5.141
202605,42,RASHID,CHUN-LI,5.135
202605,42,RASHID,MANON,5.056
202605,42,RASHID,JP,5.043
202605,42,RASHID,DEE JAY,5.036
202605,42,RASHID,ALEX,5.017
202605,42,RASHID,GUILE,5.012
202605,42,RASHID,CAMMY,5.0
202605,42,RASHID,BLANKA,4.985
202605,42,RASHID,A.K.I.,4.97
202605,42,RASHID,VEGA,4.946
202605,42,RASHID,KEN,4.941
202605,42,RASHID,E.HONDA,4.928
202605,42,RASHID,ZANGIEF,4.918
202605,42,RASHID,LUKE,4.916
202605,42,RASHID,TERRY,4.898
202605,42,RASHID,JAMIE,4.88
202605,42,RASHID,MAI,4.838
202605,42,RASHID,ELENA,4.804
202605,42,RASHID,RYU,4.673
202605,42,RASHID,INGRID,4.667
202605,42,RASHID,SAGAT,4.566
202601,40,RYU,BLANKA,5.11
202601,40,RYU,ZANGIEF,5.104
202601,40,RYU,MARISA,5.063
202601,40,RYU,JURI,5.045
202601,40,RYU,TERRY,5.029
202601,40,RYU,SAGAT,5.024
202601,40,RYU,KEN,5.02
202601,40,RYU,E.HONDA,5.019
202601,40,RYU,GOUKI,5.012
202601,40,RYU,A.K.I.,4.998
202601,40,RYU,MANON,4.964
202601,40,RYU,JAMIE,4.958
202601,40,RYU,VEGA,4.957
202601,40,RYU,MAI,4.955
202601,40,RYU,LUKE,4.952
202601,40,RYU,GUILE,4.951
202601,40,RYU,DEE JAY,4.927
202601,40,RYU,ELENA,4.927
202601,40,RYU,CHUN-LI,4.925
202601,40,RYU,ED,4.899
202601,40,RYU,RASHID,4.893
202601,40,RYU,KIMBERLY,4.882
202601,40,RYU,LILY,4.852
202601,40,RYU,DHALSIM,4.832
202601,40,RYU,C.VIPER,4.83
202601,40,RYU,CAMMY,4.81
202601,40,RYU,JP,4.769
202602,40,RYU,ZANGIEF,5.218
202602,40,RYU,BLANKA,5.138
202602,40,RYU,JURI,5.075
202602,40,RYU,RASHID,5.071
202602,40,RYU,KEN,5.067
202602,40,RYU,SAGAT,5.037
202602,40,RYU,E.HONDA,5.01
202602,40,RYU,GOUKI,5.01
202602,40,RYU,VEGA,5.005
202602,40,RYU,GUILE,4.979
202602,40,RYU,MAI,4.976
202602,40,RYU,LUKE,4.964
202602,40,RYU,TERRY,4.955
202602,40,RYU,MANON,4.942
202602,40,RYU,JAMIE,4.923
202602,40,RYU,MARISA,4.91
202602,40,RYU,A.K.I.,4.901
202602,40,RYU,DEE JAY,4.876
202602,40,RYU,DHALSIM,4.873
202602,40,RYU,KIMBERLY,4.85
202602,40,RYU,ED,4.831
202602,40,RYU,C.VIPER,4.822
202602,40,RYU,LILY,4.749
202602,40,RYU,CAMMY,4.739
202602,40,RYU,ELENA,4.737
202602,40,RYU,CHUN-LI,4.719
202602,40,RYU,JP,4.686
202603,40,RYU,ZANGIEF,5.164
202603,40,RYU,E.HONDA,5.1
202603,40,RYU,RASHID,5.088
202603,40,RYU,BLANKA,5.059
202603,40,RYU,DHALSIM,5.056
202603,40,RYU,GOUKI,5.038
202603,40,RYU,JURI,4.985
202603,40,RYU,KEN,4.978
202603,40,RYU,GUILE,4.963
202603,40,RYU,TERRY,4.963
202603,40,RYU,MAI,4.961
202603,40,RYU,SAGAT,4.955
202603,40,RYU,MANON,4.952
202603,40,RYU,JAMIE,4.945
202603,40,RYU,LILY,4.936
202603,40,RYU,LUKE,4.922
202603,40,RYU,ED,4.916
202603,40,RYU,A.K.I.,4.9
202603,40,RYU,MARISA,4.896
202603,40,RYU,VEGA,4.882
202603,40,RYU,ALEX,4.859
202603,40,RYU,DEE JAY,4.857
202603,40,RYU,ELENA,4.843
202603,40,RYU,C.VIPER,4.817
202603,40,RYU,CAMMY,4.796
202603,40,RYU,CHUN-LI,4.786
202603,40,RYU,KIMBERLY,4.767
202603,40,RYU,JP,4.758
202604,40,RYU,ZANGIEF,5.192
202604,40,RYU,ALEX,5.119
202604,40,RYU,BLANKA,5.109
202604,40,RYU,TERRY,5.101
202604,40,RYU,MARISA,5.072
202604,40,RYU,GOUKI,5.046
202604,40,RYU,E.HONDA,5.042
202604,40,RYU,SAGAT,5.033
202604,40,RYU,JURI,5.023
202604,40,RYU,A.K.I.,5.009
202604,40,RYU,LILY,4.978
202604,40,RYU,MAI,4.974
202604,40,RYU,JAMIE,4.958
202604,40,RYU,MANON,4.936
202604,40,RYU,KEN,4.936
202604,40,RYU,VEGA,4.928
202604,40,RYU,RASHID,4.918
202604,40,RYU,GUILE,4.896
202604,40,RYU,ED,4.891
202604,40,RYU,DEE JAY,4.874
202604,40,RYU,ELENA,4.866
202604,40,RYU,KIMBERLY,4.845
202604,40,RYU,LUKE,4.84
202604,40,RYU,JP,4.826
202604,40,RYU,DHALSIM,4.826
202604,40,RYU,CHUN-LI,4.818
202604,40,RYU,C.VIPER,4.797
202604,40,RYU,CAMMY,4.713
202605,40,RYU,ZANGIEF,5.157
202605,40,RYU,BLANKA,5.091
202605,40,RYU,TERRY,5.075
202605,40,RYU,JURI,5.074
202605,40,RYU,E.HONDA,5.074
202605,40,RYU,ALEX,5.074
202605,40,RYU,VEGA,5.027
202605,40,RYU,KEN,5.009
202605,40,RYU,MANON,4.997
202605,40,RYU,SAGAT,4.996
202605,40,RYU,GOUKI,4.995
202605,40,RYU,RASHID,4.944
202605,40,RYU,JAMIE,4.93
202605,40,RYU,MAI,4.925
202605,40,RYU,GUILE,4.915
202605,40,RYU,A.K.I.,4.915
202605,40,RYU,MARISA,4.9
202605,40,RYU,LILY,4.89
202605,40,RYU,DEE JAY,4.867
202605,40,RYU,ED,4.807
202605,40,RYU,LUKE,4.804
202605,40,RYU,CHUN-LI,4.799
202605,40,RYU,DHALSIM,4.797
202605,40,RYU,KIMBERLY,4.795
202605,40,RYU,C.VIPER,4.755
202605,40,RYU,ELENA,4.731
202605,40,RYU,CAMMY,4.722
202605,40,RYU,JP,4.704
202605,40,RYU,INGRID,4.447
202601,41,RYU,ZANGIEF,5.24
202601,41,RYU,GUILE,5.111
202601,41,RYU,JURI,5.092
202601,41,RYU,TERRY,5.077
202601,41,RYU,KEN,5.045
202601,41,RYU,GOUKI,5.036
202601,41,RYU,E.HONDA,5.008
202601,41,RYU,BLANKA,5.005
202601,41,RYU,RASHID,5.005
202601,41,RYU,A.K.I.,5.002
202601,41,RYU,VEGA,4.998
202601,41,RYU,SAGAT,4.953
202601,41,RYU,MARISA,4.947
202601,41,RYU,LUKE,4.935
202601,41,RYU,DEE JAY,4.933
202601,41,RYU,DHALSIM,4.93
202601,41,RYU,MANON,4.914
202601,41,RYU,KIMBERLY,4.91
202601,41,RYU,LILY,4.896
202601,41,RYU,JAMIE,4.894
202601,41,RYU,ED,4.89
202601,41,RYU,MAI,4.883
202601,41,RYU,C.VIPER,4.883
202601,41,RYU,CHUN-LI,4.866
202601,41,RYU,CAMMY,4.857
202601,41,RYU,JP,4.834
202601,41,RYU,ELENA,4.833
202602,41,RYU,ZANGIEF,5.358
202602,41,RYU,MANON,5.307
202602,41,RYU,BLANKA,5.203
202602,41,RYU,RASHID,5.157
202602,41,RYU,VEGA,5.148
202602,41,RYU,LILY,5.132
202602,41,RYU,GOUKI,5.074
202602,41,RYU,KEN,5.034
202602,41,RYU,JURI,5.031
202602,41,RYU,DHALSIM,5.0
202602,41,RYU,ED,4.962
202602,41,RYU,TERRY,4.945
202602,41,RYU,LUKE,4.944
202602,41,RYU,KIMBERLY,4.938
202602,41,RYU,E.HONDA,4.936
202602,41,RYU,A.K.I.,4.892
202602,41,RYU,SAGAT,4.876
202602,41,RYU,MARISA,4.861
202602,41,RYU,GUILE,4.857
202602,41,RYU,CHUN-LI,4.819
202602,41,RYU,JP,4.774
202602,41,RYU,CAMMY,4.771
202602,41,RYU,JAMIE,4.76
202602,41,RYU,MAI,4.693
202602,41,RYU,DEE JAY,4.673
202602,41,RYU,ELENA,4.673
202602,41,RYU,C.VIPER,4.647
202603,41,RYU,ZANGIEF,5.155
202603,41,RYU,RASHID,5.12
202603,41,RYU,TERRY,5.108
202603,41,RYU,JURI,5.057
202603,41,RYU,E.HONDA,5.047
202603,41,RYU,DEE JAY,5.036
202603,41,RYU,MANON,5.034
202603,41,RYU,BLANKA,5.033
202603,41,RYU,GUILE,5.02
202603,41,RYU,DHALSIM,5.002
202603,41,RYU,MARISA,4.999
202603,41,RYU,VEGA,4.972
202603,41,RYU,SAGAT,4.958
202603,41,RYU,KIMBERLY,4.949
202603,41,RYU,LILY,4.947
202603,41,RYU,GOUKI,4.932
202603,41,RYU,LUKE,4.929
202603,41,RYU,KEN,4.929
202603,41,RYU,ED,4.92
202603,41,RYU,JAMIE,4.898
202603,41,RYU,A.K.I.,4.889
202603,41,RYU,JP,4.876
202603,41,RYU,CHUN-LI,4.83
202603,41,RYU,ALEX,4.821
202603,41,RYU,MAI,4.769
202603,41,RYU,C.VIPER,4.745
202603,41,RYU,CAMMY,4.723
202603,41,RYU,ELENA,4.718
202604,41,RYU,RASHID,5.153
202604,41,RYU,JURI,5.152
202604,41,RYU,TERRY,5.133
202604,41,RYU,ZANGIEF,5.123
202604,41,RYU,E.HONDA,5.101
202604,41,RYU,GUILE,5.092
202604,41,RYU,BLANKA,5.072
202604,41,RYU,JAMIE,5.066
202604,41,RYU,ALEX,5.045
202604,41,RYU,KEN,4.999
202604,41,RYU,SAGAT,4.984
202604,41,RYU,DEE JAY,4.975
202604,41,RYU,A.K.I.,4.974
202604,41,RYU,LUKE,4.943
202604,41,RYU,LILY,4.936
202604,41,RYU,GOUKI,4.919
202604,41,RYU,MARISA,4.893
202604,41,RYU,MANON,4.885
202604,41,RYU,KIMBERLY,4.882
202604,41,RYU,ED,4.845
202604,41,RYU,CAMMY,4.815
202604,41,RYU,DHALSIM,4.806
202604,41,RYU,VEGA,4.803
202604,41,RYU,MAI,4.79
202604,41,RYU,ELENA,4.738
202604,41,RYU,C.VIPER,4.721
202604,41,RYU,CHUN-LI,4.712
202604,41,RYU,JP,4.656
202605,41,RYU,E.HONDA,5.223
202605,41,RYU,BLANKA,5.157
202605,41,RYU,ZANGIEF,5.144
202605,41,RYU,JURI,5.142
202605,41,RYU,KIMBERLY,5.107
202605,41,RYU,RASHID,5.052
202605,41,RYU,LILY,5.043
202605,41,RYU,A.K.I.,5.007
202605,41,RYU,VEGA,5.006
202605,41,RYU,TERRY,5.002
202605,41,RYU,SAGAT,5.002
202605,41,RYU,MANON,4.969
202605,41,RYU,LUKE,4.956
202605,41,RYU,GOUKI,4.952
202605,41,RYU,KEN,4.928
202605,41,RYU,CAMMY,4.897
202605,41,RYU,ALEX,4.885
202605,41,RYU,GUILE,4.87
202605,41,RYU,JAMIE,4.851
202605,41,RYU,DEE JAY,4.836
202605,41,RYU,ELENA,4.836
202605,41,RYU,DHALSIM,4.834
202605,41,RYU,ED,4.818
202605,41,RYU,MAI,4.79
202605,41,RYU,MARISA,4.685
202605,41,RYU,JP,4.652
202605,41,RYU,CHUN-LI,4.613
202605,41,RYU,C.VIPER,4.568
202605,41,RYU,INGRID,4.513
202601,42,RYU,ZANGIEF,5.389
202601,42,RYU,RASHID,5.177
202601,42,RYU,KEN,5.13
202601,42,RYU,KIMBERLY,5.127
202601,42,RYU,BLANKA,5.108
202601,42,RYU,GUILE,5.107
202601,42,RYU,MANON,5.105
202601,42,RYU,VEGA,5.093
202601,42,RYU,JURI,5.092
202601,42,RYU,GOUKI,5.086
202601,42,RYU,TERRY,5.056
202601,42,RYU,E.HONDA,5.035
202601,42,RYU,SAGAT,5.011
202601,42,RYU,LILY,5.008
202601,42,RYU,A.K.I.,4.983
202601,42,RYU,DHALSIM,4.979
202601,42,RYU,LUKE,4.972
202601,42,RYU,DEE JAY,4.923
202601,42,RYU,JAMIE,4.916
202601,42,RYU,CAMMY,4.871
202601,42,RYU,MAI,4.862
202601,42,RYU,MARISA,4.822
202601,42,RYU,ED,4.773
202601,42,RYU,ELENA,4.773
202601,42,RYU,CHUN-LI,4.768
202601,42,RYU,C.VIPER,4.736
202601,42,RYU,JP,4.692
202602,42,RYU,BLANKA,5.336
202602,42,RYU,JURI,5.328
202602,42,RYU,ZANGIEF,5.217
202602,42,RYU,E.HONDA,5.167
202602,42,RYU,CHUN-LI,5.096
202602,42,RYU,RASHID,5.071
202602,42,RYU,ED,5.056
202602,42,RYU,KEN,5.055
202602,42,RYU,LUKE,5.045
202602,42,RYU,SAGAT,5.008
202602,42,RYU,A.K.I.,4.991
202602,42,RYU,GOUKI,4.986
202602,42,RYU,MANON,4.978
202602,42,RYU,VEGA,4.929
202602,42,RYU,DHALSIM,4.914
202602,42,RYU,MARISA,4.899
202602,42,RYU,TERRY,4.872
202602,42,RYU,JAMIE,4.854
202602,42,RYU,LILY,4.85
202602,42,RYU,KIMBERLY,4.824
202602,42,RYU,GUILE,4.781
202602,42,RYU,DEE JAY,4.776
202602,42,RYU,CAMMY,4.73
202602,42,RYU,ELENA,4.625
202602,42,RYU,JP,4.593
202602,42,RYU,C.VIPER,4.533
202602,42,RYU,MAI,4.463
202603,42,RYU,BLANKA,5.367
202603,42,RYU,ZANGIEF,5.323
202603,42,RYU,E.HONDA,5.219
202603,42,RYU,MANON,5.135
202603,42,RYU,RASHID,5.133
202603,42,RYU,KIMBERLY,5.128
202603,42,RYU,JURI,5.112
202603,42,RYU,LILY,5.084
202603,42,RYU,DHALSIM,5.076
202603,42,RYU,GUILE,5.062
202603,42,RYU,SAGAT,5.062
202603,42,RYU,A.K.I.,5.038
202603,42,RYU,DEE JAY,5.018
202603,42,RYU,MARISA,4.996
202603,42,RYU,VEGA,4.989
202603,42,RYU,KEN,4.988
202603,42,RYU,LUKE,4.961
202603,42,RYU,GOUKI,4.952
202603,42,RYU,TERRY,4.915
202603,42,RYU,ED,4.91
202603,42,RYU,MAI,4.881
202603,42,RYU,JAMIE,4.827
202603,42,RYU,ALEX,4.783
202603,42,RYU,JP,4.759
202603,42,RYU,CAMMY,4.731
202603,42,RYU,ELENA,4.726
202603,42,RYU,CHUN-LI,4.704
202603,42,RYU,C.VIPER,4.47
202604,42,RYU,BLANKA,5.218
202604,42,RYU,E.HONDA,5.162
202604,42,RYU,JURI,5.142
202604,42,RYU,KEN,5.117
202604,42,RYU,RASHID,5.108
202604,42,RYU,MANON,5.088
202604,42,RYU,KIMBERLY,5.067
202604,42,RYU,A.K.I.,5.064
202604,42,RYU,LUKE,5.042
202604,42,RYU,ZANGIEF,5.022
202604,42,RYU,TERRY,5.017
202604,42,RYU,GUILE,5.006
202604,42,RYU,SAGAT,5.004
202604,42,RYU,ED,4.949
202604,42,RYU,LILY,4.943
202604,42,RYU,ALEX,4.941
202604,42,RYU,MARISA,4.936
202604,42,RYU,DEE JAY,4.914
202604,42,RYU,ELENA,4.912
202604,42,RYU,MAI,4.901
202604,42,RYU,VEGA,4.897
202604,42,RYU,JAMIE,4.88
202604,42,RYU,DHALSIM,4.845
202604,42,RYU,GOUKI,4.831
202604,42,RYU,JP,4.78
202604,42,RYU,C.VIPER,4.657
202604,42,RYU,CAMMY,4.635
202604,42,RYU,CHUN-LI,4.557
202605,42,RYU,BLANKA,5.403
202605,42,RYU,RASHID,5.36
202605,42,RYU,A.K.I.,5.236
202605,42,RYU,ZANGIEF,5.233
202605,42,RYU,JURI,5.219
202605,42,RYU,E.HONDA,5.12
202605,42,RYU,GUILE,5.074
202605,42,RYU,KEN,5.043
202605,42,RYU,KIMBERLY,5.006
202605,42,RYU,LUKE,5.003
202605,42,RYU,ALEX,4.997
202605,42,RYU,MANON,4.991
202605,42,RYU,ED,4.973
202605,42,RYU,VEGA,4.952
202605,42,RYU,LILY,4.918
202605,42,RYU,GOUKI,4.908
202605,42,RYU,TERRY,4.907
202605,42,RYU,CAMMY,4.851
202605,42,RYU,CHUN-LI,4.846
202605,42,RYU,DHALSIM,4.816
202605,42,RYU,MAI,4.807
202605,42,RYU,SAGAT,4.803
202605,42,RYU,DEE JAY,4.795
202605,42,RYU,MARISA,4.792
202605,42,RYU,JAMIE,4.768
202605,42,RYU,C.VIPER,4.688
202605,42,RYU,JP,4.622
202605,42,RYU,ELENA,4.613
202605,42,RYU,INGRID,4.388
202601,40,SAGAT,JAMIE,5.293
202601,40,SAGAT,BLANKA,5.193
202601,40,SAGAT,DHALSIM,5.11
202601,40,SAGAT,RASHID,5.104
202601,40,SAGAT,MANON,5.08
202601,40,SAGAT,TERRY,5.062
202601,40,SAGAT,ZANGIEF,5.056
202601,40,SAGAT,JURI,5.035
202601,40,SAGAT,KEN,5.026
202601,40,SAGAT,ED,5.025
202601,40,SAGAT,KIMBERLY,5.014
202601,40,SAGAT,CAMMY,5.008
202601,40,SAGAT,DEE JAY,4.992
202601,40,SAGAT,C.VIPER,4.991
202601,40,SAGAT,ELENA,4.99
202601,40,SAGAT,A.K.I.,4.989
202601,40,SAGAT,VEGA,4.987
202601,40,SAGAT,LUKE,4.978
202601,40,SAGAT,RYU,4.972
202601,40,SAGAT,LILY,4.969
202601,40,SAGAT,JP,4.92
202601,40,SAGAT,CHUN-LI,4.917
202601,40,SAGAT,GOUKI,4.903
202601,40,SAGAT,MAI,4.89
202601,40,SAGAT,MARISA,4.864
202601,40,SAGAT,GUILE,4.83
202601,40,SAGAT,E.HONDA,4.767
202602,40,SAGAT,JAMIE,5.312
202602,40,SAGAT,ZANGIEF,5.227
202602,40,SAGAT,BLANKA,5.207
202602,40,SAGAT,CHUN-LI,5.102
202602,40,SAGAT,TERRY,5.098
202602,40,SAGAT,LILY,5.069
202602,40,SAGAT,RASHID,5.051
202602,40,SAGAT,JURI,5.045
202602,40,SAGAT,KIMBERLY,5.037
202602,40,SAGAT,A.K.I.,5.035
202602,40,SAGAT,LUKE,5.03
202602,40,SAGAT,C.VIPER,5.019
202602,40,SAGAT,KEN,5.007
202602,40,SAGAT,CAMMY,4.998
202602,40,SAGAT,DEE JAY,4.995
202602,40,SAGAT,MANON,4.994
202602,40,SAGAT,RYU,4.99
202602,40,SAGAT,ELENA,4.986
202602,40,SAGAT,MAI,4.965
202602,40,SAGAT,GOUKI,4.956
202602,40,SAGAT,DHALSIM,4.942
202602,40,SAGAT,ED,4.942
202602,40,SAGAT,GUILE,4.915
202602,40,SAGAT,VEGA,4.842
202602,40,SAGAT,JP,4.822
202602,40,SAGAT,MARISA,4.737
202602,40,SAGAT,E.HONDA,4.632
202603,40,SAGAT,JAMIE,5.22
202603,40,SAGAT,ZANGIEF,5.216
202603,40,SAGAT,BLANKA,5.213
202603,40,SAGAT,CHUN-LI,5.177
202603,40,SAGAT,LILY,5.166
202603,40,SAGAT,KIMBERLY,5.15
202603,40,SAGAT,JURI,5.082
202603,40,SAGAT,C.VIPER,5.07
202603,40,SAGAT,DHALSIM,5.052
202603,40,SAGAT,RYU,5.051
202603,40,SAGAT,A.K.I.,5.051
202603,40,SAGAT,LUKE,5.017
202603,40,SAGAT,TERRY,5.015
202603,40,SAGAT,DEE JAY,5.013
202603,40,SAGAT,KEN,5.013
202603,40,SAGAT,MANON,5.008
202603,40,SAGAT,ELENA,4.985
202603,40,SAGAT,RASHID,4.982
202603,40,SAGAT,ED,4.974
202603,40,SAGAT,CAMMY,4.954
202603,40,SAGAT,MAI,4.938
202603,40,SAGAT,VEGA,4.926
202603,40,SAGAT,GOUKI,4.924
202603,40,SAGAT,JP,4.878
202603,40,SAGAT,MARISA,4.804
202603,40,SAGAT,GUILE,4.799
202603,40,SAGAT,ALEX,4.776
202603,40,SAGAT,E.HONDA,4.634
202604,40,SAGAT,BLANKA,5.419
202604,40,SAGAT,JAMIE,5.182
202604,40,SAGAT,ZANGIEF,5.18
202604,40,SAGAT,C.VIPER,5.147
202604,40,SAGAT,ED,5.128
202604,40,SAGAT,KEN,5.079
202604,40,SAGAT,KIMBERLY,5.07
202604,40,SAGAT,MANON,5.056
202604,40,SAGAT,JURI,5.049
202604,40,SAGAT,MAI,5.048
202604,40,SAGAT,A.K.I.,5.035
202604,40,SAGAT,TERRY,5.026
202604,40,SAGAT,CAMMY,5.02
202604,40,SAGAT,CHUN-LI,5.017
202604,40,SAGAT,LUKE,5.002
202604,40,SAGAT,RYU,4.979
202604,40,SAGAT,DHALSIM,4.978
202604,40,SAGAT,ELENA,4.978
202604,40,SAGAT,DEE JAY,4.974
202604,40,SAGAT,GUILE,4.969
202604,40,SAGAT,RASHID,4.966
202604,40,SAGAT,GOUKI,4.954
202604,40,SAGAT,JP,4.936
202604,40,SAGAT,VEGA,4.923
202604,40,SAGAT,LILY,4.889
202604,40,SAGAT,ALEX,4.855
202604,40,SAGAT,MARISA,4.8
202604,40,SAGAT,E.HONDA,4.724
202605,40,SAGAT,BLANKA,5.224
202605,40,SAGAT,JAMIE,5.223
202605,40,SAGAT,ZANGIEF,5.16
202605,40,SAGAT,KIMBERLY,5.146
202605,40,SAGAT,MANON,5.115
202605,40,SAGAT,CHUN-LI,5.11
202605,40,SAGAT,KEN,5.089
202605,40,SAGAT,JURI,5.079
202605,40,SAGAT,A.K.I.,5.072
202605,40,SAGAT,MAI,5.044
202605,40,SAGAT,C.VIPER,5.037
202605,40,SAGAT,ED,5.035
202605,40,SAGAT,LILY,5.02
202605,40,SAGAT,TERRY,5.015
202605,40,SAGAT,RASHID,5.01
202605,40,SAGAT,VEGA,5.003
202605,40,SAGAT,DEE JAY,4.998
202605,40,SAGAT,RYU,4.979
202605,40,SAGAT,DHALSIM,4.978
202605,40,SAGAT,CAMMY,4.972
202605,40,SAGAT,GUILE,4.972
202605,40,SAGAT,LUKE,4.957
202605,40,SAGAT,ELENA,4.927
202605,40,SAGAT,GOUKI,4.902
202605,40,SAGAT,MARISA,4.878
202605,40,SAGAT,JP,4.782
202605,40,SAGAT,ALEX,4.765
202605,40,SAGAT,E.HONDA,4.688
202605,40,SAGAT,INGRID,4.622
202601,41,SAGAT,BLANKA,5.315
202601,41,SAGAT,KIMBERLY,5.209
202601,41,SAGAT,JAMIE,5.204
202601,41,SAGAT,ZANGIEF,5.151
202601,41,SAGAT,DEE JAY,5.097
202601,41,SAGAT,JURI,5.083
202601,41,SAGAT,CHUN-LI,5.067
202601,41,SAGAT,RYU,5.064
202601,41,SAGAT,TERRY,5.059
202601,41,SAGAT,RASHID,5.043
202601,41,SAGAT,C.VIPER,5.043
202601,41,SAGAT,CAMMY,5.033
202601,41,SAGAT,ELENA,5.026
202601,41,SAGAT,LILY,5.007
202601,41,SAGAT,DHALSIM,5.007
202601,41,SAGAT,KEN,4.983
202601,41,SAGAT,A.K.I.,4.964
202601,41,SAGAT,MANON,4.956
202601,41,SAGAT,GUILE,4.953
202601,41,SAGAT,GOUKI,4.921
202601,41,SAGAT,LUKE,4.914
202601,41,SAGAT,MAI,4.906
202601,41,SAGAT,ED,4.9
202601,41,SAGAT,JP,4.896
202601,41,SAGAT,VEGA,4.826
202601,41,SAGAT,E.HONDA,4.819
202601,41,SAGAT,MARISA,4.793
202602,41,SAGAT,BLANKA,5.51
202602,41,SAGAT,A.K.I.,5.234
202602,41,SAGAT,DHALSIM,5.186
202602,41,SAGAT,JAMIE,5.168
202602,41,SAGAT,C.VIPER,5.155
202602,41,SAGAT,RYU,5.15
202602,41,SAGAT,GUILE,5.148
202602,41,SAGAT,JURI,5.127
202602,41,SAGAT,DEE JAY,5.121
202602,41,SAGAT,RASHID,5.119
202602,41,SAGAT,LUKE,5.109
202602,41,SAGAT,CAMMY,5.102
202602,41,SAGAT,KIMBERLY,5.094
202602,41,SAGAT,CHUN-LI,5.076
202602,41,SAGAT,TERRY,5.058
202602,41,SAGAT,ZANGIEF,5.048
202602,41,SAGAT,ELENA,5.044
202602,41,SAGAT,MANON,5.012
202602,41,SAGAT,KEN,5.012
202602,41,SAGAT,LILY,4.993
202602,41,SAGAT,GOUKI,4.989
202602,41,SAGAT,MAI,4.973
202602,41,SAGAT,VEGA,4.913
202602,41,SAGAT,MARISA,4.803
202602,41,SAGAT,ED,4.767
202602,41,SAGAT,E.HONDA,4.75
202602,41,SAGAT,JP,4.696
202603,41,SAGAT,DHALSIM,5.311
202603,41,SAGAT,ZANGIEF,5.263
202603,41,SAGAT,JAMIE,5.255
202603,41,SAGAT,BLANKA,5.223
202603,41,SAGAT,MAI,5.171
202603,41,SAGAT,LUKE,5.16
202603,41,SAGAT,CHUN-LI,5.16
202603,41,SAGAT,ELENA,5.144
202603,41,SAGAT,RASHID,5.123
202603,41,SAGAT,TERRY,5.087
202603,41,SAGAT,GUILE,5.081
202603,41,SAGAT,CAMMY,5.076
202603,41,SAGAT,DEE JAY,5.064
202603,41,SAGAT,ED,5.064
202603,41,SAGAT,RYU,5.063
202603,41,SAGAT,KIMBERLY,5.035
202603,41,SAGAT,C.VIPER,5.003
202603,41,SAGAT,LILY,4.997
202603,41,SAGAT,MANON,4.984
202603,41,SAGAT,JURI,4.98
202603,41,SAGAT,KEN,4.955
202603,41,SAGAT,JP,4.95
202603,41,SAGAT,VEGA,4.859
202603,41,SAGAT,GOUKI,4.857
202603,41,SAGAT,A.K.I.,4.849
202603,41,SAGAT,MARISA,4.789
202603,41,SAGAT,ALEX,4.705
202603,41,SAGAT,E.HONDA,4.607
202604,41,SAGAT,BLANKA,5.247
202604,41,SAGAT,DHALSIM,5.237
202604,41,SAGAT,ZANGIEF,5.2
202604,41,SAGAT,JAMIE,5.175
202604,41,SAGAT,C.VIPER,5.159
202604,41,SAGAT,LUKE,5.107
202604,41,SAGAT,JURI,5.097
202604,41,SAGAT,KEN,5.089
202604,41,SAGAT,TERRY,5.076
202604,41,SAGAT,GUILE,5.057
202604,41,SAGAT,LILY,5.052
202604,41,SAGAT,ELENA,5.044
202604,41,SAGAT,ED,5.035
202604,41,SAGAT,RASHID,5.028
202604,41,SAGAT,MAI,5.027
202604,41,SAGAT,DEE JAY,5.02
202604,41,SAGAT,KIMBERLY,5.011
202604,41,SAGAT,RYU,4.993
202604,41,SAGAT,VEGA,4.949
202604,41,SAGAT,CHUN-LI,4.94
202604,41,SAGAT,MANON,4.911
202604,41,SAGAT,CAMMY,4.909
202604,41,SAGAT,JP,4.902
202604,41,SAGAT,MARISA,4.881
202604,41,SAGAT,GOUKI,4.877
202604,41,SAGAT,ALEX,4.859
202604,41,SAGAT,A.K.I.,4.83
202604,41,SAGAT,E.HONDA,4.784
202605,41,SAGAT,BLANKA,5.396
202605,41,SAGAT,ZANGIEF,5.268
202605,41,SAGAT,RASHID,5.262
202605,41,SAGAT,DHALSIM,5.234
202605,41,SAGAT,JAMIE,5.223
202605,41,SAGAT,LUKE,5.129
202605,41,SAGAT,KIMBERLY,5.114
202605,41,SAGAT,JURI,5.102
202605,41,SAGAT,A.K.I.,5.086
202605,41,SAGAT,ELENA,5.061
202605,41,SAGAT,MARISA,5.026
202605,41,SAGAT,C.VIPER,5.019
202605,41,SAGAT,RYU,5.005
202605,41,SAGAT,MANON,5.0
202605,41,SAGAT,CAMMY,4.987
202605,41,SAGAT,TERRY,4.987
202605,41,SAGAT,JP,4.949
202605,41,SAGAT,GUILE,4.943
202605,41,SAGAT,KEN,4.939
202605,41,SAGAT,CHUN-LI,4.937
202605,41,SAGAT,GOUKI,4.933
202605,41,SAGAT,DEE JAY,4.91
202605,41,SAGAT,E.HONDA,4.905
202605,41,SAGAT,ED,4.897
202605,41,SAGAT,VEGA,4.878
202605,41,SAGAT,MAI,4.818
202605,41,SAGAT,ALEX,4.813
202605,41,SAGAT,LILY,4.812
202605,41,SAGAT,INGRID,4.611
202601,42,SAGAT,DHALSIM,5.479
202601,42,SAGAT,BLANKA,5.317
202601,42,SAGAT,JAMIE,5.282
202601,42,SAGAT,JURI,5.258
202601,42,SAGAT,KIMBERLY,5.194
202601,42,SAGAT,TERRY,5.146
202601,42,SAGAT,ZANGIEF,5.126
202601,42,SAGAT,CHUN-LI,5.111
202601,42,SAGAT,ELENA,5.101
202601,42,SAGAT,C.VIPER,5.1
202601,42,SAGAT,LUKE,5.068
202601,42,SAGAT,A.K.I.,5.065
202601,42,SAGAT,RASHID,5.034
202601,42,SAGAT,KEN,5.027
202601,42,SAGAT,GUILE,5.02
202601,42,SAGAT,DEE JAY,5.015
202601,42,SAGAT,MANON,5.01
202601,42,SAGAT,RYU,4.999
202601,42,SAGAT,LILY,4.961
202601,42,SAGAT,GOUKI,4.923
202601,42,SAGAT,CAMMY,4.9
202601,42,SAGAT,MAI,4.887
202601,42,SAGAT,MARISA,4.864
202601,42,SAGAT,JP,4.825
202601,42,SAGAT,VEGA,4.824
202601,42,SAGAT,E.HONDA,4.822
202601,42,SAGAT,ED,4.72
202602,42,SAGAT,DHALSIM,5.396
202602,42,SAGAT,JAMIE,5.322
202602,42,SAGAT,ZANGIEF,5.306
202602,42,SAGAT,BLANKA,5.184
202602,42,SAGAT,LUKE,5.132
202602,42,SAGAT,DEE JAY,5.125
202602,42,SAGAT,CHUN-LI,5.112
202602,42,SAGAT,MANON,5.107
202602,42,SAGAT,ELENA,5.086
202602,42,SAGAT,GUILE,5.08
202602,42,SAGAT,KIMBERLY,5.032
202602,42,SAGAT,GOUKI,5.021
202602,42,SAGAT,KEN,5.016
202602,42,SAGAT,TERRY,5.003
202602,42,SAGAT,RYU,5.0
202602,42,SAGAT,A.K.I.,4.996
202602,42,SAGAT,C.VIPER,4.996
202602,42,SAGAT,LILY,4.995
202602,42,SAGAT,VEGA,4.973
202602,42,SAGAT,E.HONDA,4.938
202602,42,SAGAT,MARISA,4.936
202602,42,SAGAT,RASHID,4.924
202602,42,SAGAT,MAI,4.922
202602,42,SAGAT,JURI,4.845
202602,42,SAGAT,JP,4.794
202602,42,SAGAT,CAMMY,4.784
202602,42,SAGAT,ED,4.664
202603,42,SAGAT,BLANKA,5.272
202603,42,SAGAT,ELENA,5.254
202603,42,SAGAT,TERRY,5.224
202603,42,SAGAT,JAMIE,5.178
202603,42,SAGAT,DHALSIM,5.176
202603,42,SAGAT,JURI,5.136
202603,42,SAGAT,C.VIPER,5.131
202603,42,SAGAT,LUKE,5.128
202603,42,SAGAT,KEN,5.128
202603,42,SAGAT,KIMBERLY,5.104
202603,42,SAGAT,CAMMY,5.087
202603,42,SAGAT,MANON,5.062
202603,42,SAGAT,GUILE,5.043
202603,42,SAGAT,RASHID,5.006
202603,42,SAGAT,VEGA,5.0
202603,42,SAGAT,MAI,4.985
202603,42,SAGAT,ZANGIEF,4.984
202603,42,SAGAT,A.K.I.,4.983
202603,42,SAGAT,RYU,4.974
202603,42,SAGAT,DEE JAY,4.967
202603,42,SAGAT,E.HONDA,4.966
202603,42,SAGAT,ED,4.946
202603,42,SAGAT,GOUKI,4.919
202603,42,SAGAT,MARISA,4.91
202603,42,SAGAT,JP,4.848
202603,42,SAGAT,CHUN-LI,4.833
202603,42,SAGAT,ALEX,4.811
202603,42,SAGAT,LILY,4.761
202604,42,SAGAT,ZANGIEF,5.299
202604,42,SAGAT,RASHID,5.293
202604,42,SAGAT,BLANKA,5.274
202604,42,SAGAT,LUKE,5.195
202604,42,SAGAT,DHALSIM,5.15
202604,42,SAGAT,KEN,5.143
202604,42,SAGAT,DEE JAY,5.142
202604,42,SAGAT,JAMIE,5.138
202604,42,SAGAT,KIMBERLY,5.137
202604,42,SAGAT,GUILE,5.128
202604,42,SAGAT,JURI,5.124
202604,42,SAGAT,CHUN-LI,5.1
202604,42,SAGAT,MANON,5.046
202604,42,SAGAT,A.K.I.,5.035
202604,42,SAGAT,TERRY,5.033
202604,42,SAGAT,C.VIPER,5.014
202604,42,SAGAT,MAI,4.993
202604,42,SAGAT,RYU,4.989
202604,42,SAGAT,MARISA,4.949
202604,42,SAGAT,CAMMY,4.938
202604,42,SAGAT,LILY,4.932
202604,42,SAGAT,GOUKI,4.925
202604,42,SAGAT,ELENA,4.889
202604,42,SAGAT,JP,4.882
202604,42,SAGAT,VEGA,4.862
202604,42,SAGAT,ALEX,4.85
202604,42,SAGAT,ED,4.828
202604,42,SAGAT,E.HONDA,4.823
202605,42,SAGAT,BLANKA,5.537
202605,42,SAGAT,RASHID,5.496
202605,42,SAGAT,KEN,5.495
202605,42,SAGAT,JAMIE,5.322
202605,42,SAGAT,KIMBERLY,5.319
202605,42,SAGAT,CAMMY,5.222
202605,42,SAGAT,JURI,5.22
202605,42,SAGAT,MANON,5.196
202605,42,SAGAT,LUKE,5.193
202605,42,SAGAT,DEE JAY,5.185
202605,42,SAGAT,GUILE,5.158
202605,42,SAGAT,DHALSIM,5.107
202605,42,SAGAT,ZANGIEF,5.106
202605,42,SAGAT,CHUN-LI,5.087
202605,42,SAGAT,MAI,5.075
202605,42,SAGAT,RYU,5.071
202605,42,SAGAT,ELENA,5.048
202605,42,SAGAT,LILY,5.027
202605,42,SAGAT,MARISA,5.022
202605,42,SAGAT,C.VIPER,5.022
202605,42,SAGAT,A.K.I.,5.008
202605,42,SAGAT,TERRY,4.956
202605,42,SAGAT,GOUKI,4.947
202605,42,SAGAT,INGRID,4.916
202605,42,SAGAT,VEGA,4.907
202605,42,SAGAT,ED,4.858
202605,42,SAGAT,ALEX,4.804
202605,42,SAGAT,E.HONDA,4.724
202605,42,SAGAT,JP,4.707
202601,40,TERRY,KIMBERLY,5.197
202601,40,TERRY,DHALSIM,5.189
202601,40,TERRY,MARISA,5.138
202601,40,TERRY,E.HONDA,5.087
202601,40,TERRY,BLANKA,5.081
202601,40,TERRY,CHUN-LI,5.078
202601,40,TERRY,GOUKI,5.065
202601,40,TERRY,A.K.I.,5.037
202601,40,TERRY,JAMIE,5.016
202601,40,TERRY,KEN,5.012
202601,40,TERRY,C.VIPER,5.01
202601,40,TERRY,JURI,5.001
202601,40,TERRY,CAMMY,4.994
202601,40,TERRY,DEE JAY,4.99
202601,40,TERRY,VEGA,4.987
202601,40,TERRY,RASHID,4.972
202601,40,TERRY,ELENA,4.972
202601,40,TERRY,LILY,4.969
202601,40,TERRY,RYU,4.967
202601,40,TERRY,ZANGIEF,4.953
202601,40,TERRY,SAGAT,4.95
202601,40,TERRY,MAI,4.949
202601,40,TERRY,ED,4.938
202601,40,TERRY,LUKE,4.926
202601,40,TERRY,MANON,4.888
202601,40,TERRY,JP,4.76
202601,40,TERRY,GUILE,4.758
202602,40,TERRY,LILY,5.273
202602,40,TERRY,DHALSIM,5.238
202602,40,TERRY,JAMIE,5.124
202602,40,TERRY,KIMBERLY,5.076
202602,40,TERRY,ED,5.072
202602,40,TERRY,C.VIPER,5.066
202602,40,TERRY,MARISA,5.059
202602,40,TERRY,RYU,5.05
202602,40,TERRY,A.K.I.,5.045
202602,40,TERRY,CAMMY,5.039
202602,40,TERRY,JURI,5.037
202602,40,TERRY,GOUKI,5.021
202602,40,TERRY,CHUN-LI,5.015
202602,40,TERRY,BLANKA,5.0
202602,40,TERRY,ELENA,4.99
202602,40,TERRY,VEGA,4.986
202602,40,TERRY,E.HONDA,4.98
202602,40,TERRY,MAI,4.972
202602,40,TERRY,KEN,4.965
202602,40,TERRY,ZANGIEF,4.928
202602,40,TERRY,MANON,4.916
202602,40,TERRY,RASHID,4.912
202602,40,TERRY,LUKE,4.899
202602,40,TERRY,SAGAT,4.895
202602,40,TERRY,DEE JAY,4.842
202602,40,TERRY,GUILE,4.809
202602,40,TERRY,JP,4.742
202603,40,TERRY,KIMBERLY,5.271
202603,40,TERRY,C.VIPER,5.126
202603,40,TERRY,DHALSIM,5.122
202603,40,TERRY,KEN,5.101
202603,40,TERRY,A.K.I.,5.096
202603,40,TERRY,GOUKI,5.062
202603,40,TERRY,BLANKA,5.061
202603,40,TERRY,ALEX,5.04
202603,40,TERRY,JAMIE,5.038
202603,40,TERRY,MAI,5.034
202603,40,TERRY,MARISA,5.03
202603,40,TERRY,LILY,5.029
202603,40,TERRY,RYU,5.029
202603,40,TERRY,RASHID,5.023
202603,40,TERRY,ELENA,5.019
202603,40,TERRY,ED,5.016
202603,40,TERRY,SAGAT,4.988
202603,40,TERRY,VEGA,4.986
202603,40,TERRY,MANON,4.966
202603,40,TERRY,JURI,4.961
202603,40,TERRY,CAMMY,4.96
202603,40,TERRY,ZANGIEF,4.952
202603,40,TERRY,LUKE,4.927
202603,40,TERRY,CHUN-LI,4.873
202603,40,TERRY,DEE JAY,4.862
202603,40,TERRY,JP,4.847
202603,40,TERRY,GUILE,4.809
202603,40,TERRY,E.HONDA,4.679
202604,40,TERRY,ALEX,5.194
202604,40,TERRY,LILY,5.122
202604,40,TERRY,JAMIE,5.107
202604,40,TERRY,C.VIPER,5.077
202604,40,TERRY,KIMBERLY,5.069
202604,40,TERRY,DEE JAY,5.068
202604,40,TERRY,GOUKI,5.057
202604,40,TERRY,KEN,5.04
202604,40,TERRY,MAI,5.029
202604,40,TERRY,A.K.I.,5.001
202604,40,TERRY,ZANGIEF,5.0
202604,40,TERRY,RASHID,4.988
202604,40,TERRY,MARISA,4.986
202604,40,TERRY,VEGA,4.982
202604,40,TERRY,JURI,4.979
202604,40,TERRY,SAGAT,4.971
202604,40,TERRY,LUKE,4.97
202604,40,TERRY,DHALSIM,4.962
202604,40,TERRY,CAMMY,4.957
202604,40,TERRY,ELENA,4.918
202604,40,TERRY,ED,4.915
202604,40,TERRY,BLANKA,4.893
202604,40,TERRY,RYU,4.885
202604,40,TERRY,MANON,4.848
202604,40,TERRY,JP,4.841
202604,40,TERRY,GUILE,4.822
202604,40,TERRY,E.HONDA,4.814
202604,40,TERRY,CHUN-LI,4.746
202605,40,TERRY,ALEX,5.267
202605,40,TERRY,LILY,5.178
202605,40,TERRY,BLANKA,5.173
202605,40,TERRY,KIMBERLY,5.145
202605,40,TERRY,ED,5.088
202605,40,TERRY,DHALSIM,5.063
202605,40,TERRY,GOUKI,5.062
202605,40,TERRY,JURI,5.05
202605,40,TERRY,KEN,5.041
202605,40,TERRY,MARISA,5.018
202605,40,TERRY,A.K.I.,5.002
202605,40,TERRY,SAGAT,4.994
202605,40,TERRY,JAMIE,4.991
202605,40,TERRY,ELENA,4.978
202605,40,TERRY,MANON,4.967
202605,40,TERRY,ZANGIEF,4.96
202605,40,TERRY,VEGA,4.959
202605,40,TERRY,CAMMY,4.945
202605,40,TERRY,C.VIPER,4.944
202605,40,TERRY,LUKE,4.931
202605,40,TERRY,MAI,4.931
202605,40,TERRY,RYU,4.93
202605,40,TERRY,DEE JAY,4.89
202605,40,TERRY,RASHID,4.875
202605,40,TERRY,E.HONDA,4.87
202605,40,TERRY,CHUN-LI,4.864
202605,40,TERRY,JP,4.778
202605,40,TERRY,GUILE,4.738
202605,40,TERRY,INGRID,4.682
202601,41,TERRY,LILY,5.274
202601,41,TERRY,KIMBERLY,5.212
202601,41,TERRY,VEGA,5.145
202601,41,TERRY,RASHID,5.113
202601,41,TERRY,DEE JAY,5.093
202601,41,TERRY,A.K.I.,5.074
202601,41,TERRY,JAMIE,5.067
202601,41,TERRY,E.HONDA,5.067
202601,41,TERRY,KEN,5.066
202601,41,TERRY,ZANGIEF,5.054
202601,41,TERRY,BLANKA,5.053
202601,41,TERRY,CHUN-LI,5.051
202601,41,TERRY,MARISA,5.029
202601,41,TERRY,ED,5.017
202601,41,TERRY,CAMMY,5.016
202601,41,TERRY,C.VIPER,5.01
202601,41,TERRY,DHALSIM,4.964
202601,41,TERRY,GUILE,4.961
202601,41,TERRY,GOUKI,4.953
202601,41,TERRY,RYU,4.943
202601,41,TERRY,JP,4.92
202601,41,TERRY,JURI,4.912
202601,41,TERRY,MANON,4.908
202601,41,TERRY,SAGAT,4.907
202601,41,TERRY,ELENA,4.887
202601,41,TERRY,MAI,4.847
202601,41,TERRY,LUKE,4.813
202602,41,TERRY,A.K.I.,5.308
202602,41,TERRY,LILY,5.303
202602,41,TERRY,DHALSIM,5.227
202602,41,TERRY,GOUKI,5.189
202602,41,TERRY,KIMBERLY,5.145
202602,41,TERRY,KEN,5.121
202602,41,TERRY,E.HONDA,5.106
202602,41,TERRY,MANON,5.098
202602,41,TERRY,DEE JAY,5.09
202602,41,TERRY,C.VIPER,5.084
202602,41,TERRY,VEGA,5.072
202602,41,TERRY,RYU,5.07
202602,41,TERRY,LUKE,5.059
202602,41,TERRY,MARISA,5.039
202602,41,TERRY,MAI,5.005
202602,41,TERRY,ED,5.002
202602,41,TERRY,CHUN-LI,4.997
202602,41,TERRY,BLANKA,4.992
202602,41,TERRY,JAMIE,4.99
202602,41,TERRY,RASHID,4.974
202602,41,TERRY,ZANGIEF,4.948
202602,41,TERRY,SAGAT,4.922
202602,41,TERRY,JURI,4.906
202602,41,TERRY,CAMMY,4.875
202602,41,TERRY,ELENA,4.839
202602,41,TERRY,JP,4.766
202602,41,TERRY,GUILE,4.698
202603,41,TERRY,DHALSIM,5.325
202603,41,TERRY,KIMBERLY,5.217
202603,41,TERRY,ALEX,5.21
202603,41,TERRY,A.K.I.,5.154
202603,41,TERRY,GOUKI,5.111
202603,41,TERRY,JURI,5.094
202603,41,TERRY,CAMMY,5.084
202603,41,TERRY,C.VIPER,5.07
202603,41,TERRY,ZANGIEF,5.066
202603,41,TERRY,MARISA,5.061
202603,41,TERRY,BLANKA,5.059
202603,41,TERRY,E.HONDA,5.058
202603,41,TERRY,ED,5.033
202603,41,TERRY,ELENA,5.031
202603,41,TERRY,LILY,5.015
202603,41,TERRY,LUKE,4.997
202603,41,TERRY,MAI,4.997
202603,41,TERRY,RASHID,4.993
202603,41,TERRY,DEE JAY,4.981
202603,41,TERRY,KEN,4.97
202603,41,TERRY,MANON,4.948
202603,41,TERRY,SAGAT,4.93
202603,41,TERRY,GUILE,4.914
202603,41,TERRY,VEGA,4.912
202603,41,TERRY,CHUN-LI,4.904
202603,41,TERRY,RYU,4.885
202603,41,TERRY,JP,4.869
202603,41,TERRY,JAMIE,4.83
202604,41,TERRY,LILY,5.368
202604,41,TERRY,BLANKA,5.206
202604,41,TERRY,MARISA,5.186
202604,41,TERRY,DHALSIM,5.175
202604,41,TERRY,ALEX,5.136
202604,41,TERRY,JURI,5.093
202604,41,TERRY,JAMIE,5.076
202604,41,TERRY,E.HONDA,5.076
202604,41,TERRY,A.K.I.,5.075
202604,41,TERRY,RASHID,5.071
202604,41,TERRY,KIMBERLY,5.063
202604,41,TERRY,ED,5.057
202604,41,TERRY,ZANGIEF,5.043
202604,41,TERRY,KEN,5.034
202604,41,TERRY,VEGA,5.033
202604,41,TERRY,LUKE,5.008
202604,41,TERRY,CAMMY,4.992
202604,41,TERRY,ELENA,4.958
202604,41,TERRY,GOUKI,4.944
202604,41,TERRY,C.VIPER,4.931
202604,41,TERRY,SAGAT,4.93
202604,41,TERRY,DEE JAY,4.92
202604,41,TERRY,JP,4.87
202604,41,TERRY,RYU,4.863
202604,41,TERRY,CHUN-LI,4.828
202604,41,TERRY,GUILE,4.824
202604,41,TERRY,MAI,4.815
202604,41,TERRY,MANON,4.807
202605,41,TERRY,ALEX,5.237
202605,41,TERRY,GOUKI,5.235
202605,41,TERRY,DHALSIM,5.229
202605,41,TERRY,KIMBERLY,5.197
202605,41,TERRY,LILY,5.194
202605,41,TERRY,JAMIE,5.125
202605,41,TERRY,LUKE,5.118
202605,41,TERRY,E.HONDA,5.112
202605,41,TERRY,DEE JAY,5.051
202605,41,TERRY,BLANKA,5.015
202605,41,TERRY,RYU,4.997
202605,41,TERRY,A.K.I.,4.995
202605,41,TERRY,MAI,4.981
202605,41,TERRY,KEN,4.97
202605,41,TERRY,JP,4.965
202605,41,TERRY,CAMMY,4.963
202605,41,TERRY,SAGAT,4.954
202605,41,TERRY,MARISA,4.952
202605,41,TERRY,JURI,4.944
202605,41,TERRY,VEGA,4.938
202605,41,TERRY,RASHID,4.923
202605,41,TERRY,ED,4.922
202605,41,TERRY,ELENA,4.918
202605,41,TERRY,MANON,4.885
202605,41,TERRY,C.VIPER,4.884
202605,41,TERRY,GUILE,4.83
202605,41,TERRY,ZANGIEF,4.826
202605,41,TERRY,CHUN-LI,4.638
202605,41,TERRY,INGRID,4.621
202601,42,TERRY,LILY,5.376
202601,42,TERRY,KEN,5.165
202601,42,TERRY,E.HONDA,5.16
202601,42,TERRY,CAMMY,5.155
202601,42,TERRY,GOUKI,5.154
202601,42,TERRY,RASHID,5.151
202601,42,TERRY,A.K.I.,5.141
202601,42,TERRY,DHALSIM,5.093
202601,42,TERRY,ED,5.084
202601,42,TERRY,BLANKA,5.061
202601,42,TERRY,KIMBERLY,5.037
202601,42,TERRY,VEGA,5.031
202601,42,TERRY,MARISA,5.023
202601,42,TERRY,JAMIE,5.019
202601,42,TERRY,RYU,4.992
202601,42,TERRY,ZANGIEF,4.992
202601,42,TERRY,JURI,4.975
202601,42,TERRY,JP,4.965
202601,42,TERRY,C.VIPER,4.957
202601,42,TERRY,MAI,4.955
202601,42,TERRY,ELENA,4.948
202601,42,TERRY,MANON,4.932
202601,42,TERRY,CHUN-LI,4.895
202601,42,TERRY,LUKE,4.881
202601,42,TERRY,DEE JAY,4.876
202601,42,TERRY,SAGAT,4.854
202601,42,TERRY,GUILE,4.821
202602,42,TERRY,GOUKI,5.296
202602,42,TERRY,JAMIE,5.207
202602,42,TERRY,KIMBERLY,5.204
202602,42,TERRY,MARISA,5.186
202602,42,TERRY,VEGA,5.182
202602,42,TERRY,C.VIPER,5.147
202602,42,TERRY,LUKE,5.141
202602,42,TERRY,A.K.I.,5.118
202602,42,TERRY,RYU,5.054
202602,42,TERRY,ZANGIEF,5.03
202602,42,TERRY,E.HONDA,5.025
202602,42,TERRY,JURI,5.02
202602,42,TERRY,SAGAT,5.008
202602,42,TERRY,MANON,5.0
202602,42,TERRY,ED,4.972
202602,42,TERRY,DHALSIM,4.97
202602,42,TERRY,MAI,4.93
202602,42,TERRY,BLANKA,4.897
202602,42,TERRY,ELENA,4.873
202602,42,TERRY,LILY,4.869
202602,42,TERRY,GUILE,4.857
202602,42,TERRY,JP,4.855
202602,42,TERRY,KEN,4.855
202602,42,TERRY,DEE JAY,4.764
202602,42,TERRY,CAMMY,4.76
202602,42,TERRY,CHUN-LI,4.665
202602,42,TERRY,RASHID,4.646
202603,42,TERRY,A.K.I.,5.361
202603,42,TERRY,ALEX,5.318
202603,42,TERRY,LILY,5.313
202603,42,TERRY,BLANKA,5.299
202603,42,TERRY,GOUKI,5.288
202603,42,TERRY,DHALSIM,5.23
202603,42,TERRY,ED,5.199
202603,42,TERRY,ZANGIEF,5.15
202603,42,TERRY,RYU,5.141
202603,42,TERRY,KEN,5.129
202603,42,TERRY,JURI,5.118
202603,42,TERRY,LUKE,5.089
202603,42,TERRY,KIMBERLY,5.067
202603,42,TERRY,E.HONDA,5.064
202603,42,TERRY,JAMIE,5.043
202603,42,TERRY,RASHID,5.017
202603,42,TERRY,MANON,4.991
202603,42,TERRY,MARISA,4.957
202603,42,TERRY,DEE JAY,4.92
202603,42,TERRY,C.VIPER,4.917
202603,42,TERRY,JP,4.872
202603,42,TERRY,ELENA,4.839
202603,42,TERRY,GUILE,4.799
202603,42,TERRY,VEGA,4.772
202603,42,TERRY,CAMMY,4.768
202603,42,TERRY,MAI,4.766
202603,42,TERRY,SAGAT,4.753
202603,42,TERRY,CHUN-LI,4.733
202604,42,TERRY,A.K.I.,5.255
202604,42,TERRY,KEN,5.19
202604,42,TERRY,DHALSIM,5.178
202604,42,TERRY,LUKE,5.144
202604,42,TERRY,LILY,5.144
202604,42,TERRY,ALEX,5.144
202604,42,TERRY,BLANKA,5.139
202604,42,TERRY,VEGA,5.099
202604,42,TERRY,MANON,5.081
202604,42,TERRY,E.HONDA,5.063
202604,42,TERRY,KIMBERLY,5.058
202604,42,TERRY,GOUKI,5.053
202604,42,TERRY,RASHID,5.045
202604,42,TERRY,JURI,5.015
202604,42,TERRY,CAMMY,4.984
202604,42,TERRY,DEE JAY,4.983
202604,42,TERRY,ELENA,4.983
202604,42,TERRY,ED,4.98
202604,42,TERRY,JP,4.97
202604,42,TERRY,SAGAT,4.967
202604,42,TERRY,JAMIE,4.963
202604,42,TERRY,RYU,4.944
202604,42,TERRY,C.VIPER,4.943
202604,42,TERRY,MAI,4.94
202604,42,TERRY,MARISA,4.927
202604,42,TERRY,CHUN-LI,4.888
202604,42,TERRY,GUILE,4.878
202604,42,TERRY,ZANGIEF,4.838
202605,42,TERRY,A.K.I.,5.582
202605,42,TERRY,BLANKA,5.424
202605,42,TERRY,JURI,5.422
202605,42,TERRY,KIMBERLY,5.375
202605,42,TERRY,MANON,5.254
202605,42,TERRY,KEN,5.233
202605,42,TERRY,LILY,5.157
202605,42,TERRY,RASHID,5.155
202605,42,TERRY,C.VIPER,5.079
202605,42,TERRY,E.HONDA,5.074
202605,42,TERRY,SAGAT,5.039
202605,42,TERRY,RYU,5.035
202605,42,TERRY,ZANGIEF,5.03
202605,42,TERRY,LUKE,5.008
202605,42,TERRY,MAI,4.997
202605,42,TERRY,ALEX,4.993
202605,42,TERRY,DHALSIM,4.979
202605,42,TERRY,GOUKI,4.978
202605,42,TERRY,JP,4.977
202605,42,TERRY,JAMIE,4.958
202605,42,TERRY,VEGA,4.948
202605,42,TERRY,CAMMY,4.945
202605,42,TERRY,ELENA,4.94
202605,42,TERRY,MARISA,4.886
202605,42,TERRY,ED,4.864
202605,42,TERRY,DEE JAY,4.828
202605,42,TERRY,GUILE,4.76
202605,42,TERRY,CHUN-LI,4.746
202605,42,TERRY,INGRID,4.491
202601,40,VEGA,DHALSIM,5.637
202601,40,VEGA,JP,5.489
202601,40,VEGA,GUILE,5.41
202601,40,VEGA,GOUKI,5.235
202601,40,VEGA,A.K.I.,5.188
202601,40,VEGA,CHUN-LI,5.175
202601,40,VEGA,C.VIPER,5.139
202601,40,VEGA,ELENA,5.136
202601,40,VEGA,RASHID,5.131
202601,40,VEGA,JURI,5.121
202601,40,VEGA,MAI,5.092
202601,40,VEGA,DEE JAY,5.061
202601,40,VEGA,JAMIE,5.052
202601,40,VEGA,RYU,5.038
202601,40,VEGA,SAGAT,5.016
202601,40,VEGA,TERRY,4.987
202601,40,VEGA,BLANKA,4.973
202601,40,VEGA,KIMBERLY,4.941
202601,40,VEGA,ED,4.92
202601,40,VEGA,CAMMY,4.878
202601,40,VEGA,LUKE,4.851
202601,40,VEGA,KEN,4.809
202601,40,VEGA,MARISA,4.807
202601,40,VEGA,LILY,4.773
202601,40,VEGA,MANON,4.669
202601,40,VEGA,E.HONDA,4.596
202601,40,VEGA,ZANGIEF,4.502
202602,40,VEGA,JP,5.43
202602,40,VEGA,DHALSIM,5.42
202602,40,VEGA,GUILE,5.327
202602,40,VEGA,A.K.I.,5.316
202602,40,VEGA,CHUN-LI,5.302
202602,40,VEGA,GOUKI,5.229
202602,40,VEGA,C.VIPER,5.154
202602,40,VEGA,SAGAT,5.131
202602,40,VEGA,RASHID,5.126
202602,40,VEGA,JAMIE,5.108
202602,40,VEGA,ELENA,5.104
202602,40,VEGA,MAI,5.086
202602,40,VEGA,JURI,5.077
202602,40,VEGA,DEE JAY,5.065
202602,40,VEGA,TERRY,5.014
202602,40,VEGA,RYU,4.98
202602,40,VEGA,CAMMY,4.959
202602,40,VEGA,KEN,4.924
202602,40,VEGA,LUKE,4.913
202602,40,VEGA,ED,4.899
202602,40,VEGA,KIMBERLY,4.88
202602,40,VEGA,MARISA,4.848
202602,40,VEGA,LILY,4.824
202602,40,VEGA,BLANKA,4.795
202602,40,VEGA,MANON,4.696
202602,40,VEGA,ZANGIEF,4.577
202602,40,VEGA,E.HONDA,4.453
202603,40,VEGA,DHALSIM,5.59
202603,40,VEGA,JP,5.48
202603,40,VEGA,GUILE,5.453
202603,40,VEGA,A.K.I.,5.313
202603,40,VEGA,RASHID,5.272
202603,40,VEGA,GOUKI,5.245
202603,40,VEGA,MAI,5.209
202603,40,VEGA,CHUN-LI,5.177
202603,40,VEGA,RYU,5.138
202603,40,VEGA,ELENA,5.127
202603,40,VEGA,DEE JAY,5.124
202603,40,VEGA,SAGAT,5.087
202603,40,VEGA,JAMIE,5.053
202603,40,VEGA,JURI,5.007
202603,40,VEGA,TERRY,5.006
202603,40,VEGA,KIMBERLY,4.996
202603,40,VEGA,C.VIPER,4.996
202603,40,VEGA,MARISA,4.974
202603,40,VEGA,BLANKA,4.91
202603,40,VEGA,KEN,4.909
202603,40,VEGA,ED,4.909
202603,40,VEGA,LILY,4.88
202603,40,VEGA,CAMMY,4.869
202603,40,VEGA,LUKE,4.865
202603,40,VEGA,ALEX,4.839
202603,40,VEGA,MANON,4.661
202603,40,VEGA,ZANGIEF,4.56
202603,40,VEGA,E.HONDA,4.396
202604,40,VEGA,GUILE,5.451
202604,40,VEGA,JP,5.387
202604,40,VEGA,DHALSIM,5.365
202604,40,VEGA,RASHID,5.298
202604,40,VEGA,MAI,5.235
202604,40,VEGA,GOUKI,5.23
202604,40,VEGA,ELENA,5.219
202604,40,VEGA,A.K.I.,5.176
202604,40,VEGA,CHUN-LI,5.165
202604,40,VEGA,DEE JAY,5.111
202604,40,VEGA,JURI,5.101
202604,40,VEGA,JAMIE,5.095
202604,40,VEGA,BLANKA,5.078
202604,40,VEGA,RYU,5.077
202604,40,VEGA,SAGAT,5.066
202604,40,VEGA,TERRY,5.0
202604,40,VEGA,C.VIPER,4.998
202604,40,VEGA,ALEX,4.967
202604,40,VEGA,ED,4.966
202604,40,VEGA,LUKE,4.938
202604,40,VEGA,MARISA,4.937
202604,40,VEGA,KIMBERLY,4.916
202604,40,VEGA,CAMMY,4.879
202604,40,VEGA,LILY,4.854
202604,40,VEGA,KEN,4.835
202604,40,VEGA,MANON,4.773
202604,40,VEGA,ZANGIEF,4.654
202604,40,VEGA,E.HONDA,4.511
202605,40,VEGA,JP,5.405
202605,40,VEGA,GUILE,5.369
202605,40,VEGA,DHALSIM,5.275
202605,40,VEGA,GOUKI,5.264
202605,40,VEGA,RASHID,5.225
202605,40,VEGA,CHUN-LI,5.21
202605,40,VEGA,A.K.I.,5.202
202605,40,VEGA,C.VIPER,5.156
202605,40,VEGA,ELENA,5.114
202605,40,VEGA,MAI,5.072
202605,40,VEGA,ALEX,5.051
202605,40,VEGA,JURI,5.034
202605,40,VEGA,ED,5.032
202605,40,VEGA,TERRY,5.031
202605,40,VEGA,SAGAT,5.011
202605,40,VEGA,RYU,4.977
202605,40,VEGA,JAMIE,4.973
202605,40,VEGA,DEE JAY,4.968
202605,40,VEGA,KIMBERLY,4.965
202605,40,VEGA,LUKE,4.934
202605,40,VEGA,INGRID,4.931
202605,40,VEGA,BLANKA,4.898
202605,40,VEGA,CAMMY,4.88
202605,40,VEGA,KEN,4.875
202605,40,VEGA,LILY,4.842
202605,40,VEGA,MARISA,4.803
202605,40,VEGA,MANON,4.75
202605,40,VEGA,ZANGIEF,4.62
202605,40,VEGA,E.HONDA,4.511
202601,41,VEGA,JP,5.474
202601,41,VEGA,A.K.I.,5.456
202601,41,VEGA,DHALSIM,5.453
202601,41,VEGA,GUILE,5.313
202601,41,VEGA,GOUKI,5.235
202601,41,VEGA,DEE JAY,5.213
202601,41,VEGA,SAGAT,5.192
202601,41,VEGA,CHUN-LI,5.187
202601,41,VEGA,C.VIPER,5.142
202601,41,VEGA,MAI,5.123
202601,41,VEGA,RASHID,5.083
202601,41,VEGA,RYU,5.016
202601,41,VEGA,JURI,5.015
202601,41,VEGA,BLANKA,5.005
202601,41,VEGA,LUKE,4.985
202601,41,VEGA,JAMIE,4.96
202601,41,VEGA,ED,4.957
202601,41,VEGA,ELENA,4.956
202601,41,VEGA,CAMMY,4.926
202601,41,VEGA,MARISA,4.9
202601,41,VEGA,TERRY,4.876
202601,41,VEGA,KIMBERLY,4.856
202601,41,VEGA,LILY,4.758
202601,41,VEGA,KEN,4.744
202601,41,VEGA,MANON,4.731
202601,41,VEGA,ZANGIEF,4.62
202601,41,VEGA,E.HONDA,4.405
202602,41,VEGA,DHALSIM,5.481
202602,41,VEGA,GUILE,5.383
202602,41,VEGA,JP,5.24
202602,41,VEGA,GOUKI,5.168
202602,41,VEGA,A.K.I.,5.132
202602,41,VEGA,CHUN-LI,5.113
202602,41,VEGA,SAGAT,5.112
202602,41,VEGA,JURI,5.091
202602,41,VEGA,RASHID,5.014
202602,41,VEGA,JAMIE,5.008
202602,41,VEGA,DEE JAY,5.0
202602,41,VEGA,ELENA,4.96
202602,41,VEGA,TERRY,4.95
202602,41,VEGA,LUKE,4.945
202602,41,VEGA,KIMBERLY,4.937
202602,41,VEGA,BLANKA,4.936
202602,41,VEGA,MAI,4.931
202602,41,VEGA,KEN,4.925
202602,41,VEGA,C.VIPER,4.925
202602,41,VEGA,ED,4.882
202602,41,VEGA,CAMMY,4.873
202602,41,VEGA,MARISA,4.868
202602,41,VEGA,RYU,4.865
202602,41,VEGA,MANON,4.808
202602,41,VEGA,LILY,4.607
202602,41,VEGA,ZANGIEF,4.5
202602,41,VEGA,E.HONDA,4.391
202603,41,VEGA,DHALSIM,5.391
202603,41,VEGA,GUILE,5.313
202603,41,VEGA,JP,5.306
202603,41,VEGA,CHUN-LI,5.244
202603,41,VEGA,RASHID,5.236
202603,41,VEGA,MAI,5.145
202603,41,VEGA,GOUKI,5.134
202603,41,VEGA,SAGAT,5.131
202603,41,VEGA,A.K.I.,5.116
202603,41,VEGA,C.VIPER,5.116
202603,41,VEGA,JAMIE,5.107
202603,41,VEGA,TERRY,5.099
202603,41,VEGA,JURI,5.046
202603,41,VEGA,KIMBERLY,5.038
202603,41,VEGA,RYU,5.034
202603,41,VEGA,DEE JAY,5.017
202603,41,VEGA,ALEX,5.017
202603,41,VEGA,ED,4.984
202603,41,VEGA,ELENA,4.929
202603,41,VEGA,BLANKA,4.9
202603,41,VEGA,CAMMY,4.855
202603,41,VEGA,LUKE,4.842
202603,41,VEGA,MARISA,4.764
202603,41,VEGA,LILY,4.743
202603,41,VEGA,KEN,4.725
202603,41,VEGA,MANON,4.611
202603,41,VEGA,ZANGIEF,4.433
202603,41,VEGA,E.HONDA,4.272
202604,41,VEGA,JP,5.504
202604,41,VEGA,GUILE,5.394
202604,41,VEGA,DHALSIM,5.31
202604,41,VEGA,GOUKI,5.269
202604,41,VEGA,CHUN-LI,5.255
202604,41,VEGA,A.K.I.,5.204
202604,41,VEGA,MAI,5.193
202604,41,VEGA,RYU,5.192
202604,41,VEGA,JURI,5.151
202604,41,VEGA,JAMIE,5.105
202604,41,VEGA,ELENA,5.105
202604,41,VEGA,SAGAT,5.105
202604,41,VEGA,KIMBERLY,5.101
202604,41,VEGA,RASHID,5.089
202604,41,VEGA,C.VIPER,5.071
202604,41,VEGA,TERRY,5.02
202604,41,VEGA,ALEX,5.011
202604,41,VEGA,ED,4.992
202604,41,VEGA,DEE JAY,4.969
202604,41,VEGA,LUKE,4.927
202604,41,VEGA,BLANKA,4.923
202604,41,VEGA,CAMMY,4.921
202604,41,VEGA,KEN,4.908
202604,41,VEGA,MARISA,4.867
202604,41,VEGA,LILY,4.807
202604,41,VEGA,MANON,4.611
202604,41,VEGA,ZANGIEF,4.563
202604,41,VEGA,E.HONDA,4.339
202605,41,VEGA,GUILE,5.67
202605,41,VEGA,C.VIPER,5.294
202605,41,VEGA,JP,5.291
202605,41,VEGA,GOUKI,5.273
202605,41,VEGA,RASHID,5.272
202605,41,VEGA,DHALSIM,5.271
202605,41,VEGA,A.K.I.,5.202
202605,41,VEGA,MARISA,5.119
202605,41,VEGA,SAGAT,5.091
202605,41,VEGA,CHUN-LI,5.086
202605,41,VEGA,MAI,5.053
202605,41,VEGA,ALEX,5.042
202605,41,VEGA,TERRY,5.034
202605,41,VEGA,JAMIE,5.006
202605,41,VEGA,JURI,4.987
202605,41,VEGA,RYU,4.97
202605,41,VEGA,INGRID,4.957
202605,41,VEGA,DEE JAY,4.951
202605,41,VEGA,ELENA,4.951
202605,41,VEGA,CAMMY,4.941
202605,41,VEGA,LUKE,4.933
202605,41,VEGA,KIMBERLY,4.925
202605,41,VEGA,KEN,4.871
202605,41,VEGA,BLANKA,4.85
202605,41,VEGA,ED,4.793
202605,41,VEGA,MANON,4.771
202605,41,VEGA,ZANGIEF,4.689
202605,41,VEGA,LILY,4.642
202605,41,VEGA,E.HONDA,4.382
202601,42,VEGA,A.K.I.,5.384
202601,42,VEGA,JP,5.344
202601,42,VEGA,GUILE,5.342
202601,42,VEGA,DHALSIM,5.316
202601,42,VEGA,ELENA,5.249
202601,42,VEGA,C.VIPER,5.224
202601,42,VEGA,SAGAT,5.182
202601,42,VEGA,RASHID,5.166
202601,42,VEGA,MARISA,5.136
202601,42,VEGA,CHUN-LI,5.133
202601,42,VEGA,DEE JAY,5.114
202601,42,VEGA,JAMIE,5.08
202601,42,VEGA,GOUKI,5.077
202601,42,VEGA,KIMBERLY,5.076
202601,42,VEGA,LUKE,5.039
202601,42,VEGA,MAI,5.003
202601,42,VEGA,TERRY,4.97
202601,42,VEGA,JURI,4.969
202601,42,VEGA,RYU,4.933
202601,42,VEGA,KEN,4.858
202601,42,VEGA,LILY,4.843
202601,42,VEGA,CAMMY,4.839
202601,42,VEGA,BLANKA,4.786
202601,42,VEGA,MANON,4.718
202601,42,VEGA,ED,4.649
202601,42,VEGA,E.HONDA,4.524
202601,42,VEGA,ZANGIEF,4.488
202602,42,VEGA,DHALSIM,5.404
202602,42,VEGA,GUILE,5.38
202602,42,VEGA,A.K.I.,5.335
202602,42,VEGA,C.VIPER,5.25
202602,42,VEGA,RASHID,5.226
202602,42,VEGA,MARISA,5.225
202602,42,VEGA,JP,5.187
202602,42,VEGA,CHUN-LI,5.17
202602,42,VEGA,LUKE,5.16
202602,42,VEGA,DEE JAY,5.109
202602,42,VEGA,JAMIE,5.106
202602,42,VEGA,BLANKA,5.032
202602,42,VEGA,KIMBERLY,5.014
202602,42,VEGA,GOUKI,5.006
202602,42,VEGA,RYU,4.98
202602,42,VEGA,MANON,4.958
202602,42,VEGA,SAGAT,4.958
202602,42,VEGA,ELENA,4.94
202602,42,VEGA,E.HONDA,4.916
202602,42,VEGA,MAI,4.885
202602,42,VEGA,CAMMY,4.875
202602,42,VEGA,KEN,4.855
202602,42,VEGA,LILY,4.805
202602,42,VEGA,JURI,4.692
202602,42,VEGA,TERRY,4.691
202602,42,VEGA,ED,4.688
202602,42,VEGA,ZANGIEF,4.668
202603,42,VEGA,DHALSIM,5.361
202603,42,VEGA,A.K.I.,5.328
202603,42,VEGA,GOUKI,5.317
202603,42,VEGA,JP,5.277
202603,42,VEGA,GUILE,5.267
202603,42,VEGA,CHUN-LI,5.264
202603,42,VEGA,DEE JAY,5.21
202603,42,VEGA,RASHID,5.21
202603,42,VEGA,JAMIE,5.163
202603,42,VEGA,TERRY,5.152
202603,42,VEGA,ELENA,5.115
202603,42,VEGA,ALEX,5.109
202603,42,VEGA,MARISA,5.06
202603,42,VEGA,C.VIPER,5.031
202603,42,VEGA,RYU,5.02
202603,42,VEGA,SAGAT,5.018
202603,42,VEGA,BLANKA,4.973
202603,42,VEGA,LUKE,4.964
202603,42,VEGA,JURI,4.96
202603,42,VEGA,KEN,4.934
202603,42,VEGA,MANON,4.917
202603,42,VEGA,KIMBERLY,4.879
202603,42,VEGA,MAI,4.862
202603,42,VEGA,CAMMY,4.81
202603,42,VEGA,ED,4.757
202603,42,VEGA,LILY,4.696
202603,42,VEGA,E.HONDA,4.596
202603,42,VEGA,ZANGIEF,4.557
202604,42,VEGA,A.K.I.,5.387
202604,42,VEGA,GUILE,5.315
202604,42,VEGA,RASHID,5.314
202604,42,VEGA,JP,5.275
202604,42,VEGA,DHALSIM,5.249
202604,42,VEGA,JAMIE,5.208
202604,42,VEGA,GOUKI,5.192
202604,42,VEGA,CHUN-LI,5.14
202604,42,VEGA,DEE JAY,5.136
202604,42,VEGA,SAGAT,5.132
202604,42,VEGA,C.VIPER,5.131
202604,42,VEGA,ALEX,5.127
202604,42,VEGA,MARISA,5.121
202604,42,VEGA,RYU,5.12
202604,42,VEGA,JURI,5.047
202604,42,VEGA,ELENA,5.033
202604,42,VEGA,KIMBERLY,4.982
202604,42,VEGA,ED,4.945
202604,42,VEGA,LILY,4.929
202604,42,VEGA,TERRY,4.909
202604,42,VEGA,KEN,4.893
202604,42,VEGA,CAMMY,4.887
202604,42,VEGA,LUKE,4.878
202604,42,VEGA,MAI,4.87
202604,42,VEGA,BLANKA,4.836
202604,42,VEGA,MANON,4.763
202604,42,VEGA,ZANGIEF,4.556
202604,42,VEGA,E.HONDA,4.484
202605,42,VEGA,DHALSIM,5.612
202605,42,VEGA,GUILE,5.484
202605,42,VEGA,A.K.I.,5.412
202605,42,VEGA,MARISA,5.312
202605,42,VEGA,JP,5.265
202605,42,VEGA,ELENA,5.141
202605,42,VEGA,JAMIE,5.077
202605,42,VEGA,CHUN-LI,5.077
202605,42,VEGA,C.VIPER,5.07
202605,42,VEGA,BLANKA,5.064
202605,42,VEGA,GOUKI,5.056
202605,42,VEGA,SAGAT,5.048
202605,42,VEGA,LILY,5.039
202605,42,VEGA,RASHID,5.039
202605,42,VEGA,TERRY,5.038
202605,42,VEGA,ALEX,5.003
202605,42,VEGA,RYU,4.995
202605,42,VEGA,DEE JAY,4.987
202605,42,VEGA,KIMBERLY,4.967
202605,42,VEGA,INGRID,4.914
202605,42,VEGA,JURI,4.895
202605,42,VEGA,ED,4.871
202605,42,VEGA,MAI,4.794
202605,42,VEGA,ZANGIEF,4.713
202605,42,VEGA,MANON,4.69
202605,42,VEGA,CAMMY,4.69
202605,42,VEGA,LUKE,4.633
202605,42,VEGA,KEN,4.632
202605,42,VEGA,E.HONDA,4.525
202601,40,ZANGIEF,VEGA,5.509
202601,40,ZANGIEF,DEE JAY,5.318
202601,40,ZANGIEF,E.HONDA,5.272
202601,40,ZANGIEF,CAMMY,5.23
202601,40,ZANGIEF,GUILE,5.194
202601,40,ZANGIEF,KIMBERLY,5.122
202601,40,ZANGIEF,KEN,5.118
202601,40,ZANGIEF,MAI,5.094
202601,40,ZANGIEF,TERRY,5.085
202601,40,ZANGIEF,JURI,5.045
202601,40,ZANGIEF,JAMIE,5.011
202601,40,ZANGIEF,CHUN-LI,4.976
202601,40,ZANGIEF,MARISA,4.952
202601,40,ZANGIEF,SAGAT,4.947
202601,40,ZANGIEF,GOUKI,4.922
202601,40,ZANGIEF,RYU,4.894
202601,40,ZANGIEF,ELENA,4.886
202601,40,ZANGIEF,C.VIPER,4.869
202601,40,ZANGIEF,RASHID,4.847
202601,40,ZANGIEF,LUKE,4.781
202601,40,ZANGIEF,A.K.I.,4.695
202601,40,ZANGIEF,BLANKA,4.675
202601,40,ZANGIEF,ED,4.662
202601,40,ZANGIEF,MANON,4.561
202601,40,ZANGIEF,JP,4.454
202601,40,ZANGIEF,LILY,4.079
202601,40,ZANGIEF,DHALSIM,3.681
202602,40,ZANGIEF,VEGA,5.43
202602,40,ZANGIEF,CAMMY,5.316
202602,40,ZANGIEF,GUILE,5.26
202602,40,ZANGIEF,KIMBERLY,5.205
202602,40,ZANGIEF,KEN,5.2
202602,40,ZANGIEF,DEE JAY,5.163
202602,40,ZANGIEF,GOUKI,5.076
202602,40,ZANGIEF,TERRY,5.075
202602,40,ZANGIEF,E.HONDA,5.054
202602,40,ZANGIEF,MAI,5.022
202602,40,ZANGIEF,JAMIE,4.996
202602,40,ZANGIEF,JURI,4.983
202602,40,ZANGIEF,CHUN-LI,4.979
202602,40,ZANGIEF,RASHID,4.92
202602,40,ZANGIEF,LUKE,4.828
202602,40,ZANGIEF,MARISA,4.825
202602,40,ZANGIEF,SAGAT,4.782
202602,40,ZANGIEF,RYU,4.769
202602,40,ZANGIEF,C.VIPER,4.76
202602,40,ZANGIEF,ELENA,4.746
202602,40,ZANGIEF,ED,4.696
202602,40,ZANGIEF,MANON,4.693
202602,40,ZANGIEF,A.K.I.,4.682
202602,40,ZANGIEF,BLANKA,4.679
202602,40,ZANGIEF,JP,4.337
202602,40,ZANGIEF,LILY,4.198
202602,40,ZANGIEF,DHALSIM,3.702
202603,40,ZANGIEF,VEGA,5.436
202603,40,ZANGIEF,CAMMY,5.258
202603,40,ZANGIEF,GUILE,5.21
202603,40,ZANGIEF,DEE JAY,5.171
202603,40,ZANGIEF,KIMBERLY,5.125
202603,40,ZANGIEF,KEN,5.115
202603,40,ZANGIEF,TERRY,5.081
202603,40,ZANGIEF,MAI,5.066
202603,40,ZANGIEF,E.HONDA,4.986
202603,40,ZANGIEF,GOUKI,4.962
202603,40,ZANGIEF,JURI,4.952
202603,40,ZANGIEF,CHUN-LI,4.939
202603,40,ZANGIEF,LUKE,4.925
202603,40,ZANGIEF,JAMIE,4.898
202603,40,ZANGIEF,C.VIPER,4.871
202603,40,ZANGIEF,ELENA,4.861
202603,40,ZANGIEF,ALEX,4.854
202603,40,ZANGIEF,RYU,4.828
202603,40,ZANGIEF,MARISA,4.822
202603,40,ZANGIEF,SAGAT,4.81
202603,40,ZANGIEF,A.K.I.,4.782
202603,40,ZANGIEF,RASHID,4.765
202603,40,ZANGIEF,BLANKA,4.676
202603,40,ZANGIEF,MANON,4.652
202603,40,ZANGIEF,ED,4.465
202603,40,ZANGIEF,LILY,4.342
202603,40,ZANGIEF,JP,4.328
202603,40,ZANGIEF,DHALSIM,3.583
202604,40,ZANGIEF,VEGA,5.358
202604,40,ZANGIEF,CAMMY,5.27
202604,40,ZANGIEF,MAI,5.266
202604,40,ZANGIEF,KEN,5.165
202604,40,ZANGIEF,KIMBERLY,5.164
202604,40,ZANGIEF,GUILE,5.134
202604,40,ZANGIEF,E.HONDA,5.132
202604,40,ZANGIEF,DEE JAY,5.096
202604,40,ZANGIEF,ALEX,5.049
202604,40,ZANGIEF,JAMIE,5.044
202604,40,ZANGIEF,CHUN-LI,5.031
202604,40,ZANGIEF,JURI,4.995
202604,40,ZANGIEF,TERRY,4.987
202604,40,ZANGIEF,GOUKI,4.938
202604,40,ZANGIEF,LUKE,4.913
202604,40,ZANGIEF,RYU,4.835
202604,40,ZANGIEF,RASHID,4.83
202604,40,ZANGIEF,A.K.I.,4.808
202604,40,ZANGIEF,SAGAT,4.784
202604,40,ZANGIEF,C.VIPER,4.767
202604,40,ZANGIEF,MANON,4.67
202604,40,ZANGIEF,ELENA,4.641
202604,40,ZANGIEF,MARISA,4.603
202604,40,ZANGIEF,BLANKA,4.58
202604,40,ZANGIEF,ED,4.541
202604,40,ZANGIEF,LILY,4.325
202604,40,ZANGIEF,JP,4.259
202604,40,ZANGIEF,DHALSIM,3.726
202605,40,ZANGIEF,VEGA,5.381
202605,40,ZANGIEF,CAMMY,5.302
202605,40,ZANGIEF,GUILE,5.212
202605,40,ZANGIEF,JAMIE,5.145
202605,40,ZANGIEF,MAI,5.143
202605,40,ZANGIEF,KEN,5.14
202605,40,ZANGIEF,DEE JAY,5.133
202605,40,ZANGIEF,TERRY,5.061
202605,40,ZANGIEF,KIMBERLY,5.04
202605,40,ZANGIEF,CHUN-LI,5.037
202605,40,ZANGIEF,ALEX,4.971
202605,40,ZANGIEF,LUKE,4.97
202605,40,ZANGIEF,E.HONDA,4.962
202605,40,ZANGIEF,JURI,4.932
202605,40,ZANGIEF,RASHID,4.927
202605,40,ZANGIEF,ELENA,4.907
202605,40,ZANGIEF,GOUKI,4.891
202605,40,ZANGIEF,RYU,4.864
202605,40,ZANGIEF,SAGAT,4.857
202605,40,ZANGIEF,BLANKA,4.798
202605,40,ZANGIEF,C.VIPER,4.792
202605,40,ZANGIEF,MARISA,4.777
202605,40,ZANGIEF,A.K.I.,4.732
202605,40,ZANGIEF,INGRID,4.703
202605,40,ZANGIEF,ED,4.604
202605,40,ZANGIEF,MANON,4.585
202605,40,ZANGIEF,JP,4.265
202605,40,ZANGIEF,LILY,4.221
202605,40,ZANGIEF,DHALSIM,3.626
202601,41,ZANGIEF,GUILE,5.449
202601,41,ZANGIEF,VEGA,5.41
202601,41,ZANGIEF,CAMMY,5.262
202601,41,ZANGIEF,KEN,5.237
202601,41,ZANGIEF,MAI,5.186
202601,41,ZANGIEF,KIMBERLY,5.153
202601,41,ZANGIEF,DEE JAY,5.15
202601,41,ZANGIEF,E.HONDA,4.983
202601,41,ZANGIEF,TERRY,4.969
202601,41,ZANGIEF,JURI,4.963
202601,41,ZANGIEF,GOUKI,4.955
202601,41,ZANGIEF,JAMIE,4.858
202601,41,ZANGIEF,MANON,4.843
202601,41,ZANGIEF,CHUN-LI,4.817
202601,41,ZANGIEF,ELENA,4.817
202601,41,ZANGIEF,MARISA,4.795
202601,41,ZANGIEF,SAGAT,4.795
202601,41,ZANGIEF,RASHID,4.794
202601,41,ZANGIEF,C.VIPER,4.782
202601,41,ZANGIEF,LUKE,4.751
202601,41,ZANGIEF,BLANKA,4.741
202601,41,ZANGIEF,RYU,4.739
202601,41,ZANGIEF,A.K.I.,4.704
202601,41,ZANGIEF,ED,4.66
202601,41,ZANGIEF,JP,4.411
202601,41,ZANGIEF,LILY,4.236
202601,41,ZANGIEF,DHALSIM,4.04
202602,41,ZANGIEF,GUILE,5.424
202602,41,ZANGIEF,VEGA,5.386
202602,41,ZANGIEF,KEN,5.354
202602,41,ZANGIEF,E.HONDA,5.283
202602,41,ZANGIEF,MAI,5.241
202602,41,ZANGIEF,DEE JAY,5.228
202602,41,ZANGIEF,RASHID,5.22
202602,41,ZANGIEF,CHUN-LI,5.187
202602,41,ZANGIEF,JAMIE,5.133
202602,41,ZANGIEF,CAMMY,5.128
202602,41,ZANGIEF,C.VIPER,5.101
202602,41,ZANGIEF,TERRY,5.086
202602,41,ZANGIEF,KIMBERLY,5.073
202602,41,ZANGIEF,GOUKI,5.045
202602,41,ZANGIEF,SAGAT,5.027
202602,41,ZANGIEF,LUKE,4.99
202602,41,ZANGIEF,JURI,4.962
202602,41,ZANGIEF,A.K.I.,4.889
202602,41,ZANGIEF,MARISA,4.884
202602,41,ZANGIEF,MANON,4.875
202602,41,ZANGIEF,ED,4.773
202602,41,ZANGIEF,ELENA,4.708
202602,41,ZANGIEF,BLANKA,4.637
202602,41,ZANGIEF,RYU,4.627
202602,41,ZANGIEF,JP,4.442
202602,41,ZANGIEF,DHALSIM,4.359
202602,41,ZANGIEF,LILY,3.843
202603,41,ZANGIEF,VEGA,5.561
202603,41,ZANGIEF,E.HONDA,5.394
202603,41,ZANGIEF,CAMMY,5.344
202603,41,ZANGIEF,KEN,5.292
202603,41,ZANGIEF,GUILE,5.267
202603,41,ZANGIEF,MAI,5.155
202603,41,ZANGIEF,RASHID,5.141
202603,41,ZANGIEF,JURI,5.055
202603,41,ZANGIEF,GOUKI,5.044
202603,41,ZANGIEF,DEE JAY,5.037
202603,41,ZANGIEF,KIMBERLY,4.987
202603,41,ZANGIEF,ALEX,4.956
202603,41,ZANGIEF,TERRY,4.948
202603,41,ZANGIEF,CHUN-LI,4.923
202603,41,ZANGIEF,ELENA,4.857
202603,41,ZANGIEF,LUKE,4.854
202603,41,ZANGIEF,A.K.I.,4.838
202603,41,ZANGIEF,MARISA,4.813
202603,41,ZANGIEF,JAMIE,4.799
202603,41,ZANGIEF,RYU,4.784
202603,41,ZANGIEF,SAGAT,4.701
202603,41,ZANGIEF,MANON,4.652
202603,41,ZANGIEF,BLANKA,4.652
202603,41,ZANGIEF,ED,4.576
202603,41,ZANGIEF,C.VIPER,4.538
202603,41,ZANGIEF,JP,4.341
202603,41,ZANGIEF,LILY,4.201
202603,41,ZANGIEF,DHALSIM,3.653
202604,41,ZANGIEF,GUILE,5.46
202604,41,ZANGIEF,VEGA,5.443
202604,41,ZANGIEF,CAMMY,5.289
202604,41,ZANGIEF,E.HONDA,5.181
202604,41,ZANGIEF,ALEX,5.163
202604,41,ZANGIEF,DEE JAY,5.151
202604,41,ZANGIEF,KIMBERLY,5.147
202604,41,ZANGIEF,JURI,5.121
202604,41,ZANGIEF,RASHID,5.088
202604,41,ZANGIEF,GOUKI,5.058
202604,41,ZANGIEF,KEN,5.043
202604,41,ZANGIEF,JAMIE,4.99
202604,41,ZANGIEF,CHUN-LI,4.971
202604,41,ZANGIEF,TERRY,4.968
202604,41,ZANGIEF,MAI,4.962
202604,41,ZANGIEF,MARISA,4.907
202604,41,ZANGIEF,LUKE,4.902
202604,41,ZANGIEF,RYU,4.841
202604,41,ZANGIEF,ELENA,4.84
202604,41,ZANGIEF,C.VIPER,4.769
202604,41,ZANGIEF,MANON,4.722
202604,41,ZANGIEF,SAGAT,4.715
202604,41,ZANGIEF,BLANKA,4.709
202604,41,ZANGIEF,A.K.I.,4.698
202604,41,ZANGIEF,ED,4.587
202604,41,ZANGIEF,LILY,4.557
202604,41,ZANGIEF,JP,4.192
202604,41,ZANGIEF,DHALSIM,3.737
202605,41,ZANGIEF,ALEX,5.339
202605,41,ZANGIEF,VEGA,5.338
202605,41,ZANGIEF,CHUN-LI,5.309
202605,41,ZANGIEF,CAMMY,5.288
202605,41,ZANGIEF,DEE JAY,5.238
202605,41,ZANGIEF,MAI,5.17
202605,41,ZANGIEF,LUKE,5.14
202605,41,ZANGIEF,TERRY,5.139
202605,41,ZANGIEF,GUILE,5.133
202605,41,ZANGIEF,KEN,5.105
202605,41,ZANGIEF,E.HONDA,5.075
202605,41,ZANGIEF,GOUKI,5.038
202605,41,ZANGIEF,JAMIE,5.03
202605,41,ZANGIEF,RASHID,5.007
202605,41,ZANGIEF,BLANKA,4.957
202605,41,ZANGIEF,MANON,4.949
202605,41,ZANGIEF,RYU,4.945
202605,41,ZANGIEF,KIMBERLY,4.889
202605,41,ZANGIEF,ELENA,4.887
202605,41,ZANGIEF,MARISA,4.848
202605,41,ZANGIEF,JURI,4.842
202605,41,ZANGIEF,SAGAT,4.809
202605,41,ZANGIEF,A.K.I.,4.797
202605,41,ZANGIEF,C.VIPER,4.732
202605,41,ZANGIEF,ED,4.636
202605,41,ZANGIEF,INGRID,4.486
202605,41,ZANGIEF,JP,4.283
202605,41,ZANGIEF,LILY,4.04
202605,41,ZANGIEF,DHALSIM,3.894
202601,42,ZANGIEF,GUILE,5.738
202601,42,ZANGIEF,VEGA,5.53
202601,42,ZANGIEF,E.HONDA,5.47
202601,42,ZANGIEF,CAMMY,5.34
202601,42,ZANGIEF,MAI,5.274
202601,42,ZANGIEF,KIMBERLY,5.262
202601,42,ZANGIEF,KEN,5.192
202601,42,ZANGIEF,DEE JAY,5.159
202601,42,ZANGIEF,BLANKA,5.149
202601,42,ZANGIEF,RASHID,5.112
202601,42,ZANGIEF,JAMIE,5.086
202601,42,ZANGIEF,CHUN-LI,5.073
202601,42,ZANGIEF,LUKE,5.009
202601,42,ZANGIEF,TERRY,4.979
202601,42,ZANGIEF,GOUKI,4.961
202601,42,ZANGIEF,ELENA,4.94
202601,42,ZANGIEF,SAGAT,4.884
202601,42,ZANGIEF,JURI,4.877
202601,42,ZANGIEF,C.VIPER,4.851
202601,42,ZANGIEF,A.K.I.,4.813
202601,42,ZANGIEF,ED,4.792
202601,42,ZANGIEF,MANON,4.745
202601,42,ZANGIEF,MARISA,4.74
202601,42,ZANGIEF,JP,4.62
202601,42,ZANGIEF,LILY,4.594
202601,42,ZANGIEF,RYU,4.582
202601,42,ZANGIEF,DHALSIM,3.775
202602,42,ZANGIEF,GUILE,5.951
202602,42,ZANGIEF,KEN,5.481
202602,42,ZANGIEF,E.HONDA,5.363
202602,42,ZANGIEF,MAI,5.309
202602,42,ZANGIEF,VEGA,5.294
202602,42,ZANGIEF,DEE JAY,5.223
202602,42,ZANGIEF,LUKE,5.197
202602,42,ZANGIEF,KIMBERLY,5.172
202602,42,ZANGIEF,RASHID,5.167
202602,42,ZANGIEF,JAMIE,5.159
202602,42,ZANGIEF,CAMMY,5.13
202602,42,ZANGIEF,CHUN-LI,5.119
202602,42,ZANGIEF,JURI,5.116
202602,42,ZANGIEF,JP,5.0
202602,42,ZANGIEF,ED,4.981
202602,42,ZANGIEF,MANON,4.926
202602,42,ZANGIEF,TERRY,4.897
202602,42,ZANGIEF,A.K.I.,4.894
202602,42,ZANGIEF,MARISA,4.842
202602,42,ZANGIEF,BLANKA,4.833
202602,42,ZANGIEF,GOUKI,4.784
202602,42,ZANGIEF,ELENA,4.722
202602,42,ZANGIEF,RYU,4.683
202602,42,ZANGIEF,SAGAT,4.682
202602,42,ZANGIEF,LILY,4.655
202602,42,ZANGIEF,C.VIPER,4.423
202602,42,ZANGIEF,DHALSIM,4.335
202603,42,ZANGIEF,GUILE,5.417
202603,42,ZANGIEF,KEN,5.415
202603,42,ZANGIEF,VEGA,5.406
202603,42,ZANGIEF,MAI,5.363
202603,42,ZANGIEF,CAMMY,5.274
202603,42,ZANGIEF,BLANKA,5.246
202603,42,ZANGIEF,E.HONDA,5.241
202603,42,ZANGIEF,A.K.I.,5.222
202603,42,ZANGIEF,JAMIE,5.185
202603,42,ZANGIEF,LUKE,5.127
202603,42,ZANGIEF,JURI,5.067
202603,42,ZANGIEF,DEE JAY,5.056
202603,42,ZANGIEF,CHUN-LI,5.055
202603,42,ZANGIEF,ELENA,4.977
202603,42,ZANGIEF,SAGAT,4.976
202603,42,ZANGIEF,GOUKI,4.975
202603,42,ZANGIEF,RASHID,4.972
202603,42,ZANGIEF,MANON,4.956
202603,42,ZANGIEF,MARISA,4.94
202603,42,ZANGIEF,KIMBERLY,4.889
202603,42,ZANGIEF,ALEX,4.889
202603,42,ZANGIEF,ED,4.877
202603,42,ZANGIEF,TERRY,4.8
202603,42,ZANGIEF,C.VIPER,4.782
202603,42,ZANGIEF,RYU,4.692
202603,42,ZANGIEF,JP,4.619
202603,42,ZANGIEF,LILY,4.582
202603,42,ZANGIEF,DHALSIM,4.147
202604,42,ZANGIEF,VEGA,5.495
202604,42,ZANGIEF,ALEX,5.371
202604,42,ZANGIEF,E.HONDA,5.356
202604,42,ZANGIEF,KEN,5.356
202604,42,ZANGIEF,RASHID,5.345
202604,42,ZANGIEF,GUILE,5.339
202604,42,ZANGIEF,CAMMY,5.294
202604,42,ZANGIEF,KIMBERLY,5.242
202604,42,ZANGIEF,LUKE,5.238
202604,42,ZANGIEF,TERRY,5.177
202604,42,ZANGIEF,BLANKA,5.171
202604,42,ZANGIEF,CHUN-LI,5.127
202604,42,ZANGIEF,MAI,5.079
202604,42,ZANGIEF,A.K.I.,5.07
202604,42,ZANGIEF,DEE JAY,5.053
202604,42,ZANGIEF,JAMIE,5.037
202604,42,ZANGIEF,MARISA,5.017
202604,42,ZANGIEF,RYU,5.0
202604,42,ZANGIEF,GOUKI,4.939
202604,42,ZANGIEF,JURI,4.883
202604,42,ZANGIEF,ED,4.845
202604,42,ZANGIEF,C.VIPER,4.792
202604,42,ZANGIEF,SAGAT,4.724
202604,42,ZANGIEF,ELENA,4.682
202604,42,ZANGIEF,MANON,4.672
202604,42,ZANGIEF,JP,4.506
202604,42,ZANGIEF,LILY,4.293
202604,42,ZANGIEF,DHALSIM,4.055
202605,42,ZANGIEF,KIMBERLY,5.598
202605,42,ZANGIEF,GUILE,5.489
202605,42,ZANGIEF,KEN,5.306
202605,42,ZANGIEF,LUKE,5.287
202605,42,ZANGIEF,VEGA,5.273
202605,42,ZANGIEF,RASHID,5.263
202605,42,ZANGIEF,BLANKA,5.239
202605,42,ZANGIEF,CAMMY,5.223
202605,42,ZANGIEF,E.HONDA,5.2
202605,42,ZANGIEF,JAMIE,5.148
202605,42,ZANGIEF,CHUN-LI,5.079
202605,42,ZANGIEF,MAI,5.071
202605,42,ZANGIEF,ELENA,5.058
202605,42,ZANGIEF,ED,5.038
202605,42,ZANGIEF,TERRY,4.985
202605,42,ZANGIEF,ALEX,4.952
202605,42,ZANGIEF,DEE JAY,4.929
202605,42,ZANGIEF,GOUKI,4.858
202605,42,ZANGIEF,SAGAT,4.826
202605,42,ZANGIEF,MANON,4.81
202605,42,ZANGIEF,MARISA,4.792
202605,42,ZANGIEF,JURI,4.773
202605,42,ZANGIEF,RYU,4.769
202605,42,ZANGIEF,JP,4.739
202605,42,ZANGIEF,INGRID,4.708
202605,42,ZANGIEF,C.VIPER,4.631
202605,42,ZANGIEF,A.K.I.,4.63
202605,42,ZANGIEF,DHALSIM,4.165
202605,42,ZANGIEF,LILY,4.161
